Patient ID,Disease,240,244,460,998,1303,2758,2879,3102,4133,7147,7222,7410,7500,7602,7720,7874,8133,8194,8343,8814,9231,9268,10914,11006,11169,11170,11172,11230,12053,12160,12388,14257,15600,16663,16821,17100,17835,19602,21205,21630,22568,23229,23284,29996,31236,31355,41209,73219,75084,85781,90232,103653,136569,137353,141033,146102,160669,520958,537332,551986,557859,558880,567717,574439,575987,622436,637516,5370158,5370325,6041429,6429350,9602988,13544681,13596727,91713521,91726212,91731726,91742720
bronchi_1,bronchi,316197.5,288411.06,189616.34,2146.9812,616928.5,38705.754,1480077.0,23224.79,202087.16,21666.385,21476.21,572371.06,2394.6338,39078.48,1609430.1,294133.4,117901.945,8489.097,17267.52,10176.764,137877.0,859431.2,14899.172,29160.13,4025.5142,60480.727,18420.098,19472.932,1905963.6,74263.57,58059.516,367651.6,48057.773,31815.63,4426.565,841527.25,38911.5,45723.676,6166.712,33851.16,18019.201,5344.3,96965.75,250467.98,90494.67,63294.63,21321.168,10606.855,2772.9038,13615.95,760293.4,9192.572,49281.137,3301.1035,24778.055,12023.161,31.68444,11471.518,1558.847,4808.5747,2599.9604,13055.896,3566.2087,8286905.0,111910.586,255076.5,3094.8594,11190.591,12320.721,562083.0,5283.028,2026325.6,5864.3584,12351.476,67120.24,4417.1045,327449.4,54098.52
bronchi_2,bronchi,73496.63,214243.42,54556.48,1722.3435,348327.56,24439.508,852173.94,30038.812,7469.5938,22333.0,21838.803,381529.44,47860.277,19341.037,392937.25,244306.34,21944.3,8109.1426,5966.1123,5700.085,140513.03,1006217.3,1429.8953,11359.799,2895.139,61849.5,20594.03,19252.625,1755586.4,29790.549,31123.893,269432.25,35695.37,17723.707,1963.6489,521228.72,30068.537,15014.66,4571.592,13927.239,6415.9297,1269.4994,64835.51,178077.23,31374.89,62557.332,18509.486,18799.336,3128.7964,14101.612,632200.94,13514.093,55916.84,5204.5854,9314.667,9017.289,31.84407,11583.649,1898.327,5567.828,1881.1171,14471.639,1379.6912,8032663.5,1939681.8,112161.46,2588.5776,6512.228,8671.341,374267.0,5123.9146,1627847.4,200237.6,7784.9517,23656.105,5034.7354,123931.97,21553.3
bronchi_3,bronchi,119743.57,54695.055,47099.477,3461.014,90163.62,6932.3745,1995.8517,10246.88,4274.249,23886.395,8788.517,364410.78,98687.38,32041.818,570416.44,123047.055,111057.8,20710.652,5383.322,5427.296,28525.256,629215.75,459932.2,12582.523,6967.9995,25214.732,10127.7295,16020.539,1428414.4,20208.172,103013.94,357074.9,25648.146,16403.998,5068.1753,70996.62,52479.023,25922.688,16506.023,3431.4165,760.18634,1859.9218,109772.71,120821.51,3783.8044,51263.816,4699.8506,12128.094,8019.711,8644.429,508015.12,2788.109,18437.814,24746.195,7691.99,17708.736,86989.914,3110.1968,2204.7502,5008.1855,2581.6338,2232.4106,2432.654,6646914.0,2346.851,148650.08,2354.228,32071.84,764.1857,76672.3,13641.947,1641367.5,63318.598,32040.963,4944.0796,2318.7532,235154.88,15529.607
bronchi_4,bronchi,450509.22,57486.234,20456.611,645.88153,153334.25,24125.598,1445008.1,9702.293,9057.716,12560.905,4134.9517,169842.39,274675.1,13854.083,426575.4,180577.69,219012.22,7130.2783,2443.6033,2691.9324,105588.9,974948.6,582125.8,12130.882,3206.322,124267.38,32664.553,8645.648,241560.48,23710.201,21360.654,154307.58,49953.777,7107.2334,1912.176,263929.06,20381.578,93348.44,7461.398,88850.44,817.8661,269.58594,57912.914,99312.12,5340.57,104616.625,22480.664,2719.3022,2060.3264,7948.805,523621.7,5109.5947,25207.639,2544.8584,4600.389,16247.13,47457.074,4902.1445,1978.9719,14192.295,1508.5533,17994.299,906.80786,8313224.0,3559954.0,38079.613,1487.7096,3253.734,11956.095,45461.137,4875.5127,2058114.0,53571.242,6112.6187,32254.658,1499.9338,79013.805,9218.297
bronchi_5,bronchi,375421.7,58476.957,193672.9,4725.041,170890.36,8607.619,6055.0537,17634.596,3320.9077,36451.215,20966.59,685751.8,72345.086,11226.199,1008223.0,101405.62,90449.46,11710.819,4393.3706,3326.158,41243.875,437195.16,225375.83,7461.768,3854.5168,28937.393,11122.872,33652.586,3643621.8,19048.342,71427.26,414381.03,32960.555,20845.166,1981.3525,140174.28,49044.03,20817.53,5786.292,1265.9198,7893.411,859.1442,159866.78,123375.24,7811.4976,26384.896,3747.6348,3195.9697,4755.8022,9737.911,366431.72,2285.6873,53875.785,13266.055,19460.64,9072.051,71405.53,1886.9282,2421.991,7223.621,6417.184,9059.937,1266.2177,6892240.0,32649.57,131123.7,8271.743,36038.7,992.71423,174107.73,12634.1,1199797.9,154756.03,39600.953,19847.27,2351.4177,82887.26,9999.44
bronchi_6,bronchi,447522.4,274280.88,583076.5,13514.699,778653.6,35883.27,16490.729,12880.884,1177721.0,83469.43,42814.754,1004829.75,67515.08,34034.285,1844900.8,109825.91,290478.28,4882.703,5229.123,13352.014,36215.277,64643.125,506502.4,12153.371,4837.323,42487.477,13188.294,38891.504,5642367.5,69083.16,103394.24,393755.78,35612.742,68923.57,4584.3955,715104.6,89163.836,38592.887,6110.73,10139.985,10839.716,8138.1675,117582.15,157015.86,67739.586,39768.35,7397.678,1854.0452,2448.7644,48144.062,986204.0,37700.3,199585.19,8744.236,28823.527,12775.542,84266.55,7352.8193,6993.7676,4507.9873,3677.872,7212.764,8343.309,5319935.0,3446541.8,358099.0,19840.93,3130.2952,8063.022,145710.55,12801.033,463257.06,260141.94,5949.331,17487.078,13867.064,137010.19,24667.8
bronchi_7,bronchi,33442.32,529574.75,377871.03,11622.881,873985.75,11093.134,863108.5,36665.777,2798.255,33570.426,47362.215,760886.75,75002.734,6679.803,1111244.4,146256.3,67605.86,12375.082,29319.752,23690.738,121797.12,1110006.2,230072.31,17460.613,5307.3477,44718.34,14615.031,25667.281,5406201.5,173400.5,65907.68,536934.94,34419.13,48062.676,13478.348,754725.75,99828.88,16841.438,6161.2734,194457.81,8597.757,15366.29,174353.31,229926.22,104130.98,119602.734,13992.318,37928.293,23816.945,44228.883,780055.4,38617.664,36536.76,1378.0115,25417.568,6122.684,12669.068,20189.523,6519.4434,7552.467,3162.7554,13972.128,48573.57,6230861.0,2888522.5,116339.45,17569.68,19958.16,14604.4,56283.758,15520.561,671190.06,79386.48,11074.528,28951.332,22470.676,25601.639,47161.188
bronchi_8,bronchi,171197.52,294825.7,326850.06,9927.986,415306.0,9817.1875,5259.9434,49566.02,79814.48,51969.516,45551.19,584571.44,33180.004,22605.254,1424280.5,189186.45,134857.1,10465.727,4736.521,12039.697,82246.766,818718.4,624919.0,14579.795,4072.756,71941.97,32545.549,40392.24,3739969.2,16232.2295,95673.77,397587.66,38188.207,34539.348,3556.808,551102.0,70435.17,13425.105,6319.8735,2404.277,16940.51,33521.83,161993.78,147751.19,99611.01,100258.03,8466.182,19660.307,6080.5137,29905.695,998031.8,19408.168,220017.92,733.45886,46863.75,8961.627,92500.44,11623.49,3661.8,9493.376,27148.115,1934.9725,16619.87,7426548.5,1615330.2,382214.1,14218.6875,15264.029,12234.537,351521.84,14742.26,501805.5,221520.98,11363.689,32391.064,20880.045,125900.2,35634.62
bronchi_9,bronchi,179133.28,238977.89,392371.06,8580.111,590114.5,15580.894,35580.05,58230.086,20104.709,48693.14,44205.945,683391.7,21766.11,12606.98,989640.06,141690.89,237985.6,8700.593,3734.2454,12583.016,89147.766,633006.94,599909.0,11236.397,5112.5396,67686.375,37186.8,23608.615,2957890.5,14220.586,92968.63,396255.97,31457.676,38606.324,3471.953,578942.94,72692.336,6777.9473,4716.62,2459.9058,15800.498,7615.0933,153853.67,112288.08,81622.2,87367.05,8966.124,7877.3765,5881.6177,40097.125,755484.75,26523.61,176448.42,1376.3528,38805.695,8269.724,97312.96,12503.163,3319.954,12389.324,38978.168,5561.395,15691.696,6660220.0,4378609.5,202321.64,17111.906,10037.164,12475.754,187579.97,11506.747,196385.8,85559.61,9575.984,26622.928,18666.875,65858.61,33351.227
bronchi_10,bronchi,84346.54,333075.16,440139.47,9738.85,793569.1,13039.458,56632.39,27544.506,79176.586,39493.16,43524.4,819967.8,11755.111,19189.912,1479102.0,88699.66,43869.83,10462.8125,23173.393,15469.147,80802.93,271079.72,117930.17,14368.972,3941.1514,38380.477,11279.562,24343.527,4784538.5,52684.58,62900.96,402747.62,19770.455,44066.742,7988.159,683000.1,86655.15,17931.836,7831.2817,80277.78,10966.268,37521.777,111592.25,176274.52,72610.164,59338.51,9432.553,8973.755,7680.8906,44098.82,728069.2,28770.768,71608.82,17599.63,28249.867,11235.829,17346.021,10986.599,4929.9424,4715.518,4712.0737,7847.0503,22983.643,962863.5,2467700.5,136677.92,13621.042,7725.002,7344.065,44801.496,15635.809,392893.03,263480.66,8393.394,13114.59,16486.766,79994.016,27856.74
bronchi_11,bronchi,417488.12,227811.88,606345.9,13420.497,750004.5,18122.47,4904.8154,10564.118,1570045.6,93708.8,30918.309,912732.56,62864.68,52645.754,1678765.0,214598.2,210473.97,5313.6694,5691.9297,9760.125,20996.406,96883.57,366304.53,11021.695,4860.6255,74659.82,20679.764,52369.832,4861024.5,65801.8,138106.9,437745.44,32126.3,67924.15,4641.1816,650929.4,97766.164,54623.324,5636.1377,5159.698,6342.767,8123.665,106614.22,130991.47,57947.39,61066.11,11300.742,2458.117,2587.8293,28455.072,1082033.8,21777.53,204871.98,4574.484,15082.058,14604.08,84216.81,6527.377,6161.82,6055.1113,5173.961,2256.325,3485.107,5456267.5,623972.7,899487.4,17351.068,3574.816,7628.52,469133.72,13619.457,946948.1,200100.34,6421.0845,9799.282,7288.984,183598.67,20445.338
bronchi_12,bronchi,282362.62,290291.06,371953.44,13595.331,852819.5,18533.121,1521731.6,36190.9,6081.2095,58224.367,46541.46,924392.1,132362.89,17595.705,1197617.8,101453.21,210257.9,18094.424,8940.164,15328.116,100458.07,731882.06,309030.4,12764.374,6042.586,107184.92,30759.605,31035.475,5337101.0,68131.3,55378.914,410072.34,41187.35,27978.363,9487.067,561840.75,83326.74,62286.703,7465.5127,42058.2,2767.939,5841.291,149520.78,171140.55,59770.45,103161.305,13900.182,27782.611,6383.93,41115.14,750483.9,30475.229,42285.52,3350.645,11515.079,12185.835,75678.99,24339.977,9615.293,20377.242,7967.5913,8913.753,11694.0,7987182.0,7841201.0,104279.945,15814.82,8201.949,12445.817,107737.93,13964.281,1623271.0,449397.8,9644.758,12354.916,6296.4316,84089.69,23617.354
bronchi_13,bronchi,4060.6062,99181.03,131360.89,2967.1826,303286.22,3665.6829,199558.92,86915.12,572.72626,31066.242,29373.46,408042.62,146435.36,12052.15,70665.15,89658.23,1894.0408,17382.057,18754.28,5053.8613,86102.31,485095.44,27458.424,14450.109,7683.4404,62174.12,30311.832,35810.074,1990746.4,69971.13,81422.234,298127.5,4020.6902,15968.551,15966.678,132914.28,54691.04,9361.257,6304.5625,11904.05,5553.5073,44898.633,213626.23,150569.95,20231.08,108867.25,14146.631,32910.297,10019.498,51740.938,953095.4,20437.871,52734.14,2474.462,9235.528,7516.893,704.67413,17730.047,21650.604,17974.643,5263.14,8803.45,32044.262,46157.16,4280591.0,47738.06,9389.549,25816.4,10093.535,34313.1,16908.695,1796.6217,37570.547,17598.355,7545.727,15095.514,1853.412,16440.994
bronchi_14,bronchi,5757.57,443536.53,283128.44,6277.7095,611692.1,3238.4333,11046.489,81324.14,4500.597,42177.457,47554.617,358951.06,39488.902,25824.059,459929.53,154696.28,3562.319,17011.473,33625.57,12598.122,67804.6,531922.3,222897.38,29841.191,4807.4834,45946.22,16259.282,26593.213,3593995.0,60996.38,133761.17,410188.12,13676.874,42535.844,17799.768,211111.03,94389.74,13694.352,7340.7036,125098.305,17627.316,42310.973,103742.414,208594.6,85165.19,104255.68,14641.274,26927.105,18338.64,57339.82,1115490.5,34649.742,32357.07,7809.7173,24390.098,8413.238,1981.6154,25606.133,7414.038,6375.8066,2768.916,7638.626,43177.855,84825.555,2025023.6,154935.31,9218.561,29007.242,13745.659,142994.2,17854.156,106789.24,175429.61,15975.437,21931.58,17828.99,20768.965,27234.367
bronchi_15,bronchi,21650.914,341271.8,322831.2,3742.0654,714458.4,22165.346,285292.2,107342.46,24848.006,61795.73,51789.023,568614.9,7062.0063,19834.309,869914.44,294945.47,10386.027,8404.785,7588.6284,16307.519,137163.69,1006937.3,7342.23,15599.658,3364.7034,113444.64,32284.973,70756.38,4390070.5,31583.21,159885.69,440104.22,23103.02,43253.855,6386.33,852521.9,74791.164,13356.217,5207.9375,3629.8247,28861.047,41167.363,128013.3,231129.23,229142.33,90270.305,19797.682,37765.867,16994.008,41940.277,962657.9,33618.1,177155.92,1787.3351,58077.902,6271.994,192.94595,23315.516,3462.1367,16461.201,37397.918,2291.925,23763.854,1432762.4,970012.9,293798.12,12576.729,45248.973,9886.835,420707.56,14248.879,897551.6,174411.69,17074.947,32581.979,18565.338,85193.05,71286.05
bronchi_16,bronchi,156094.52,206556.02,193894.67,9471.426,359972.62,12418.498,27703.975,42965.61,7399.2944,28357.814,35520.11,605028.9,22016.246,8234.644,663300.2,45921.38,142359.58,14131.528,6597.519,8441.597,92295.3,701465.9,199260.34,12154.368,4377.462,47543.824,18272.89,20098.766,4133378.0,11068.352,41945.96,303588.06,31041.662,14283.207,5423.6523,313566.3,52432.45,15128.461,7093.898,3010.6672,8938.28,23809.088,181290.33,116576.13,46949.418,59686.145,6508.5146,16444.02,10637.867,32618.012,450616.22,18628.762,83662.695,6163.413,35570.043,9393.186,81211.375,8106.15,4703.3306,7337.7915,12626.462,5748.126,13464.767,6613610.0,1331641.9,34629.59,13422.084,12127.006,6347.3545,22804.602,13575.377,259620.23,103837.734,13793.488,14741.711,11650.672,96400.625,18051.281
bronchi_17,bronchi,70213.25,257624.16,278976.12,7923.2734,338347.44,9851.461,76221.01,31551.54,3070.2224,24981.76,35618.992,478213.7,19579.023,5433.128,576058.7,39240.637,174039.5,7794.67,3541.2515,6837.7837,105971.13,555841.4,201168.02,11551.401,3432.1138,38187.66,15266.781,18709.527,3361293.8,12604.336,62677.305,282198.16,28161.904,21106.67,2108.0647,336556.2,49890.74,4619.672,5292.026,2071.4802,9840.624,8172.556,183709.72,95454.22,29336.002,60892.105,4963.6094,8781.303,9617.256,14931.292,361487.0,8814.011,85693.125,3313.1487,30154.746,6649.8105,67653.72,3621.1785,4423.7495,7740.616,12470.793,5169.6,20725.098,4778355.5,2629377.5,47157.95,13497.953,28606.797,2403.6682,38635.24,9648.272,34251.996,47597.996,16306.928,21327.615,17339.025,42331.72,13031.998
bronchi_18,bronchi,6654.3345,149694.28,74082.55,1810.1306,414695.3,7742.7056,1004.5137,98102.96,495.4635,29680.742,36277.395,131474.56,69832.94,14357.834,30852.121,217840.28,6245.8696,11980.499,3064.6917,7481.9653,113008.72,1060395.1,86108.06,20838.348,3895.131,26707.41,13680.031,27486.748,2004445.6,9103.68,103170.16,224849.0,20360.168,27436.227,4293.4097,193512.66,63295.656,3932.0076,6630.4053,2997.0269,27034.588,6799.412,233456.42,231636.98,31752.703,102015.26,17040.557,28736.49,7870.197,20076.658,931212.3,18089.352,43100.016,912.1423,38798.848,7598.341,667.71326,10713.162,7408.708,4617.5527,3765.969,11886.283,9632.008,1055923.6,417574.12,105247.875,6764.539,44137.613,9993.243,368560.47,12415.68,46171.645,17682.596,24915.803,45639.29,11124.05,7043.944,25348.043
bronchi_19,bronchi,304859.7,37635.207,58719.832,4790.5737,97248.2,3463.2432,7835.9736,13902.6875,807.4485,20138.754,13161.893,480062.47,33733.207,30302.582,668202.94,207864.02,29123.639,17023.451,6301.767,2984.1912,17470.043,469886.84,63697.32,7430.356,5046.3467,26154.803,9519.262,10621.018,2196482.8,19837.637,119421.85,358220.6,42801.242,29021.742,2653.865,9614.944,52260.617,16902.102,5691.289,1710.9712,3956.5427,3320.9773,137522.44,110638.74,2688.0508,49453.973,4528.71,4667.54,2341.0544,6920.3047,566029.2,2394.8474,11490.132,16066.351,9428.775,12372.285,12220.414,2322.5615,2145.176,7018.801,4750.602,16659.67,919.22906,4918142.0,26485.945,236804.47,2261.4187,36918.168,947.3417,390719.84,17148.06,1363646.0,127019.51,27563.242,4866.0347,865.7553,126169.92,8572.896
bronchi_20,bronchi,413397.78,83057.31,422349.72,8448.508,515804.16,10479.971,21787.793,38282.47,4013.984,48073.45,34455.156,739812.56,246609.75,12316.973,501596.44,69275.94,328686.5,11535.547,5080.125,11272.722,35269.37,265957.25,975698.3,16616.46,6491.8057,120035.24,48527.13,26439.986,4069447.2,8256.813,70926.03,385081.44,29101.871,18900.566,10496.557,91407.59,52687.39,10652.802,10034.914,2704.5164,16059.518,4683.98,136292.9,113595.125,59056.348,121213.8,20001.168,5021.201,8776.3545,49747.586,621962.25,30165.045,41041.723,9521.832,22677.268,12292.609,104789.27,20587.863,4277.194,17890.43,19274.416,15319.201,14373.673,8058752.0,1677857.4,52479.074,12744.935,5418.9414,10672.999,52401.758,11098.33,1526109.0,270881.5,13852.907,4751.2817,13303.965,95090.97,23342.703
bronchi_21,bronchi,246202.03,261503.3,275772.25,10154.125,478535.3,8725.449,1835.8268,18840.258,44134.375,44483.246,26089.133,497193.4,56650.055,32023.854,1314622.4,109873.89,120124.23,12054.634,7940.273,12522.042,44888.484,321999.44,565380.75,14721.227,5693.635,43740.78,14292.133,30105.926,3339560.0,33312.668,35359.33,340859.38,26505.604,23236.422,5468.4463,374465.53,56721.742,26633.748,9318.897,17562.727,2981.815,16187.025,105407.29,139979.64,33868.63,51403.684,7869.589,7362.9604,6902.822,38014.77,673939.75,19406.705,65426.156,17983.508,21304.42,14573.775,91067.73,7238.139,3084.0076,3893.4854,3349.8142,3582.1724,13884.03,5565098.0,75512.45,135308.62,8429.352,4917.7827,5360.5967,43611.195,13548.654,845713.25,149954.19,8450.837,8433.066,11285.706,143846.19,23340.166
bronchi_22,bronchi,46326.332,63448.258,83862.164,6061.653,121795.73,3037.0076,4776.798,14390.736,383.68674,12717.214,12800.436,94779.6,7075.6055,7629.437,360000.78,109921.37,14811.344,12139.007,4291.784,3410.098,41423.473,524693.44,30991.197,6490.202,4749.7183,25916.234,7982.135,9667.201,1226038.4,5944.6797,45355.56,163056.6,30234.428,11938.854,2080.1116,19874.166,30296.197,3068.89,5785.3315,6670.0493,2834.9421,2971.569,145312.55,96536.414,2263.735,33136.363,4790.6465,3542.3528,3524.3604,7544.115,362135.34,4049.1763,13639.618,4604.7837,10235.773,7088.095,3712.4124,2245.2268,2466.3118,6145.802,4260.2544,8200.502,4651.7793,974147.5,81968.71,23038.31,2810.0176,25668.26,957.5546,51569.355,12710.605,126873.74,79149.41,20196.379,6881.1484,4228.6255,29081.424,8311.189
bronchi_23,bronchi,290566.12,64774.016,218434.22,8948.764,351942.5,4086.3726,5669.3403,13877.464,17089.871,31803.68,18854.477,611804.75,28595.885,36439.152,955633.8,117609.4,66324.59,12525.435,5517.0923,4038.414,38809.062,269050.2,210900.34,10907.655,3369.1423,31161.643,11675.177,15526.29,2833085.5,23545.363,119612.55,357696.6,36027.46,39363.582,3248.8057,95766.43,68605.12,19451.715,8123.4946,2258.9377,6113.662,7092.2134,116917.5,102382.016,10908.986,29932.717,5116.7983,8100.2603,3964.4841,10112.373,491749.25,3060.8376,30383.234,15143.864,12995.148,11905.129,55973.285,2584.0227,2714.4941,6042.8335,4519.621,1827.2554,1258.3535,5011027.0,234070.16,435507.3,5318.4814,16822.383,1308.8971,275277.72,15226.589,987053.7,248162.14,18893.846,7616.19,1923.3933,154816.11,9928.498
bronchi_24,bronchi,188772.66,92410.234,82093.33,5951.539,227889.45,4971.0576,1849.9012,11834.17,12640.09,16941.254,12529.533,458600.7,44981.91,9916.866,681791.6,132216.3,51373.74,9185.473,4041.474,6597.714,21331.236,350892.2,171516.19,6514.272,4693.2515,46916.7,12513.471,11867.864,2355100.5,22469.926,21490.613,278650.4,17609.0,9219.933,2458.3303,147474.0,35960.66,7662.743,5951.908,12217.967,1689.6688,2056.4543,114542.32,78550.6,4450.27,37682.29,6996.7637,2054.8882,3491.3994,19812.414,418122.84,18103.537,18123.576,17167.518,8557.465,12236.544,89137.56,5025.432,1777.2662,4625.4834,3209.6519,5754.7915,3987.8408,5441047.5,3983.2825,24688.441,5212.4004,4309.938,2209.1038,33527.97,10099.081,941440.06,112617.1,6988.5664,3833.8604,9971.734,92843.086,12474.374
bronchi_25,bronchi,411430.84,27561.191,80114.336,6702.8174,123453.16,8719.775,8231.659,12774.08,2348.5981,20283.494,9261.745,647818.06,103345.836,9625.561,888336.75,86785.49,104413.69,14716.467,3089.9004,2904.3203,26128.625,660339.44,173170.95,6392.741,3512.9883,20174.26,8675.526,17113.684,3243425.0,32978.32,26815.473,334909.2,37957.82,10295.391,1548.1104,68183.37,36457.992,14665.438,5827.5894,1957.09,1688.0306,5759.4536,127015.02,107209.97,3388.1035,36576.996,3416.379,7209.401,3160.014,6879.626,282817.28,2216.7913,15557.655,15036.112,6851.154,10697.601,64474.305,1963.6012,2332.3608,5627.4297,2854.1008,3849.1963,699.00494,6399197.5,2814.3396,76340.82,4747.159,43258.145,773.9342,117383.5,15060.641,1330561.5,125073.016,28735.12,4969.882,1407.1122,84617.09,9577.711
bronchi_26,bronchi,235322.9,131154.6,307775.1,11286.147,856470.1,4998.941,4943.787,34854.766,35783.242,38170.33,32251.15,718196.56,54451.74,39039.555,1102972.0,97916.2,165041.45,15727.055,11934.095,12484.765,46057.125,393662.28,628354.6,15248.359,5921.0537,36657.457,16266.2,28773.129,3910463.8,15155.395,46480.56,343824.5,27995.66,25034.66,9826.442,314968.97,52205.074,80416.164,12565.746,19956.314,7294.0884,27590.227,128506.24,147656.52,83065.87,74684.82,8292.756,14110.142,6877.126,35395.63,757062.8,16889.773,74545.555,17598.44,21861.121,16951.387,85571.445,8286.28,2989.7363,4577.854,6600.836,3141.4866,7565.141,6369321.5,863050.06,199843.27,11495.777,6596.2793,10617.523,105426.09,14046.631,1192242.4,391767.56,8287.126,7829.8325,8580.144,195343.5,25506.86
bronchi_27,bronchi,141190.05,171609.44,77201.98,2517.0684,359021.25,34422.082,54652.664,71313.25,6212.3594,38037.22,27388.959,434798.06,108732.36,28266.656,386921.3,286972.0,152954.23,11909.58,2813.6765,6105.16,146271.5,1260138.4,25612.092,9535.5,3005.8174,37665.906,16421.045,39531.145,1842042.1,12113.932,36339.203,257102.11,35157.805,20358.652,1301.3102,552903.94,40930.906,12513.458,5707.8813,1389.5895,5852.339,3624.586,182970.64,225689.22,41294.293,67141.44,16454.154,28224.902,4686.782,12041.7295,777714.8,9798.208,118409.016,868.75525,27806.893,8188.606,2378.9827,6615.7935,1805.5309,5421.035,3852.5723,12400.437,1321.0057,7960270.5,190804.33,366847.1,4249.7705,20140.904,6362.66,415300.47,7142.476,1118013.5,130453.65,16223.361,31922.252,5631.5483,75527.73,37536.523
bronchi_28,bronchi,9212.118,264800.62,232897.81,12863.623,503886.28,3856.8523,41233.176,61902.61,1968.2982,32401.137,33058.145,439282.75,39837.094,19100.06,562221.9,116397.27,2893.8135,21386.95,19446.188,12703.818,86046.82,886185.8,3628.509,17051.53,6433.278,34890.652,13808.783,26723.537,4672845.0,57967.29,42152.004,331163.34,11366.897,18471.326,13169.653,274179.16,59336.758,10192.228,10842.693,113202.555,7773.5327,56807.656,131730.84,221185.34,40057.414,96797.68,17019.393,38615.605,7774.311,45149.742,723189.1,32619.07,19057.936,6300.198,16992.453,13472.796,127.45699,21425.924,6488.1597,5327.0923,3061.5037,4418.2295,32786.836,49340.766,134975.34,60218.965,9194.554,23308.668,7816.67,51814.316,20272.395,65217.273,142627.02,14028.544,7128.7075,10962.858,23151.082,29676.213
bronchi_29,bronchi,227864.25,183688.52,143164.1,3314.075,436701.34,7553.252,387871.9,28496.19,2508.6545,27748.477,29099.18,588593.56,76981.78,28155.459,397514.47,195498.36,326098.78,10849.365,4939.9785,3861.2957,114744.48,1008890.5,555961.2,13955.907,5541.998,71121.375,26145.201,47389.82,927918.94,11587.285,81035.984,371886.4,46269.77,39867.426,1898.4529,260513.34,63560.97,8643.942,4533.7065,1888.1989,14457.319,515.7455,172153.98,87248.56,22175.01,88430.555,8889.268,11324.943,4036.3613,10121.327,1013649.94,4266.025,70865.66,122.96429,8272.012,8898.361,51200.543,4378.335,2210.5437,11228.127,3737.328,10723.559,7702.217,8208681.0,5291846.5,252787.05,7370.373,5190.0254,10285.291,496788.2,5827.9062,1142444.6,62603.406,9750.234,36927.043,8451.441,150371.78,12500.814
bronchi_30,bronchi,491889.5,176607.52,464326.56,13409.659,812426.06,18500.945,232372.45,57874.598,15278.085,47491.8,49900.113,741902.5,212389.52,16267.845,1392046.1,193369.12,420072.9,14199.524,4369.5356,16716.521,56319.246,952657.4,975314.1,16663.246,6561.972,129920.02,47268.72,43323.996,5116644.0,27883.48,56806.19,428461.06,45361.79,16459.05,5464.1914,473089.22,59684.21,15603.394,10279.985,3561.575,15240.697,14844.38,127299.4,151764.64,111214.66,129022.0,18696.309,19534.186,5465.682,33711.047,863415.56,28302.777,67723.5,778.234,31500.426,8909.503,104790.47,19833.23,2853.732,22718.79,29249.092,3228.7874,19939.629,8305014.5,833442.2,152147.52,16348.8955,15702.4,13957.97,69436.14,16607.525,1876677.5,475273.88,13099.939,22500.033,20089.453,179877.97,52526.094
bronchi_31,bronchi,121011.89,389954.12,477241.0,11692.829,944067.2,19669.121,751280.2,61353.37,126239.61,48171.754,49063.96,698979.7,4629.8447,30349.465,1614976.0,290821.72,64889.453,12097.11,14031.781,16527.445,123577.43,1007292.7,7326.2246,15812.875,4275.5415,100896.27,26746.613,55394.13,4259793.0,32409.697,71901.02,444642.34,36797.74,43696.043,5835.1094,854709.25,67622.88,27397.031,6766.998,10301.166,20959.832,39498.207,167118.52,238159.28,167232.5,97635.44,15283.899,39038.996,6397.9385,38614.72,967108.8,31677.51,109144.61,1222.2368,37198.22,7438.1343,142.28677,19007.62,2400.7358,10325.285,19706.543,8289.435,17277.602,5710577.0,1069186.0,508110.56,12649.858,22936.3,11427.662,528591.9,15360.972,1611981.6,251968.72,13343.077,33120.914,18250.059,197116.08,67599.99
bronchi_32,bronchi,11855.193,184036.75,123155.06,5926.6304,182878.34,9448.274,14149.101,19236.346,11994.321,17224.344,27809.412,309589.97,6731.752,8761.476,483625.16,43132.91,13685.095,9218.71,9821.093,6133.5737,65267.984,170295.89,25684.889,6907.353,4569.9526,25436.387,9151.596,11103.74,2365732.2,23805.342,23800.62,225741.73,10074.03,19551.332,4001.8948,423047.12,51330.055,3995.883,4860.338,41141.97,2958.2976,32692.79,156034.23,76888.45,16936.02,53261.254,4974.041,2585.9734,3995.2617,25030.938,582982.5,18136.06,42054.508,3626.893,14470.729,7294.304,17042.164,3723.0198,3345.6816,4995.5044,6017.118,5846.107,27607.914,129296.56,1987513.9,31822.977,8138.3228,5817.1543,4356.829,15425.936,8817.198,6688.3145,39918.598,7370.5205,5284.172,21919.725,18197.309,14224.506
bronchi_33,bronchi,13244.02,233422.8,79392.76,1671.551,481758.03,10975.728,138187.67,67556.68,1649.8486,31004.59,24559.701,704896.0,1559.5665,12252.742,132611.67,170550.25,2374.2788,8424.135,6858.496,6076.6694,118987.13,584544.1,473.17038,18831.475,3527.0107,91597.66,32976.684,38185.656,2586646.0,45508.508,70233.07,320700.03,17165.273,15104.11,7786.0063,277349.2,44419.277,16565.256,5246.7295,40425.11,8644.609,17356.762,141160.02,224298.58,20146.361,58281.812,25815.242,25293.346,5290.915,45775.293,792526.2,21608.914,76160.336,4327.669,12363.698,8185.03,27.868162,18859.062,5400.608,8505.014,3260.6538,19798.682,8211.303,3179975.8,638875.2,57086.81,6904.817,21280.984,14464.698,287446.4,10084.432,682632.2,126054.7,14373.303,43448.625,8810.438,26153.307,25045.934
bronchi_34,bronchi,279206.9,151526.75,450187.97,10111.939,725293.6,8694.6455,1580.34,20213.047,83383.34,84875.48,32989.297,722655.5,7629.8735,67045.39,1565558.6,279287.88,95484.45,9456.677,9639.764,7268.524,53399.242,557781.7,345527.53,21693.367,5260.746,62942.188,18238.174,33423.76,2361631.8,53232.918,221619.88,485000.62,34281.21,100966.26,4850.9775,410943.03,105859.414,19835.404,4897.139,13225.477,15199.762,4338.5894,142781.77,163567.12,44288.78,56153.953,6678.1406,6804.8037,4451.548,14836.977,1375114.8,8906.453,90894.625,2269.404,23426.693,11194.882,34733.316,3754.2827,4832.4253,8027.027,16323.499,3799.6362,4310.5054,4042521.5,156206.8,1109545.8,8718.894,6464.038,7215.537,691228.44,16331.316,852037.44,95309.23,8314.718,39641.99,7693.2446,136424.77,25421.955
bronchi_35,bronchi,61509.74,99663.93,183072.92,7807.863,471054.75,7985.9424,17630.594,73162.77,55309.984,94706.78,33616.977,254107.97,14993.667,75552.8,657599.44,378430.38,36622.793,19004.338,18789.639,5685.1797,49277.047,874753.7,41019.535,82835.81,7405.07,42637.582,12652.911,94600.17,2673161.5,17752.162,287403.1,582084.2,49687.605,125552.72,10492.492,282193.56,138047.0,165098.9,22818.066,15646.505,51431.586,4976.931,135459.81,276950.88,80465.65,97951.6,9183.09,13644.107,3375.747,9915.372,1559264.8,2991.4338,31334.611,733.3321,44153.992,28725.475,33.757847,9723.776,12071.846,4766.702,6817.1533,38758.797,5193.6704,817216.7,569887.4,1352018.9,3562.822,110033.484,5597.9795,824643.25,22125.766,1863961.6,11325.624,51492.1,86132.375,3711.1094,289859.53,47192.91
bronchi_36,bronchi,107468.86,85379.15,38966.5,4835.4043,134273.56,6111.6855,2890.326,12414.566,2512.8909,15113.203,13950.97,370169.9,24718.88,6862.56,485763.47,52945.387,49419.883,10150.852,2856.325,4969.792,31081.564,390099.2,48558.47,6735.5796,4437.0664,23336.648,8201.05,10111.109,1748011.6,18657.584,16029.861,201111.62,16951.322,8085.0547,1635.157,102912.59,31744.406,4659.4487,5062.1646,23063.24,1206.736,1779.8969,121384.08,72799.18,2785.1565,20390.637,4678.287,2642.8755,3582.497,12630.822,347217.5,15485.71,18152.5,11489.004,8329.068,9962.276,74348.96,3128.1636,1811.1647,3931.6812,3072.6133,4328.6685,3260.1936,4144528.8,1649.2072,9275.642,5158.7583,5590.7275,1135.2083,16808.848,10286.842,215786.66,36546.87,7943.4995,5096.812,7650.38,60560.32,10016.096
bronchi_37,bronchi,249811.95,136899.95,260550.36,5978.6904,670811.9,8026.5674,2507.6113,17269.824,16819.447,46495.453,26534.361,754778.25,11424.35,38247.438,1217199.4,120437.95,103175.48,7678.268,3447.2832,5888.8027,53136.953,279343.0,411759.78,11423.837,3497.573,30808.81,11377.332,17542.94,2078497.5,30915.771,139890.48,395219.25,32908.195,71991.39,2174.3816,271748.3,85194.43,11020.233,4433.749,3689.6724,8378.549,4456.591,163850.34,108346.16,21601.66,20929.87,5180.3857,4808.3594,4005.248,16039.802,880937.1,10202.021,91885.68,6095.6406,18177.518,8359.646,80365.945,3137.174,4792.3286,4516.208,6278.907,4009.3267,2239.226,4364343.5,757073.6,606648.4,8664.123,5137.912,3702.266,283449.4,13661.934,359356.94,109620.7,7419.5415,30641.172,6953.4995,97441.586,11675.434
bronchi_38,bronchi,257504.53,41658.48,172912.19,6955.3896,174602.08,7110.651,16327.096,10287.352,12656.677,21544.113,12590.086,465749.3,23052.266,5001.4116,1223965.9,71730.28,71387.83,9173.076,3055.9856,3597.346,40100.566,384800.25,84455.37,6719.1016,3421.5515,19807.275,7875.2803,18738.867,2922512.8,35000.97,16980.27,188067.36,29642.043,9088.54,1248.1785,127662.055,34321.973,7756.513,4984.6567,3550.1233,1731.2273,2224.2104,109751.36,84993.74,3146.0842,12522.353,3132.3293,3238.5662,3450.7346,7737.9883,255981.81,3652.015,30856.918,5489.235,8830.579,7505.681,31841.1,2351.55,2224.4568,4403.4106,2871.1008,2759.903,1320.4518,4246934.5,1161.2473,33398.875,6726.771,17709.902,741.2449,31547.898,10440.583,413973.78,86751.734,14622.17,7829.683,4306.346,53147.242,9460.456
bronchi_39,bronchi,66463.71,234807.75,229826.9,11324.965,471904.12,3389.9526,3946.068,35332.19,7800.895,29706.768,29697.477,499750.5,25757.572,29281.16,851081.56,86002.52,12968.466,21136.623,25459.2,14230.422,50639.414,511730.1,127879.56,13517.045,6666.443,24904.875,11098.319,17176.13,3867848.0,46369.87,31386.383,336758.78,21449.865,16853.086,13650.225,209508.3,49781.95,20993.463,12727.176,155312.86,7263.86,47051.348,115553.81,199502.22,39118.266,78301.69,10063.803,22179.451,9265.632,34907.83,654405.06,21939.174,21836.324,23458.889,16157.488,16036.728,13143.816,12629.112,3172.5613,3817.0593,2583.1663,5382.957,22737.277,1953849.2,31155.611,63357.8,7651.781,10992.091,7517.7393,33108.63,17493.4,766494.0,220744.08,12203.386,6930.6953,8442.394,121206.51,22917.059
bronchi_40,bronchi,283891.97,52244.918,135829.53,8910.786,229769.28,5432.848,3734.427,13812.011,39628.152,17128.74,17336.842,442867.03,44432.875,15699.091,825019.25,67636.234,117824.39,17482.426,9934.484,8189.192,31805.408,352356.94,137073.19,6860.845,7016.2974,23188.027,9705.125,14290.878,4170594.5,32596.432,12491.363,177138.86,22613.643,7014.8457,6288.965,279374.97,29097.236,57128.69,15706.744,14164.587,985.9294,15883.341,97685.08,112731.97,24883.412,33684.246,6189.3755,4402.9404,4238.059,19530.719,327638.72,18832.623,23927.938,27642.902,11067.433,21834.346,54576.254,5923.138,1875.0645,3531.7478,2197.6003,2748.4026,3840.1814,5855948.5,1107.9283,9112.575,4645.589,5728.504,1716.9457,13477.962,11179.57,1539559.2,79596.625,9242.534,3528.064,4701.55,237672.36,18478.32
bronchi_41,bronchi,190336.89,259945.27,125980.07,3143.0664,306141.34,39740.027,1315432.5,47622.242,4964.67,36004.414,42678.062,199215.89,269313.06,10333.797,1209812.4,257116.81,290915.47,11384.1045,7074.3843,7720.4277,129293.36,1199414.6,729249.8,8756.171,3521.2788,178729.2,49324.91,31420.225,3150679.5,70782.51,29199.008,276651.78,41669.37,14613.401,4596.3755,648501.75,44965.01,9103.228,4998.55,4976.737,742.11786,22967.91,141427.36,89317.195,47751.13,119047.29,17360.818,32135.984,6910.4634,20078.86,729842.6,15574.624,77181.95,571.408,18116.906,5904.3994,102856.57,13766.362,3570.5762,32492.61,7271.249,4281.1816,31836.758,8308500.5,2564686.2,133845.53,5918.665,21773.334,12786.025,44264.457,8625.486,1112855.4,46509.16,12124.393,57362.848,18166.65,12594.866,36487.63
bronchi_42,bronchi,224910.55,33856.39,202293.86,7353.128,135320.11,4514.244,9817.806,16017.086,1287.6891,36628.66,20021.168,441097.12,12986.463,21886.99,852451.94,128952.13,145815.36,15169.363,9874.536,5414.173,50217.062,575934.56,385413.56,17316.37,4805.379,35155.492,12883.23,22416.65,2260258.2,31422.443,144604.33,454221.9,37758.664,29964.42,5880.894,41658.242,63582.004,11660.71,14177.399,2598.5295,15336.452,498.80362,126286.21,161043.53,3642.19,73631.69,7082.547,4103.3525,5496.371,10267.942,597709.8,1986.2048,21821.855,7217.196,13160.437,13376.282,29404.012,2501.468,3544.6716,9469.249,3855.1013,12348.248,5609.5996,6691199.0,128525.24,209223.38,3992.2483,45220.414,1267.454,285240.5,15698.133,1409909.2,322350.94,45209.98,9717.064,3663.823,142625.66,11247.827
bronchi_43,bronchi,185405.55,253364.12,268793.97,6144.2954,565811.2,3540.4104,1130.2914,36476.81,13764.156,67584.2,30203.646,555118.8,8033.8667,65142.37,914758.6,264861.75,62684.598,13542.466,7395.7944,6112.3096,47987.38,557382.9,545032.7,25536.969,5816.2666,45412.52,15369.236,22430.188,1660386.0,10799.738,225528.92,484391.38,37710.26,96998.305,6044.932,141736.02,104935.18,19204.176,9442.58,7325.5957,21455.145,12517.576,133482.86,177956.34,60938.293,59849.05,7417.3696,22477.385,5493.116,12182.14,1259856.0,5685.1904,70994.586,3706.026,40367.246,13400.876,63034.758,3676.4338,6140.6216,5500.441,15970.714,3166.6167,4288.3096,6156983.5,1032738.8,836673.06,7570.9736,22220.906,5615.3813,720148.5,16925.168,1158973.5,116718.19,18019.889,43182.88,5520.5615,193231.23,21406.867
bronchi_44,bronchi,131598.38,503017.25,290052.8,17843.568,974970.94,7087.2163,35556.812,83620.26,10040.486,40675.438,45566.832,801807.06,206103.84,18254.098,968486.75,216181.52,37829.418,22181.672,15383.799,20039.47,94108.05,1074027.0,585915.44,22066.908,5597.5737,49189.996,23843.355,26027.104,5759873.5,69278.84,59679.086,468598.94,36591.266,29535.969,15262.516,443274.78,78372.74,59724.41,13127.292,54734.816,9351.592,49996.434,186475.89,250457.7,90290.625,129001.82,16061.509,44177.54,6589.2993,65365.41,1124833.5,39437.72,37985.305,8422.207,39084.332,10746.482,74475.14,24584.73,6145.532,7367.4,3827.827,8749.918,27030.309,8145748.0,853490.75,240514.34,14403.795,31480.904,15356.24,138036.08,20928.83,1464802.0,571437.9,20937.236,23253.691,9643.176,92098.69,57435.16
bronchi_45,bronchi,173595.58,41715.73,222748.84,8085.9336,173619.58,6144.3013,5466.793,13017.042,812.92834,17210.633,9881.734,179742.84,25502.066,6028.5674,512499.78,40159.504,68128.83,14169.925,5704.839,4354.0205,44591.133,438016.06,122851.24,7718.6753,5645.553,20769.797,7842.187,14531.637,1995138.8,10530.088,23289.002,174115.38,32067.771,9710.115,2670.6394,58449.69,35013.887,5253.951,10675.035,3850.9077,3776.7256,1398.6027,117756.31,137696.45,4069.9985,29368.643,4143.2705,4349.4087,5965.7876,7180.9478,272135.75,3455.732,19090.354,7294.6797,11128.518,9264.104,13718.13,2702.6567,2657.7493,5322.054,2561.1873,6077.9507,1755.6163,3273028.0,21445.816,20659.361,3209.7559,63480.7,678.6204,62277.438,13315.174,1027335.1,77036.35,44947.56,7380.496,2077.8076,63984.574,9703.663
bronchi_46,bronchi,201563.03,164605.4,353458.47,11967.206,646392.5,3208.2588,35889.668,33547.32,10524.735,55473.11,33626.984,474307.6,36703.35,62668.58,619665.6,161860.66,54890.645,23799.508,27649.309,7608.929,20681.775,360497.22,419305.22,37725.477,6817.251,58720.95,23802.12,20077.54,4645469.5,41612.86,133222.16,466695.9,30764.504,39790.164,17900.105,57761.777,92579.69,127212.984,16086.666,134907.12,13219.424,24920.984,71252.266,184885.38,33753.48,108482.945,19306.316,11309.271,5771.6953,34078.652,1153392.0,16015.527,14439.213,15886.87,12316.068,24665.52,17695.078,22700.098,4171.1484,7249.3804,3512.4153,9358.382,12337.159,4612656.0,1333933.5,232826.08,10164.23,9779.777,11630.532,290926.03,19433.934,1389803.1,777037.94,8797.0205,4318.086,2737.5908,241353.47,13355.224
bronchi_47,bronchi,164003.23,293783.25,247035.56,10547.939,528970.06,10185.173,5968.463,30130.139,15871.287,23507.287,31699.36,494544.72,53846.402,15605.686,1057458.5,50325.125,125326.02,13742.828,11711.133,12168.275,60077.11,370883.72,589101.8,11436.167,5147.232,35793.582,14625.531,21987.52,3274092.5,18787.953,29409.48,298416.25,22724.639,18406.662,9341.055,455566.75,50055.117,28484.912,10232.318,14080.539,4494.8354,31613.557,155301.16,120574.02,47500.816,76720.72,7395.3223,11182.663,9017.427,40924.27,570151.56,21099.082,69190.766,14409.483,28686.518,11989.689,86290.73,6531.73,3072.203,4299.7544,6321.5493,6003.36,26252.316,5868813.0,1053443.2,64045.504,11160.725,7099.591,6646.9634,16879.033,12065.55,358634.2,102996.64,8885.529,12241.995,17173.756,116716.41,25346.254
bronchi_48,bronchi,11132.031,240599.45,195001.56,9735.58,498850.53,3027.4702,3139.635,65760.45,1614.8936,21504.146,23168.266,817882.56,59621.742,13186.344,125297.94,43588.16,4805.6265,25044.5,20303.797,7772.569,48352.32,246441.17,193901.33,12397.788,6738.3555,26928.98,12557.455,12004.278,3414669.2,29581.637,38395.12,372687.03,9149.432,15492.948,17655.648,170250.25,56528.465,28574.268,12979.33,122086.46,10094.469,50251.316,152941.11,171658.55,47771.535,112671.78,15320.166,18439.344,6914.1685,58588.656,731406.9,29774.3,24953.924,22172.344,11850.265,11683.978,9182.529,13801.897,5870.4863,4156.5796,3184.7878,12784.379,32845.234,2140739.0,608047.75,35701.26,11167.976,15331.143,9866.309,21317.549,17284.969,239456.52,144776.12,13649.925,5734.5723,11368.145,26970.926,17858.533
bronchi_49,bronchi,234547.45,62818.35,163937.08,7311.3765,250915.78,5208.718,1734.4591,16621.93,5619.668,22826.404,12109.357,398559.5,27900.371,13185.804,819116.6,89683.625,113810.05,16303.118,5614.4873,5788.3564,49508.617,612005.5,390442.72,9001.375,5261.7197,33909.87,12985.77,18093.94,2611574.0,17741.16,29094.045,302864.22,29310.918,11381.239,3230.932,91358.52,44605.89,20444.11,10340.323,2987.296,1816.0708,5931.7036,171852.0,118789.96,6044.275,34216.6,5186.6753,12799.715,6842.305,12487.491,384683.94,5048.8506,29987.377,17106.324,10639.714,13866.933,82806.67,3955.437,2678.4539,5228.8135,3794.5796,1621.3625,2803.202,6556625.5,8633.346,45833.785,4922.828,14987.391,1436.531,54381.055,14028.263,1398837.2,169737.62,18484.63,6383.468,4178.6157,164774.25,13734.01
bronchi_50,bronchi,177996.4,62450.453,317267.7,9403.736,267479.34,8673.971,13671.345,15250.147,7013.9956,28491.596,23409.943,629177.3,19716.94,6175.394,881037.06,66169.11,125719.87,10872.631,4646.551,3037.416,85969.72,522201.44,57007.54,8625.519,3968.9795,26480.867,9928.744,37327.223,3650630.5,10191.129,58719.496,332140.7,34503.86,19233.3,1557.8247,352724.06,44741.035,6923.249,6535.276,1754.1804,7100.7017,1647.4259,176065.17,123971.22,9085.672,28983.488,4212.735,3467.0513,6717.135,7252.105,320842.9,2242.6643,76400.55,4838.6753,16202.178,6483.062,10967.994,1445.389,3038.0825,8644.609,7844.955,3629.901,2929.9429,4933418.5,21918.658,41028.1,9412.7,75298.516,769.2305,99601.984,12467.725,477000.75,129014.0,46039.293,20680.73,3706.2556,35118.53,10328.496
bronchi_51,bronchi,58784.66,268199.4,74946.89,2385.7969,291225.53,44330.066,1585072.2,26335.17,6021.3325,24685.758,18315.97,365533.66,162882.98,18451.025,515941.4,208663.05,62475.414,11985.379,9676.158,4100.1323,135231.22,896162.56,7465.0215,9073.669,3005.869,111825.34,33237.582,17677.975,2220884.8,82021.96,28692.975,222205.05,31270.455,11412.74,4183.7007,747119.7,27392.066,23165.438,5119.4937,8365.892,1143.8063,25850.72,88131.164,155622.73,38354.57,85892.52,15659.239,24921.72,6162.725,14504.152,532743.25,11992.046,87531.84,17825.742,9664.768,8250.674,399.65173,9785.721,2218.3008,16315.344,1958.8882,10999.537,6615.1055,8268345.5,2746693.2,114249.61,2434.0286,14830.455,8307.417,33596.562,5359.8755,1535853.5,39240.375,11328.152,20036.201,8566.979,24480.87,24026.428
bronchi_52,bronchi,100457.78,99571.21,177834.2,4936.7046,517131.53,8442.394,2239.928,9098.653,38379.93,44436.773,28863.057,347502.03,13397.502,27998.41,667617.56,139695.58,56544.64,4417.61,5048.5713,6210.1733,26560.97,81991.07,237273.77,7825.2485,3939.956,62766.91,11471.714,11726.243,1288499.6,51606.453,88606.23,342875.56,16274.983,54215.863,2800.5234,131021.83,91511.48,4874.336,3524.683,22909.389,5506.9453,804.82025,120077.49,49592.023,5174.1685,23936.223,8855.005,1240.7384,2805.52,20098.498,1038319.5,26453.0,35245.094,3166.5745,9146.037,8750.043,87377.05,6134.902,2896.0864,5098.772,4310.5957,10051.39,5021.987,643829.5,810322.1,340813.88,9032.24,2716.9114,6340.8315,168920.67,8630.094,51697.582,111366.22,5162.327,6548.036,8323.994,40693.52,9416.822
bronchi_53,bronchi,285190.16,207202.95,423018.47,13187.225,859492.7,10819.481,125381.016,37101.145,5897.1445,44588.496,41411.465,862704.44,57024.23,19057.41,1218212.0,51633.43,224246.39,15009.878,13211.307,14352.864,67146.625,525020.8,535963.9,17081.625,5645.3594,51413.195,19734.492,30854.094,4179621.0,20804.39,50388.566,394311.53,32599.166,25671.271,12673.817,324309.9,61203.414,57800.08,11159.437,19738.916,9398.159,17148.633,130105.516,166794.97,78446.84,90465.336,9686.861,13981.073,10001.872,50285.066,620003.75,24906.49,77339.78,12927.665,32541.918,13403.905,84637.914,14574.915,4940.063,6808.725,8444.335,17492.25,25516.227,7064552.0,3786968.2,107398.37,16706.99,5763.592,10814.839,28674.81,15233.475,842543.9,253441.22,10779.887,7930.2217,14062.837,113440.1,23704.797
bronchi_54,bronchi,151731.94,23245.553,54185.004,7123.943,124887.08,3938.2915,2319.1736,9967.047,2246.7034,13119.481,9722.923,126508.98,8224.902,12061.017,462496.5,67557.07,46294.133,12515.404,4680.117,4455.0483,23523.906,388910.5,48695.37,6599.3755,5207.6943,24978.281,8505.614,8428.306,857785.3,16659.209,22772.848,161968.44,30726.592,10261.354,2455.5935,21400.906,39210.336,10689.289,7426.8203,10214.172,1300.1985,9728.638,129609.52,76831.35,1621.057,28093.178,5792.51,4435.822,2571.1223,8226.385,330710.78,8230.992,12000.363,10050.393,7346.167,13339.286,30779.324,3510.0437,2215.456,4493.0396,2930.6907,4153.266,1298.6135,3153312.8,8880.7,41677.24,2365.1606,11537.33,906.5309,49677.562,13914.613,764100.8,83303.78,12434.628,4196.127,2698.0208,108014.88,9368.741
bronchi_55,bronchi,206024.05,258716.84,253629.56,8938.059,341734.94,8842.269,18601.99,46740.87,5395.464,44240.95,39361.477,652525.5,14193.418,13330.002,1240703.5,193823.69,126879.06,12822.014,5882.431,8421.524,97927.51,928024.25,419025.8,16624.752,4630.9136,50449.297,21719.39,33862.234,3007698.5,7069.521,91036.2,343650.44,42992.047,32533.26,2786.738,278031.12,57494.457,7530.3193,5486.152,1595.4534,10659.591,4531.1294,178745.56,152134.89,17503.914,76786.08,7142.96,10974.764,6096.356,19869.922,649824.1,8388.567,121283.75,1551.9348,33119.902,6717.205,83532.1,4705.166,2747.5493,10761.129,18099.637,11660.666,13825.585,7422328.5,913484.06,226731.84,11245.692,18716.63,6434.014,204677.28,13034.0,760056.3,173095.83,17363.584,42558.445,16943.531,82766.086,19171.527
bronchi_56,bronchi,300762.78,41068.19,239839.78,7202.555,228240.06,11264.779,19806.842,11442.812,23803.049,29106.84,15696.636,595852.7,58216.816,5305.9404,1121116.2,62729.75,98737.27,7212.819,2955.5754,4832.3887,43060.246,161171.36,134952.17,6528.485,3426.3237,29190.125,9429.989,18278.26,3870368.0,23435.209,32593.291,293309.6,25031.94,10779.537,1574.6654,186391.27,42220.52,8658.803,5661.1484,2579.0354,4803.0693,1136.6367,117311.2,94437.016,4946.386,17697.576,3577.777,2371.199,4629.107,12317.407,262272.78,5505.7847,49889.695,11301.658,12558.354,8531.964,55916.625,2596.3933,2550.7847,5555.563,3791.9417,5181.0527,1912.4242,5047214.0,9072.466,32988.23,9616.229,17744.07,749.1925,34956.9,13208.057,357895.84,197199.38,23628.844,14555.217,4706.454,44287.133,10057.201
bronchi_57,bronchi,145782.4,88892.56,124815.516,8739.467,175847.53,3586.0051,4172.016,14319.871,1860.6113,15924.887,13611.535,188722.97,11403.23,5842.015,602063.44,82546.31,41078.688,10200.582,2742.521,3615.7039,43548.355,396368.6,131829.0,7556.754,4894.678,30451.318,10554.46,12826.331,1336733.9,7768.8335,37641.49,207981.0,30913.975,12102.338,1692.8707,40937.426,37765.723,5093.58,5201.236,3708.94,3326.285,2085.9458,136583.6,77563.0,2313.8625,18746.178,4266.8267,3425.4346,3764.367,9458.291,298249.22,4302.1543,32154.93,5402.658,11736.526,7984.427,45474.71,2120.3442,2108.8774,6935.767,5849.1914,4802.2036,3043.391,3609011.2,167412.81,21351.06,5334.3384,19326.158,895.78076,45305.41,12301.206,159018.77,131883.45,18000.496,9547.413,4592.6724,49636.832,8805.541
bronchi_58,bronchi,258246.27,143123.12,210411.95,6603.758,237157.94,5978.0405,2625.5686,23087.535,4112.4434,43833.152,19720.023,304475.28,18757.283,23596.572,984997.1,136981.97,97984.77,15932.36,8013.258,8320.731,72301.08,801745.1,607684.9,13087.276,5652.9897,37338.723,12107.648,30221.482,2292253.2,8867.598,80729.83,378789.66,37478.54,27507.045,3201.4287,137089.92,58619.06,8160.7944,12394.537,2854.7654,11900.259,4261.295,114121.11,197316.94,13502.395,52434.45,5172.9395,16476.941,10129.517,12858.9375,484476.38,3684.3193,115469.98,6519.742,25674.822,10248.277,75281.57,3035.2898,3807.0303,6942.3594,5333.8804,2996.1807,4764.0386,6915039.5,209630.22,203369.36,5536.2495,43643.44,1885.2751,249657.39,15972.496,1221442.5,151935.67,39088.434,16784.45,7477.692,88048.08,18999.572
bronchi_59,bronchi,216077.64,139540.6,300185.06,7478.248,632068.3,3979.94,4080.3506,17318.12,14437.863,42779.98,23225.389,458406.53,12065.998,56945.973,772552.1,142855.98,97739.78,19056.736,9420.479,8723.386,39246.625,470342.8,386737.97,19639.879,5187.8228,50544.797,14716.116,16254.306,2601169.2,23877.58,124039.81,403496.5,33071.74,40042.21,8482.905,75073.73,73578.055,39165.49,13178.021,12536.598,7793.057,4435.1367,106715.13,138059.9,28300.375,51392.164,7238.6777,14140.426,6434.812,15735.231,722760.94,6113.5225,26358.336,16156.41,15219.345,17009.95,66235.47,6239.9805,3501.115,5178.7603,3915.3967,2429.1973,3502.9624,5133996.0,310286.38,372066.62,6474.8306,11103.243,3191.1714,351357.62,17178.621,1531465.6,461206.84,17355.305,7824.935,3469.6453,197284.02,14969.5625
bronchi_60,bronchi,41305.36,50959.355,38102.934,4453.2466,86573.54,2598.8643,4124.0913,22878.254,5462.571,16227.416,10868.65,96780.6,27460.703,31939.031,40712.19,128272.26,73765.37,20371.025,11528.882,8072.887,9402.651,265062.16,475425.75,15236.09,7362.2017,39178.527,11801.292,8350.442,561195.5,5588.595,32701.738,273061.78,26810.818,14943.159,15772.178,11831.925,40950.586,63448.562,20011.127,65402.887,4087.8423,4031.0823,74133.3,72254.555,8395.667,108217.59,13400.8,5114.925,4829.4023,33245.285,799270.1,13601.18,11536.725,26026.283,7731.5107,25867.441,60474.266,15549.141,2371.2407,4406.7305,2531.5906,15969.48,18209.652,4344224.5,507105.12,71508.84,2686.9521,4750.91,5040.031,54337.92,13284.109,1192140.1,227785.81,7181.557,3077.8147,5148.828,193999.0,10517.872
bronchi_61,bronchi,458645.28,15136.528,31609.336,630.4333,164859.6,26153.432,1939840.9,9980.8125,41383.984,12199.941,2200.0212,135483.98,112877.2,21950.873,436472.78,186675.53,205390.0,4488.0703,3550.8313,2719.175,107285.76,694789.4,24827.16,8949.233,3085.4524,146561.11,33580.867,8652.454,101298.13,25236.553,14850.766,102490.36,45294.22,6824.804,1111.4562,499711.88,18096.754,107668.29,4224.2354,45900.93,947.6728,254.01436,45341.76,67605.734,8594.3955,66933.72,19039.787,2569.733,1866.5817,6605.944,363981.16,2752.8887,21751.521,1940.7703,4471.1406,14160.724,67.369965,3292.1375,1385.4818,19807.729,1549.7896,10569.45,532.0072,8313160.5,3153899.2,40300.7,1468.9379,2916.1409,10205.224,144880.27,4863.668,2056709.1,30540.752,5496.0933,27296.959,1503.2814,202183.53,12971.349
bronchi_62,bronchi,28542.074,563140.0,381339.9,10869.998,1209308.2,11099.484,1432012.5,59119.516,6294.708,64689.258,50795.887,725726.8,126807.45,15622.915,1425383.9,112645.24,13859.753,15606.533,39006.355,15248.315,115806.78,730716.6,122257.15,33115.45,6560.8833,81786.3,28356.111,60101.58,5779892.0,245855.48,126419.0,523466.4,25830.092,34646.54,19164.18,734221.2,103795.66,73355.32,7297.0806,214640.78,7342.643,23712.326,185080.31,232726.62,109959.22,120084.13,21197.873,28848.855,18203.662,62760.984,1002832.75,38803.29,61095.293,10104.747,19816.95,8054.229,2513.1785,28174.799,27187.344,14949.402,2762.0828,27414.752,43845.234,5361000.5,4129516.8,122862.37,18915.697,24036.74,14378.184,28322.299,18208.125,791927.06,170259.34,20829.03,17998.264,16459.318,21834.367,42531.543
bronchi_63,bronchi,551663.56,288038.3,408451.44,23247.748,1273142.0,17551.893,84025.4,41349.977,25527.008,79535.766,48761.684,1151397.2,172449.27,38480.5,1730893.9,162382.78,295402.34,23509.553,11684.345,22940.676,60701.582,1063966.9,699175.0,17676.07,11344.446,60569.387,27055.582,50519.062,6772191.0,33915.08,36969.68,501771.53,46318.953,18072.297,10082.412,524889.6,76521.74,208249.73,13966.492,19617.19,8352.163,30826.945,159291.52,234699.39,161864.52,120121.48,13635.703,31283.312,5467.21,54518.457,919363.25,36287.188,75818.27,10109.046,30084.025,19806.482,99981.71,23692.547,4774.98,6161.9907,9377.95,8917.613,7547.6274,8233903.5,394244.25,182850.8,21191.828,10713.836,14404.234,61402.016,20339.596,1876001.1,795281.4,11736.817,13060.181,9679.371,278580.28,46954.434
bronchi_64,bronchi,58193.445,25396.076,62424.016,2626.7688,240413.22,3223.1248,744.7631,11899.237,10763.982,14662.669,8962.609,273230.84,87304.74,10339.634,222410.69,83894.4,62297.16,8593.092,3079.586,4387.922,34174.336,163436.92,485248.12,6739.2236,4407.2183,27173.164,11018.71,11908.933,1601888.6,6362.502,25537.65,147239.31,6087.9126,8616.055,4334.4526,200835.23,30476.508,9333.743,9559.103,2557.6577,2349.6382,1778.2781,119033.89,53164.12,7335.678,33612.715,4891.0796,2752.6956,4591.2183,13510.085,351149.28,7603.4663,32800.41,21263.07,9486.343,15059.894,92115.555,2645.4536,1741.1178,4270.9355,3149.15,4182.1685,2800.3499,5067007.0,2826.1633,21616.045,3566.3074,4388.3613,1528.2087,21530.31,6392.6865,834013.9,28687.639,12234.443,4256.6797,4335.6025,157453.42,12453.986
bronchi_65,bronchi,325036.0,32255.857,265477.28,9306.373,170789.5,6844.2046,7236.172,14607.465,4947.939,31985.305,13447.274,450446.5,26972.701,13961.019,969940.7,111339.56,101388.89,17084.525,7361.366,4138.2383,41514.273,574001.7,174560.78,9007.369,5892.09,29077.373,11137.639,35019.598,2900995.0,29462.988,64941.207,390650.9,36023.477,17589.145,3457.638,83494.51,53351.492,18721.969,14492.896,2314.3086,6800.917,1165.156,156962.27,167919.55,6536.398,43642.484,5358.6436,5398.7275,7423.994,8574.523,413732.25,2413.4495,30738.871,13944.465,12531.541,11728.324,30440.168,2202.1035,3572.842,8490.004,4139.0317,5111.9395,2361.722,6121030.0,5674.794,61775.87,4965.295,69077.625,800.73804,115563.95,15673.777,1543427.0,276820.16,48182.83,8413.849,1997.5692,150362.31,13368.426
bronchi_66,bronchi,123244.83,68046.234,106889.51,7637.905,306879.72,5155.954,1009.25085,14091.945,129657.25,16159.308,14503.737,428398.16,47782.926,15308.861,828619.6,53360.906,64379.684,11165.59,7205.1934,8653.279,21397.334,172634.89,387283.1,6509.5205,5090.3745,24080.795,9818.563,16271.972,3305311.8,27523.682,11770.515,182166.06,18491.807,9225.192,4602.518,426685.66,32648.574,39026.824,12011.173,13099.989,930.7293,24628.873,102093.6,84232.555,19329.125,31217.982,5972.6313,3832.9644,4099.2134,30083.596,374424.44,21020.99,38326.305,22443.348,10049.089,18490.838,77572.914,4648.6074,2071.7815,3494.555,2465.326,2272.9946,4639.619,5458948.0,4459.2954,22263.12,5311.2827,4065.4548,2830.648,14360.464,8410.398,1153169.8,80376.6,6950.8936,3837.0945,7428.06,190074.05,19680.248
bronchi_67,bronchi,352210.44,121492.71,377821.7,8786.497,540292.2,16858.633,21638.941,12254.39,252372.73,62956.293,27377.834,1005168.06,20889.904,25379.926,1522347.1,170370.94,149224.48,5998.437,6637.745,4337.9976,61382.047,206060.4,137972.23,7511.4033,3219.4126,48082.3,13006.01,21356.03,4130824.5,49340.438,149433.97,467327.47,34671.625,65957.04,2583.759,474661.47,87181.766,15483.73,4906.0273,3552.5796,8518.612,1839.2327,171775.48,121860.67,11680.011,29172.787,5404.663,2400.8733,3919.081,16407.645,727740.8,7161.9863,78418.49,5015.409,17894.559,7089.2173,40721.043,2432.697,3476.0325,7411.726,9543.7705,6963.103,5618.3335,5327383.0,133872.45,494751.34,15188.661,6752.124,2134.9373,262395.38,14768.04,395351.94,183533.72,10939.724,32490.656,8650.128,60000.78,12160.096
bronchi_68,bronchi,21957.322,403010.4,382914.6,13701.354,983933.4,12736.404,279184.53,68725.16,23316.47,44573.02,44990.96,767328.5,55399.305,11155.403,1140973.6,123137.914,3665.0781,19957.094,23712.01,21343.406,114457.69,889611.0,8048.477,19040.912,5175.9404,65799.09,22312.605,58301.16,6139891.0,88875.945,76229.15,442018.9,26474.404,31186.855,13858.695,549201.1,87739.02,33499.363,11297.52,29712.576,12025.34,53185.32,171955.61,251616.92,130224.81,107591.2,14576.055,51320.56,17947.56,60584.523,727271.1,38831.535,56420.1,9786.216,46783.105,8286.494,275.99768,24014.217,7173.335,7059.6694,5411.4673,9107.014,36416.99,1959394.9,834044.9,75840.695,17222.684,37552.133,11730.226,86404.78,20399.74,682767.0,258414.03,16656.492,13856.885,18748.932,54182.992,57724.55
bronchi_69,bronchi,386871.12,81410.664,375454.25,8625.025,261530.47,11228.77,24354.209,13746.8125,21472.871,40555.516,26238.6,682913.5,48625.434,6418.286,886387.8,62350.117,280044.53,13116.191,7651.102,4855.3657,81920.414,474599.44,186074.23,9303.09,4173.3213,27320.398,11374.413,44169.152,5378914.0,16636.504,37622.07,423693.53,35560.207,12913.247,3194.3877,369282.06,50209.496,13805.899,13843.371,2504.1147,10169.72,886.7876,124372.42,156214.69,14756.368,39470.53,4079.79,4124.162,10157.621,10197.576,288923.66,3478.5237,109344.64,11255.887,19617.752,9048.839,55226.914,2091.9512,3095.8665,8110.573,5289.457,3897.8333,3840.8408,7255114.5,55755.01,36662.457,12294.685,70321.14,757.85675,47332.953,14414.322,978976.4,352845.53,50877.047,18806.49,5719.3804,102535.52,12994.727
bronchi_70,bronchi,6251.9907,424151.2,170196.52,4992.3315,969074.4,17361.033,940395.56,46504.234,21213.404,33061.203,43851.55,627263.1,7851.0034,12309.574,840531.9,226598.25,2971.1355,11699.054,36750.324,18364.002,136217.92,812682.56,1715.7247,13299.677,3294.8896,52835.83,13674.617,33687.04,4947086.0,132918.97,92764.93,397279.12,16018.843,37727.24,13957.678,855244.2,80595.44,19672.273,6992.247,145973.14,9827.661,48121.11,135046.16,249966.14,125676.71,80755.86,14610.948,53375.92,9031.163,39253.59,710738.3,37827.832,39110.582,8607.004,30187.348,6766.746,25.09349,20676.51,3580.7375,5108.1816,3069.259,11017.375,39934.246,747476.75,1798583.8,138741.1,10557.37,25791.273,11747.972,169814.7,11445.093,476239.38,123839.11,13225.301,29879.723,15343.708,25149.887,68383.68
bronchi_71,bronchi,27229.303,209661.2,154613.1,4433.986,339577.44,6631.55,3122.8176,78554.42,1777.7191,37480.934,39540.117,401673.6,19934.934,13869.843,942962.2,228227.22,26598.564,8659.679,4620.121,6881.1484,103167.9,1051408.9,143882.27,13000.095,3863.44,52044.457,20525.42,45838.332,2095298.9,7885.7354,141113.17,370374.72,30230.736,53070.66,2022.9761,357659.75,66748.984,3786.9243,4077.2107,1634.2148,15203.676,6820.0083,179638.3,165840.6,30628.434,87903.85,7567.696,18169.684,13633.115,16178.737,861311.8,9524.029,112487.76,475.10593,35442.72,5729.7935,34199.996,5053.7026,4409.375,13649.756,14967.036,6110.846,15820.765,3690986.8,237840.16,359500.9,8702.345,46829.035,5600.0034,430112.2,12306.827,299348.03,47508.156,23708.912,49306.992,19038.098,24769.217,25132.959
bronchi_72,bronchi,428845.75,200696.23,398083.16,7751.373,585968.5,30608.664,207663.3,19818.387,170332.6,76002.16,35112.6,883354.1,14824.629,18203.904,1503238.6,109202.08,272111.1,4832.693,3596.1863,7032.089,69338.86,87187.51,180979.56,9713.858,4176.595,56524.477,14466.892,34898.67,4440510.5,24409.95,102909.45,389994.66,32076.244,53583.555,2019.3467,599966.2,85992.35,10537.633,3801.895,5721.569,8750.66,4963.0127,139766.08,125060.375,27264.436,34243.176,8242.344,2056.48,2370.9795,32295.996,705657.4,24956.232,192766.48,3671.5413,21035.912,8411.835,76633.914,6552.8594,5156.884,6012.4424,9343.8,6825.13,2931.268,4796014.5,2688545.0,175087.97,21219.86,4104.5776,4895.747,157830.17,13196.145,60248.55,246291.05,5829.335,21825.373,10062.66,57994.33,14747.308
bronchi_73,bronchi,216077.02,61642.457,236430.11,7242.1377,250110.66,4568.998,4191.846,10402.048,21972.553,42576.918,18015.111,662214.94,46068.94,36045.26,1071053.6,158000.95,67138.875,17065.342,10504.468,5054.5557,41504.85,458989.66,299970.16,15761.155,4686.385,41591.71,13103.737,24427.158,3762661.5,32534.844,154817.45,446445.22,32021.41,35092.184,6294.744,96210.78,73700.82,28926.244,9756.514,2683.9802,3454.3938,1379.3173,140209.03,115088.05,8521.091,40626.86,5203.7466,5702.7876,5125.288,11029.035,659168.5,2630.5557,24684.416,22284.023,11850.22,14724.049,58351.89,3551.6577,2407.5642,6956.047,4433.669,4568.815,3387.0337,5346311.5,12643.49,535857.6,4668.386,15486.359,1531.4198,273903.16,13330.739,1430069.0,137319.44,19862.021,6845.7256,2498.9788,142996.94,12033.784
bronchi_74,bronchi,239240.12,166203.02,244017.6,9368.4375,305208.2,12861.7705,58138.03,53451.926,9392.361,44517.367,28896.797,565303.1,22006.002,11531.4,1025602.44,151746.84,189648.0,13462.802,3409.7432,5681.358,101802.7,870272.06,168896.52,8898.98,4182.4756,47979.875,20510.646,33821.246,2971118.8,6457.34,47054.848,316488.3,33909.387,18381.717,2209.2334,422807.12,47913.434,11811.336,6666.507,1436.3871,5228.9336,17061.697,160366.88,126759.69,27663.367,63814.55,5697.715,16996.115,7978.0474,19617.078,505186.88,7693.2666,169474.78,2035.2866,29672.309,7663.7153,75171.23,5138.6475,3805.5886,10822.97,15832.1455,2480.0278,5982.9175,7202376.5,434488.03,110778.85,11644.817,26579.47,3070.6765,71454.71,14037.283,334375.28,102057.3,20633.88,19986.62,13297.279,63585.402,22451.867
bronchi_75,bronchi,420763.72,213820.48,626672.4,18696.594,805932.3,26022.213,1392.1029,11466.836,4601913.0,73569.64,33813.344,505730.62,227755.83,48477.03,1477731.5,228667.31,322311.28,5613.1055,4853.282,20458.582,13457.475,52933.926,1024886.7,8293.935,8321.541,63824.594,29109.754,77734.06,5716598.0,96298.625,46645.44,349344.22,30170.166,30060.479,6341.757,925198.2,64277.902,71162.695,17749.402,3116.9722,7047.7007,28937.088,85150.41,141894.67,112781.55,116967.125,16856.494,1772.7542,3033.6023,60702.1,875065.75,36884.348,323869.16,7936.555,24244.686,22477.32,102753.52,9176.698,5315.464,5911.7534,4423.8975,2794.8372,12008.87,8016241.0,151722.83,428638.03,17301.033,3471.2112,10920.833,151724.84,10540.246,1845356.5,561086.3,12770.462,3313.3762,12186.916,292950.66,58549.0
bronchi_76,bronchi,430332.5,28534.072,295050.97,7077.3267,393916.9,16206.041,270160.7,34843.168,13150.524,67209.28,22331.787,907670.2,48226.227,48187.15,1167167.0,119117.36,393356.03,23541.344,8709.178,3009.4211,107626.5,1011406.75,70135.28,12705.575,3659.0483,25378.666,15983.392,128284.734,2717680.0,11049.987,97929.19,445397.78,47621.516,28040.553,2614.8135,385331.25,69918.766,96421.125,14609.332,991.4835,27350.404,1648.6447,266291.0,188305.34,39722.824,43420.5,5955.2754,5056.07,5187.7637,9120.861,610447.94,1731.7684,124662.77,2578.0205,34299.883,11924.913,8296.775,1747.8503,4403.7974,7116.106,6456.12,21135.254,677.2947,7818628.0,147542.36,389118.62,7498.99,78311.48,1811.3842,422868.03,16139.3,1692774.1,110002.74,57733.25,14405.375,1114.3685,152757.58,16174.0625
bronchi_77,bronchi,289141.97,222888.23,585360.25,8192.137,888547.75,10534.276,3497.463,18746.947,201328.66,84883.57,32712.78,903832.4,22760.775,46086.477,1546649.5,208441.28,147835.89,6574.665,6743.583,12021.728,55115.26,281508.7,350603.84,13329.837,4707.487,70107.99,17093.896,39661.805,4011139.0,59022.45,149306.61,483453.12,28852.213,72229.48,3721.138,501997.94,87074.25,11916.238,5882.47,15024.272,11304.516,2403.5146,113976.125,155441.33,49837.527,60814.168,10937.324,4070.7944,4488.7515,30851.592,1136055.1,17392.82,118769.57,4777.413,20840.355,9360.033,60829.77,7169.019,5096.846,5796.992,9256.366,4200.179,13058.512,5258457.5,102932.42,560415.7,14989.692,5473.555,6463.292,488782.62,14925.782,736586.1,216411.11,8996.628,22156.469,12808.337,108552.91,24647.742
bronchi_78,bronchi,85767.86,255191.83,152379.56,10625.871,367135.5,4477.53,16736.926,48030.97,1653.3782,45902.375,30173.82,554635.6,57337.85,15418.391,363651.2,159293.34,39109.312,18432.135,9761.335,12271.828,83275.586,991218.4,228394.44,19168.457,6735.888,38929.094,17864.309,18509.363,4048486.2,26487.36,70721.914,376878.47,27119.004,24671.377,8483.94,172296.22,58184.01,9097.352,9336.939,29144.84,11738.082,27008.895,146430.61,206903.4,24897.11,112213.67,16974.57,39711.766,7798.0015,37358.668,983222.4,28348.107,35711.137,2306.983,15092.1875,8740.292,42240.293,17219.088,5488.277,5693.374,3153.8762,6444.2896,18449.846,6772184.5,126460.125,86400.164,12004.462,20502.1,10791.758,89560.55,19187.625,448587.25,175916.3,11409.726,10929.409,11226.371,55521.645,22865.623
bronchi_79,bronchi,164883.19,59422.33,168773.5,6492.196,297294.22,6093.455,1490.4138,13589.147,12239.73,18381.295,14798.071,498773.94,37651.22,9570.041,854711.75,80059.875,85556.266,12429.554,4426.257,5538.2935,37609.3,342618.3,305987.8,7380.3833,3848.2673,30182.367,10096.529,14130.409,2615118.0,14801.614,23363.082,257713.36,22737.777,11131.968,3314.8179,214471.16,36801.812,11863.474,8764.116,5413.1504,2527.5037,4013.735,128204.016,84306.57,7328.8174,23888.742,4415.5244,5828.19,5555.1816,12456.683,348217.28,6875.3228,30335.662,16025.765,11014.99,12446.327,76061.76,3463.6462,2008.0309,4173.994,3077.1543,2681.435,3235.0679,5453786.0,6938.381,41382.88,5705.9707,9506.75,1283.164,30442.258,10946.33,847684.3,113296.414,13127.004,6805.7256,7366.002,114561.33,12533.095
bronchi_80,bronchi,137599.7,421454.88,483662.03,8486.951,736338.9,23501.818,94696.75,66990.37,22384.861,92241.445,50813.574,753307.0,28737.559,20707.928,1497175.2,171469.08,82435.234,10144.426,18763.977,20721.48,102968.46,818808.1,411659.66,16199.195,4535.683,83387.8,25059.29,57096.72,4968310.0,62762.3,99928.99,448704.9,30844.768,48411.29,8525.464,621441.7,91239.94,17955.367,5524.2383,16855.514,14188.682,13848.2705,147217.83,181123.05,178142.28,103526.555,13631.881,16756.059,9906.345,48913.336,1110571.6,35790.543,164843.88,2030.7572,42344.68,8522.578,53380.656,23295.021,4249.892,11569.462,9798.47,6564.7393,34315.59,5683607.0,2794559.5,429544.84,14648.286,14051.95,13004.968,173343.45,16369.834,695345.5,368130.16,12943.975,34379.04,22913.453,77718.05,51780.58
bronchi_81,bronchi,142066.77,16957.678,102642.164,4681.3984,128193.984,3416.7927,1164.9675,10987.678,2128.117,15853.103,7694.9473,172201.94,37322.168,13557.224,416710.06,82034.4,64145.812,14865.759,4440.017,3397.2983,26393.428,516474.56,214804.39,8017.4014,5629.9746,27446.746,10066.366,12063.904,1285552.6,12286.714,51646.234,235633.94,25319.484,12183.581,2857.542,36289.125,39433.62,11982.247,10408.826,3221.7783,2193.7068,687.51086,159884.92,88012.66,2810.216,27473.695,4394.318,4671.8164,4894.356,8072.579,371199.34,2495.6992,17336.496,18482.48,7962.1597,13473.425,62361.418,1894.8678,2298.1548,5698.84,3188.451,3389.6584,1558.308,5637935.5,3925.0298,43170.277,2535.0454,23862.465,813.7807,66016.766,12266.013,1244868.4,103542.75,31384.137,6223.836,2297.0303,142653.81,9643.792
bronchi_82,bronchi,175086.14,29122.305,70289.625,4924.5376,185514.33,4180.948,1373.4095,8728.288,88237.38,15197.587,10266.023,343583.9,123346.66,23678.314,453611.53,147769.22,91104.21,9530.29,3964.7224,5953.2935,11519.089,108543.38,302191.72,7111.105,6717.2754,38235.91,12734.012,12882.85,2018212.1,20818.066,30774.98,203031.6,15297.622,8369.14,5879.9067,139121.62,34640.82,32319.754,12375.685,3544.0125,1024.2175,2610.7964,95407.805,58021.934,5059.1094,57366.293,8248.494,1859.8259,3334.9463,17202.492,460779.94,14074.363,17214.885,29410.098,7744.1978,23671.541,87571.5,5068.9243,1864.709,5044.975,2423.9768,6483.9277,2002.7268,5812012.0,2237.4343,44478.496,3280.178,3981.5918,1821.4386,33107.586,8872.183,1495567.0,78728.73,9308.966,2836.9673,2780.313,250482.08,12895.314
bronchi_83,bronchi,590473.06,124096.37,549753.94,21717.36,893754.9,23079.61,358648.22,27613.707,75297.37,44493.004,47219.695,883379.4,281114.84,18511.482,1511908.1,145401.4,489528.56,16473.248,3995.216,21033.242,20745.348,809153.75,1064402.2,14431.668,9765.517,122644.27,54718.844,50233.156,5037615.5,30900.12,40587.824,443200.4,47245.508,18265.225,10534.015,652555.4,78583.73,89539.71,17411.64,7773.7183,8416.225,20852.383,130086.28,185447.81,121927.4,131549.69,20188.965,22815.174,4416.7505,46563.746,808038.7,31593.693,75668.02,702.1211,27501.719,17888.023,105240.555,24672.248,6596.745,24675.777,11604.04,4387.018,23578.8,8310101.0,6054070.0,124366.14,18674.693,7199.643,16265.455,93685.47,18139.02,1943429.4,495701.1,15481.073,6534.908,15070.268,219717.66,57650.004
bronchi_84,bronchi,355107.28,159817.23,353095.97,6724.269,929279.2,15571.921,3497.85,16007.847,225711.6,48439.97,32408.307,857467.2,134694.5,31041.72,1304630.8,100000.97,235183.12,7524.4106,6844.1455,12049.6,36762.137,79416.766,896191.6,11943.091,5844.228,44014.03,16228.406,32380.44,4204972.5,44363.688,40862.81,365713.56,22767.506,32806.227,7694.58,530772.06,52391.812,19620.84,7913.1836,12824.08,6548.798,3394.7551,88553.69,123901.01,45384.375,66154.54,11636.103,1931.912,4387.194,45163.008,723840.5,30133.502,105762.64,19045.672,16699.934,14306.534,99952.34,9326.295,3482.5845,4320.2036,3179.257,11289.915,8585.129,6230475.0,262740.2,134593.19,14082.393,3277.0815,8941.358,65077.543,8185.7637,1163387.5,226893.2,7057.4946,4473.6064,10530.288,129422.02,18338.746
bronchi_85,bronchi,74155.99,381246.8,91357.39,4302.3716,230437.05,15164.142,16170.685,92825.91,2723.6487,31396.562,40617.72,109352.88,128870.13,10856.984,186109.55,285477.53,73352.04,12962.89,3210.4204,18700.535,112607.01,1295525.4,189620.33,12224.296,4318.1846,62355.766,23740.521,36058.707,989347.5,10698.356,41643.863,285885.38,30625.191,41979.855,3330.3237,257001.11,63057.844,6009.9883,4699.3125,7107.308,8683.374,22848.184,231870.83,225870.3,41903.977,109742.15,22035.93,59088.457,17773.762,29592.443,1163996.8,27950.361,41994.35,94.95213,40665.39,6190.6685,67237.04,21009.166,4651.176,9190.179,5533.446,1891.8823,14483.473,7851280.5,1522858.2,217310.12,7945.265,42033.258,13356.332,410610.84,15443.719,139980.17,65166.85,11317.029,53384.117,16965.75,18889.25,55336.152
bronchi_86,bronchi,454285.16,253093.64,482473.94,17216.379,519526.5,15846.013,26845.104,30827.738,911772.1,68788.04,38055.14,741369.2,50942.836,43737.61,1636795.2,266235.38,215267.66,14473.31,7073.4395,13015.888,54127.055,520565.53,519562.7,13982.153,5076.1,90771.44,31183.404,51050.27,4671646.0,21995.469,115089.48,485424.47,44156.266,46880.96,4098.6895,655833.9,88929.95,38371.22,11882.531,2621.5564,11036.958,29183.584,121606.54,189104.38,97280.58,97020.695,11897.058,17350.14,3419.098,31886.014,1088373.8,19717.277,214495.7,3081.061,32861.934,13593.049,86841.71,10216.014,3620.1802,10480.051,22350.13,1340.2949,9375.088,7821738.0,551452.1,454423.8,13985.113,15325.851,9561.036,483393.22,18323.08,1589613.6,542998.94,13689.755,8935.101,16083.353,276330.38,44735.87
bronchi_87,bronchi,231218.97,177415.62,526918.9,11592.06,756628.3,13865.954,3391.6057,8828.878,2022794.2,57578.19,31165.686,720165.7,67446.47,48525.6,1647009.2,166477.77,176017.83,5287.6763,15422.4795,13041.572,29410.996,60549.0,552665.1,9330.735,4817.9316,55252.465,13625.407,45582.87,5356927.0,112860.414,73893.516,347275.78,25228.95,44225.76,6271.091,721366.5,71176.0,34933.105,9150.627,14130.3955,4467.6235,8430.839,85252.95,105427.5,67037.98,66829.18,10664.157,1650.3722,2932.7463,39822.887,970115.56,26338.736,139130.78,13355.682,12902.475,15315.229,71723.44,4823.9375,3407.3923,4483.787,2881.2725,6614.7583,9284.59,4594261.0,34679.1,515207.3,11989.301,3091.454,8100.353,149613.78,9428.038,1365691.9,264543.7,6040.4824,3992.0693,10253.752,176554.3,24034.861
bronchi_88,bronchi,287001.84,196253.61,128288.28,6486.433,356631.47,19527.182,5166.8447,19443.426,6515.496,48514.59,25621.154,625778.4,56574.2,8924.77,1349815.9,56243.836,176964.94,7443.926,2034.2042,5243.7427,65700.96,298181.53,464448.38,9641.098,3551.0107,27543.928,10976.837,23842.424,3081103.8,13823.344,52995.35,391226.56,31126.209,30355.863,1484.9855,338614.1,62850.113,7560.604,3887.3545,2712.0518,4337.944,2750.665,147154.66,110219.38,11259.419,17641.662,4257.3296,4846.861,4762.6846,18225.22,401298.34,9262.001,105667.77,5926.557,21121.248,7658.7173,97649.59,3665.085,3683.0261,4426.143,4338.4033,5101.8804,2699.536,6480461.0,369561.1,70519.73,12401.276,7725.9307,2120.3625,67655.46,11316.641,124811.71,81269.8,9901.802,24793.324,8522.725,49690.688,11021.842
bronchi_89,bronchi,77466.9,426564.8,147419.02,7384.6714,492532.12,26475.11,486930.9,73645.03,2732.293,36183.066,36327.633,439610.9,126103.64,11240.792,660851.6,182730.69,44364.324,11724.778,5333.687,10387.682,135238.06,1070074.5,84497.1,10854.944,3345.8699,66442.664,24869.105,27338.227,3937703.8,58391.19,42384.477,324055.75,33650.66,20835.467,3966.8257,547947.1,41666.668,11809.782,5553.8037,3479.6487,4297.581,36545.195,166666.97,193497.52,55121.15,94922.62,18745.158,41428.094,14026.897,26892.33,732266.75,25610.357,76145.805,3907.8853,37009.65,6635.549,20096.045,13599.637,3263.4204,10275.702,4062.6907,7818.355,9698.047,8065025.5,1537767.5,97996.08,7721.3926,33847.61,11162.406,62124.688,9933.148,790136.9,229666.53,12030.56,50722.5,13092.357,33763.652,37152.555
bronchi_90,bronchi,7770.2856,37904.605,70242.78,1119.55,278714.47,12104.404,503936.25,69666.17,1344.8256,16235.62,14812.757,333200.66,1500.3477,29405.414,44252.047,218047.1,5247.986,10056.808,4487.403,2830.0403,118484.13,730710.4,361.351,10988.233,2533.1125,52269.938,20062.283,20079.914,951190.3,10707.941,21737.523,142915.27,6451.3804,12429.897,3585.3484,415988.6,23754.336,16128.821,4449.4253,3886.6797,7092.3354,18207.863,71897.12,154190.78,19382.271,41131.453,17738.285,22602.496,4774.761,16230.976,484985.34,7418.6357,40229.656,7509.2754,8765.404,8117.562,23.07316,14406.076,2293.928,5708.186,2237.1355,16307.13,2609.4006,665609.94,2002670.5,134899.55,2632.0417,11803.701,7471.297,267821.9,5356.901,188363.89,103486.086,10221.579,20408.71,3953.2795,17251.322,18959.64
bronchi_91,bronchi,392735.7,79641.875,210075.9,4742.38,325813.1,13640.933,5174.4746,11931.228,20840.932,47451.37,20107.451,970971.75,106645.13,11294.256,1532279.4,96949.56,119922.31,11740.434,4278.622,3409.1675,50249.64,519490.84,238807.92,6853.4478,3046.3945,23267.312,9534.673,33356.984,5011911.5,33360.453,45293.098,444517.28,34897.61,15725.57,1582.7306,275739.9,48629.793,18464.209,4387.675,1999.685,3030.935,2458.9988,156443.84,108002.83,10654.072,18290.135,3172.9426,4824.0435,4033.2131,9160.197,347329.44,3134.4905,48933.633,14325.185,13363.327,8984.032,81272.97,2211.2441,2381.676,4731.373,3578.0469,6469.5586,1204.2771,7262480.0,4385.3945,259990.89,10950.277,17452.156,1142.0602,122348.48,12268.317,1250224.6,162444.6,17579.049,15981.045,3945.4546,85103.24,10397.505
bronchi_92,bronchi,273038.88,89441.305,240932.17,7762.7373,479007.44,10650.191,2511.5127,19409.871,15042.553,37710.547,22984.234,542821.4,147907.11,10310.366,807983.2,92590.016,230025.58,9891.777,2813.2068,7244.01,50733.723,383988.62,646737.8,8214.052,4846.246,51363.453,22081.518,36146.508,4124534.0,11482.781,45679.438,334919.1,24003.271,12753.118,4041.339,403741.72,42856.75,7948.1606,8414.5625,2426.3506,5295.01,3940.7341,99046.14,120277.6,16010.229,72727.77,8748.249,5327.89,6501.187,21692.5,396263.16,12888.736,83209.77,8451.997,14554.023,11206.259,102579.44,5362.729,3214.987,7995.82,4982.9214,2539.307,7060.4033,7551222.5,171918.55,50940.55,11912.795,7362.1807,2974.726,43854.31,10988.149,948670.06,137684.25,10765.902,7158.688,11007.943,98308.26,18017.242
bronchi_93,bronchi,354234.62,68588.96,136281.6,8314.893,182203.94,13240.85,62573.918,12773.995,9208.64,20960.691,17780.68,562907.0,65039.758,5185.2305,1005448.0,47890.0,151255.45,10093.208,2676.4421,2885.2349,61397.504,285103.16,70192.02,5605.2676,2982.7966,21257.76,7670.524,14959.4,4007479.8,15979.368,27699.562,264624.2,37587.68,9451.059,1536.4465,168994.47,35056.793,7848.046,6541.0757,1892.4908,4823.39,1794.8619,108086.7,106887.164,6901.446,11476.737,2910.7598,3075.282,3892.2375,7550.8965,238332.4,2786.2156,31707.855,10112.7295,11975.21,8020.3,42069.953,1620.3688,2078.3003,5285.9062,3395.769,3721.3403,1038.1788,6063060.0,30905.484,16342.644,9454.846,43135.875,630.0131,31886.227,13892.76,663994.5,253472.16,39286.473,9825.571,2537.878,61059.176,8804.676
bronchi_94,bronchi,37415.074,206759.42,183923.58,4937.9575,590571.6,11470.839,1517508.6,37016.46,13906.36,30495.26,19037.645,754243.6,2132.5918,34930.438,311716.25,122930.47,11786.636,16686.496,24680.861,4428.3135,114727.19,224997.22,732.2086,14304.706,4119.0547,104811.86,29270.803,21145.596,3101090.5,101217.984,54067.57,252081.2,19781.695,11189.556,12330.524,582203.56,36206.746,178902.12,8608.071,43728.81,4734.1494,41389.867,88284.77,171895.77,70941.25,74787.24,20551.846,35393.402,6189.01,28812.37,638375.8,18570.63,88176.06,29855.34,7633.4985,10736.453,32.3073,20829.387,4801.553,10436.202,2278.876,11200.756,6386.872,6804262.0,4848205.0,103231.48,6154.5483,19254.021,11297.897,82010.85,7249.9336,1441876.4,190796.33,13050.904,13606.486,3272.1646,66982.06,22297.438
bronchi_95,bronchi,268599.75,224010.84,473002.6,10392.558,592920.4,15260.595,4429.788,25708.121,199577.0,73617.64,32427.785,678993.0,15205.431,45072.816,1590949.8,178985.58,141810.52,7440.1636,5025.3364,11854.391,53412.79,460518.12,297574.47,10871.6875,3809.5295,56835.184,17845.695,33540.695,3724347.8,46887.8,113604.664,441889.53,30171.95,69627.914,2610.7754,567205.6,87446.9,15552.849,5281.5264,5598.631,8563.711,5901.5615,142607.16,152678.34,58655.02,61289.86,8817.879,5810.5054,4292.685,31204.082,1140960.6,20097.252,139099.47,2585.5518,28659.8,8649.724,79768.37,6340.9644,4868.1655,5688.993,10623.54,2138.3662,8169.2827,5440274.5,242432.64,634208.8,12564.0205,5825.5166,8811.767,392380.03,14723.543,520037.6,208216.58,7925.813,19603.63,15683.377,124319.3,29525.463
bronchi_96,bronchi,308946.72,105004.45,555352.3,7494.171,408142.66,37226.4,89681.15,7335.797,2501687.0,78529.41,33133.016,954672.8,104141.2,7800.8433,1760458.5,91196.09,152555.94,3113.504,5832.8613,8562.347,30122.525,40668.688,305303.7,7130.5776,5001.3066,73226.51,16722.07,51099.71,4924975.5,102025.86,56278.39,382184.56,21526.615,49214.676,2467.6758,850813.0,94029.46,7859.732,4233.073,10085.673,6967.521,1563.8124,89549.36,82626.49,15505.558,50657.72,9753.313,1200.4733,2208.308,34266.305,488203.1,27263.291,258048.58,3504.5735,11444.208,10051.5625,75082.24,4714.4385,5670.784,6420.858,2909.931,6487.708,8154.0566,3108555.0,336767.16,97159.4,19722.432,2910.7764,6758.522,89042.66,7256.319,150886.2,166063.75,5402.849,3040.057,15960.101,38531.766,16257.887
bronchi_97,bronchi,276406.0,437271.88,433977.84,17599.564,840135.2,9501.719,368203.53,46380.793,9135.444,38123.543,49722.83,1105906.5,97661.516,14867.6875,1432315.6,79196.07,241109.61,16845.035,18367.855,20738.582,94586.27,917789.06,599969.6,21478.586,6044.5225,41024.19,17617.988,24104.785,5948098.0,63361.727,79847.29,443403.3,45003.02,27286.104,14479.591,494910.84,84088.805,111525.22,12664.356,38096.285,12219.609,28611.217,168650.1,225364.88,102916.914,113400.08,9170.661,30231.256,9877.636,58036.266,746589.8,36986.785,66276.1,13396.378,43758.555,11278.077,87034.98,16733.973,8079.2344,5874.3906,6081.5576,20386.03,31029.555,8036954.5,5659559.0,143307.11,21862.248,8334.997,14693.425,29897.625,19427.428,1296698.4,537717.94,12511.931,11402.98,13830.333,198716.47,32150.055
bronchi_98,bronchi,211870.81,72349.984,96994.51,5290.547,81331.82,14137.877,11920.979,13941.433,91979.58,66553.4,16823.746,629169.5,156097.78,63070.594,1242341.0,285281.84,90051.39,17535.395,12157.208,6178.4814,30170.223,500387.62,531826.44,22744.045,7459.491,53635.04,17806.916,45911.176,2644297.0,50562.203,250789.22,568859.44,38490.63,59391.164,7291.7026,186173.45,98947.67,52602.992,20114.203,1251.2266,3141.7292,1886.677,142858.17,138959.98,10267.874,80561.7,4856.3525,6302.5664,7161.693,10050.076,1126662.9,1784.2577,36567.125,18918.512,29202.795,24336.03,85776.37,1837.1191,2812.3562,9498.067,6412.638,14548.139,8177.788,7355435.5,12692.034,946243.06,2941.5264,59154.54,1106.6135,410827.03,18232.992,1805172.1,33485.242,48641.805,11275.722,7603.0527,263640.53,23384.818
bronchi_99,bronchi,240448.75,68381.195,207761.16,6326.1997,230701.8,14104.598,3550.384,7398.038,1287551.2,31083.965,15686.31,839944.5,133137.19,6550.135,1488448.2,73385.695,70919.805,4743.0947,3943.0315,5467.288,37938.203,104605.65,210144.84,6495.1626,3573.0159,27897.63,11193.067,22479.594,4565517.0,75338.38,25675.385,308799.72,23570.123,13386.301,1726.2776,638863.6,56937.938,23687.78,3941.2417,4639.265,880.12115,5588.7974,122342.99,75605.34,4270.658,25447.766,4083.7734,1730.7632,2287.4543,14421.087,351614.4,14764.491,48083.582,6164.301,7690.809,9636.556,73474.766,3805.7231,2333.6853,4552.388,2397.0085,5869.518,2663.7285,5726086.5,823.2507,64623.523,9675.716,3855.5427,2344.5828,58928.297,7469.544,502684.9,45389.094,6894.156,3747.5667,7381.2915,83745.16,12707.114
bronchi_100,bronchi,54611.816,209268.47,117507.266,4511.6914,308959.1,8246.347,7911.5083,22644.396,4047.014,19754.113,28290.229,404593.94,7137.763,10389.941,938577.6,68584.836,39546.074,8778.171,4151.3096,7713.259,67861.08,468065.2,92923.07,9008.796,3942.0085,35981.004,10288.51,12900.703,1733548.6,14162.224,34497.113,277527.53,16468.143,19674.656,3090.6313,328720.03,49302.477,6203.5547,4837.9233,8310.698,4138.1987,6280.4946,152124.16,93196.42,19489.244,41841.242,5523.364,3297.009,8142.857,25287.05,503114.16,15081.626,39143.645,4421.1763,21803.32,7720.354,59643.527,6021.499,2917.937,4799.163,5410.172,6593.1973,10106.549,1266731.6,582476.8,50471.34,6739.3457,5547.6885,3695.0508,26343.912,9643.01,98568.39,28230.125,9248.354,14365.655,14580.226,46156.105,13750.025
bronchi_101,bronchi,6268.6685,165422.62,141686.83,5908.546,452517.53,4266.424,14543.838,85833.32,1320.9238,31831.14,37373.742,391886.78,24880.375,9314.525,110715.8,79890.555,3203.61,13831.573,9476.793,8095.0625,101510.31,571033.1,12164.399,15645.804,4200.544,54413.637,22264.861,28224.014,3029222.0,21009.586,69108.59,234416.19,9368.295,14987.648,9323.698,235498.69,54204.906,5556.0083,6484.3916,5006.0654,12836.513,45570.395,174009.8,167445.72,35456.78,97791.25,13459.888,32650.879,7688.0586,43333.793,713554.1,23526.127,75712.42,3490.267,21866.521,7846.7812,658.21344,12800.558,5008.334,9257.797,8704.046,6800.528,20940.172,129895.37,1242197.6,44021.043,10628.101,28409.572,7953.211,42801.08,15599.227,22468.254,96688.53,14421.417,15546.309,11754.203,13183.716,23476.234
bronchi_102,bronchi,11873.774,96694.07,171633.5,6259.324,165774.66,5071.2847,4831.029,41801.316,739.5335,20539.46,18707.047,231733.55,24358.553,6303.2036,524971.7,123253.76,15438.991,9458.67,3329.0657,5048.316,111357.086,904675.75,15053.604,9293.565,4446.4043,45382.168,12075.496,19761.576,1855211.5,10664.3,60214.773,219629.67,19849.844,17457.418,1458.5945,161480.6,41684.75,3172.5007,4830.181,1575.9207,6079.986,14547.667,191872.72,118447.42,8446.308,73945.33,6266.014,12303.365,7952.354,11063.961,488153.28,6587.577,46574.72,981.9926,16218.844,5862.6694,5098.679,2793.351,5248.141,11708.53,6951.165,2046.2239,11458.844,923739.1,61182.99,38308.95,5221.024,42091.785,1467.9884,62075.293,12506.348,32197.002,29613.307,19820.844,12290.452,14425.2,5361.962,12888.958
bronchi_103,bronchi,76556.05,419578.44,236101.14,3917.627,543675.7,8390.944,95974.25,73873.93,11918.773,66343.64,44663.87,513294.16,12798.909,14899.328,1238380.6,275485.2,22190.283,7114.8774,13199.568,12095.968,127860.91,962820.4,11737.533,17580.256,4324.2607,74385.484,24293.848,97182.47,4927108.5,64118.777,69785.664,392037.4,31871.328,33763.43,3686.854,560492.7,68912.86,10024.114,5265.0483,7136.79,20526.086,30775.098,112124.35,232674.47,83365.53,77126.914,17068.857,23375.564,5078.5215,29247.139,896840.56,23513.117,163074.31,1383.3083,35561.664,6482.2026,225.97058,17121.162,2760.4653,6861.0674,7165.0063,9292.359,19932.006,5309590.0,374077.2,277989.5,9946.402,21850.24,11746.717,422404.9,13087.188,988269.7,233438.16,16243.179,50419.523,16438.908,82387.766,50024.86
bronchi_104,bronchi,35793.516,427246.34,248612.22,12587.889,901042.2,4417.437,187414.56,47060.727,12222.232,42569.934,41622.82,727264.9,72931.28,12118.67,790462.44,123080.266,9873.331,19812.094,28527.105,18164.295,103542.85,789793.3,41471.14,20127.867,6700.1714,36144.887,14315.774,30315.996,6602443.0,112472.2,85512.625,411821.84,26345.67,20360.129,13692.092,424622.7,76341.04,30586.31,11747.624,90899.56,9208.877,47990.902,159968.36,231537.81,95509.95,116534.0,16587.373,42074.81,8842.648,58242.363,750876.2,37361.805,42369.766,13111.201,31697.002,9021.719,1642.9421,21377.14,8345.314,4930.248,2601.8884,10237.385,39658.17,3804249.0,551419.0,57926.062,14774.225,15718.6875,12239.275,33257.4,18451.29,591815.4,268481.94,15397.832,14128.159,15319.918,50131.027,42412.418
bronchi_105,bronchi,521184.0,294435.38,306870.66,22042.55,1161156.2,5507.481,132669.61,39596.305,20104.46,51958.465,45425.426,1117259.9,214528.84,38782.758,1417801.2,142026.53,322471.78,25173.79,14208.438,18612.957,60466.08,1014350.06,970279.3,20857.336,7486.041,59468.36,27298.39,25329.508,6009248.5,36749.727,51289.05,486978.72,45992.863,18583.867,16400.197,290748.5,73522.78,473466.56,18228.68,27017.68,10210.744,24941.361,130521.47,234981.8,139864.08,127757.54,15703.509,31278.121,5883.75,62899.043,903924.6,34933.203,43531.12,25228.322,25656.879,23104.805,103348.4,23245.42,5404.942,6056.076,4920.7153,17318.83,14290.987,8285451.0,3428681.2,137339.61,19059.154,9115.322,13589.406,43444.523,20456.006,1962811.9,934672.44,11005.183,9594.525,4519.768,339300.03,29331.498
bronchi_106,bronchi,130043.62,170786.73,260725.36,6706.6353,521278.94,3235.5183,3532.7622,19653.408,8756.379,31928.463,27990.988,356870.66,14186.557,39197.215,434734.22,111679.125,60103.758,13875.624,11866.5625,8407.511,29480.584,247486.67,421192.5,14638.803,4577.928,39001.223,14863.547,11944.696,2448274.8,17370.953,64927.273,308673.7,25196.15,30048.67,11066.093,65991.15,55661.133,21452.383,11440.17,68906.68,10672.806,13049.685,99746.945,100977.234,28063.613,54437.254,9091.714,5985.612,5262.0864,24618.822,721831.0,13685.76,21928.967,16707.166,17062.527,16062.612,58188.062,7808.7715,2754.1167,4829.596,4237.8164,4702.532,13576.335,4102275.8,1227998.4,133938.73,6384.923,5562.721,5785.028,77261.05,13078.717,881435.44,332135.3,9215.713,6482.1963,6455.8184,157816.17,13040.577
bronchi_107,bronchi,519527.0,379402.8,373677.84,18144.66,1080998.2,10651.268,148530.47,74192.85,27251.828,62281.594,47570.45,863798.5,202550.03,33433.484,1288626.1,226155.47,354406.62,19251.176,7384.8125,18512.26,94809.34,1201732.0,906549.9,15946.012,7691.7627,64504.316,28545.994,33057.168,6158668.5,21811.307,51097.324,434595.78,47628.69,19772.453,8644.23,436630.16,69757.38,102005.43,14024.944,11949.243,7281.0557,23804.865,167662.55,229324.22,138388.4,128523.65,15099.689,43886.566,4619.0547,42702.367,1166863.1,29693.059,81349.586,3187.9521,33177.504,12042.706,103669.52,19743.96,2452.4421,7071.753,10076.337,4205.8164,10702.867,8304373.0,884673.5,238637.4,15439.0205,19653.389,14329.681,103961.59,19950.986,1900899.1,722135.4,12906.376,25875.707,5548.668,286962.97,54490.387
bronchi_108,bronchi,222039.17,582779.06,90298.98,8943.209,689552.1,8663.991,232731.73,29040.377,9268.071,28737.258,21853.283,724329.4,262314.56,19643.963,676254.94,183856.94,20370.346,15549.675,8146.912,12324.682,108665.7,875434.7,758451.06,17557.836,4055.6514,72702.39,24063.967,18923.6,5079964.0,111342.96,58662.906,450352.4,44801.367,23067.111,11534.184,268345.25,56365.406,94605.4,12863.905,120451.51,3358.9436,5788.472,85067.695,246760.08,24287.107,124565.2,25180.297,34955.965,4215.0015,49131.953,987732.56,29324.758,59517.836,16253.05,8537.075,15276.249,75492.23,18027.383,10367.856,6834.784,1698.6759,16237.153,20875.227,8309213.5,2251740.5,111172.77,7519.8833,10088.81,13788.635,173543.94,12750.162,2000647.0,805553.44,10659.784,21914.018,4125.6377,104290.38,13627.201
bronchi_109,bronchi,172764.5,87198.484,206540.06,5140.976,214465.22,4499.7646,3012.5464,16733.254,2439.7573,21053.875,12508.16,206497.72,15011.567,7575.4883,580110.75,145907.88,69808.83,8388.4795,2869.5305,3035.7676,55465.703,427089.9,292576.22,8003.3506,4324.603,38540.438,14302.277,20409.082,1674920.5,10683.133,94926.15,284767.56,27157.75,19915.055,1376.0073,111543.625,43707.336,3723.2935,5046.0005,1537.9054,5768.118,891.0221,167220.86,91036.46,5261.0776,40909.715,4575.0903,2926.2388,4382.9272,8274.963,363124.1,2475.5647,63070.414,5073.733,15560.994,7271.714,60677.734,1689.3915,2870.6792,8897.012,5763.922,3300.735,3488.3032,5525235.0,19436.658,67203.26,6031.697,36526.625,995.205,158382.64,10459.191,418397.7,81598.93,29961.334,16077.984,5273.8696,43691.543,9635.278
bronchi_110,bronchi,282818.9,103571.69,249269.6,5474.3643,354412.72,3183.603,1706.3407,15985.755,37001.11,54404.76,20043.904,696011.0,17207.76,67196.336,866676.7,238210.84,79309.37,11244.502,5897.3975,3569.173,27315.318,257330.48,300562.34,13726.898,4773.236,45888.81,13745.004,16840.635,2559215.8,26553.5,238565.95,495666.12,35766.934,89897.36,4931.913,55981.242,92229.39,52845.0,6577.5444,1879.7643,14978.831,3827.2246,153342.0,99959.21,17234.236,28778.754,6581.0083,4313.9155,3693.525,10224.65,1184658.9,2743.2878,37807.38,11297.067,17463.879,16938.088,51791.297,2303.7627,4123.277,6236.1187,9428.767,5303.107,1159.2649,4411538.0,496455.7,1019650.44,6329.0425,8448.556,2992.707,599951.9,15506.282,1204601.6,144835.78,11546.323,18701.98,1362.1775,159347.28,10013.25
bronchi_111,bronchi,449593.72,390877.12,103550.85,4230.8125,388218.66,34980.777,1188531.2,36521.12,243615.34,45606.484,33297.164,860960.3,1157.2103,62396.87,1772973.6,348784.28,416919.16,9429.746,3792.7449,6274.0464,132534.81,813492.9,27240.783,20174.201,4889.1763,64328.68,13566.86,85427.445,982159.6,5100.9023,221427.42,461263.56,51092.207,76850.914,1804.414,763214.5,100320.4,9837.809,8137.2905,1271.5839,29122.445,3740.7556,381952.8,211398.53,125508.305,67838.05,10075.712,5285.538,3013.8743,15565.536,1254504.0,3540.1165,169390.92,232.14435,52651.023,10256.726,1744.9882,1743.1542,2372.0078,7400.5225,21677.174,26017.05,1492.4719,8265957.0,376327.88,1264380.5,5526.2886,12069.797,6776.8677,652002.4,9413.455,1794740.5,953.37286,41878.367,127562.51,12382.804,282554.7,48726.773
bronchi_112,bronchi,84443.93,86101.414,73560.234,7214.4224,415511.62,4458.1343,2200.2751,15340.475,3995.563,18292.21,17565.607,346498.7,12937.211,19205.184,415977.5,38243.496,41175.098,9520.206,4229.816,6355.3027,19684.266,115192.26,180355.67,8002.1523,5112.3833,38554.555,11547.095,10268.98,1026012.3,12430.502,22754.871,249540.75,15868.577,16578.58,4538.8164,93510.875,54157.574,14527.979,5476.861,24296.234,4394.4985,7410.496,150085.67,75117.766,4697.175,31333.863,8017.08,1727.4312,3238.9556,35735.46,561524.2,20264.912,19663.926,12539.802,13437.697,15775.984,82925.61,6813.487,2843.4675,4272.4756,4191.546,7696.7163,1737.8927,2453494.0,966852.44,52387.117,5977.5957,3320.6511,5323.5215,33165.418,10470.29,175855.25,85151.95,5946.7383,6402.1875,4037.0505,59843.344,9378.531
bronchi_113,bronchi,88082.09,47482.97,55565.824,5180.6772,148855.06,4541.0254,962.9812,11202.508,2213.243,13401.208,7794.001,182376.58,28565.602,9716.305,382632.78,89381.27,52572.8,14613.095,3708.5686,4200.8003,28415.668,547380.94,125729.336,6137.9985,5330.778,24745.229,8553.278,9315.28,1166483.8,13296.188,18884.152,152556.53,19780.582,8143.735,2428.0005,80638.336,30714.168,7875.6636,7403.3604,14825.223,862.42554,4179.8755,144766.33,67396.0,3334.6057,22149.012,4880.4863,4652.409,3910.2197,9226.099,340199.16,8458.376,14967.792,17230.719,7488.955,13570.937,68983.945,2885.5776,1895.4293,3772.6821,2625.392,2207.9995,2887.552,4843851.5,988.05975,19510.074,2912.9932,10083.816,943.0271,19831.318,11371.799,733503.1,33593.36,11116.573,4739.6255,5991.1235,95593.15,10290.982
bronchi_114,bronchi,4866.1924,309492.84,75612.625,4755.666,411631.4,11607.184,42352.11,77864.125,3158.2117,34291.543,21695.727,163555.73,80268.21,18355.596,112968.96,235627.64,1403.706,18398.625,14358.095,9647.767,118274.266,1043066.56,2288.8286,13921.993,4350.064,78046.05,25052.168,44593.258,3726778.0,111873.24,62971.066,326311.88,11001.373,21290.303,12073.146,338914.88,47292.48,15462.599,9099.14,69918.03,4211.232,52205.473,102656.85,256509.42,33284.88,110415.805,25387.115,56692.645,10665.286,42678.062,967273.0,30203.504,42356.957,3178.2048,18526.23,8214.702,33.911377,22743.545,6856.691,8628.843,3178.8293,5363.9414,24748.273,1935679.1,338077.47,116187.0,5364.1,68753.15,12399.184,231415.08,17994.85,154660.44,182429.62,19985.19,20455.227,8957.038,9940.19,40978.56
bronchi_115,bronchi,342019.9,414602.78,868872.25,17150.072,1504799.2,29810.357,100263.01,21587.49,835557.5,105562.21,51152.566,940845.0,46335.21,52828.473,1837224.5,182421.45,220077.73,9417.343,18057.445,21265.586,55499.04,227301.45,439302.44,25800.893,4487.21,69755.39,16081.404,63421.035,6760253.5,112890.336,125614.04,479150.0,35832.86,74330.38,10656.501,787899.06,110118.31,112059.04,8008.8945,106252.97,17853.441,18019.459,102019.44,210673.98,215293.53,87495.54,12806.382,7272.144,3860.1538,51515.676,1292850.8,40102.137,251469.62,6399.025,21754.965,16953.926,45788.523,20997.707,5939.8506,5692.2773,6498.806,4434.6543,11167.454,4929825.0,3666834.5,770359.6,23105.047,6119.8115,11677.015,321948.78,17821.85,1185378.8,505339.62,8988.317,11617.55,9459.41,165461.92,43670.797
bronchi_116,bronchi,56358.74,292954.84,201272.8,9145.121,416332.7,4587.2563,6070.3433,40081.105,2295.9138,33559.48,30702.16,405589.88,10841.06,19139.832,1063238.6,117046.47,19997.543,13515.266,7357.6387,10391.665,80582.375,822288.9,319367.5,17598.725,4919.5186,43947.133,14264.951,21211.422,2023496.6,12039.536,79823.16,337938.22,30812.396,32026.145,5088.0786,176077.27,58422.887,7088.677,6642.2734,9622.577,6709.8154,21591.465,159368.1,176130.5,16826.072,64237.945,8860.876,15608.171,11138.531,22868.852,658762.56,10709.801,39885.11,3229.7178,30613.803,8396.437,43161.14,7179.3037,3760.2756,6280.3687,5535.9536,6365.7983,14529.559,3116456.8,621173.25,144121.23,6060.6816,20095.03,4699.8774,149902.56,15244.39,505012.5,135890.83,16882.768,27507.727,11317.807,65401.887,18079.105
bronchi_117,bronchi,135080.8,130915.41,161276.98,7735.479,391121.75,3135.1724,22198.604,14864.525,3013.006,16990.281,26859.291,483361.84,3871.091,14294.872,708851.06,42495.824,35400.254,9864.756,10690.278,6723.423,40757.215,217562.28,69755.52,9485.447,4936.1064,34154.69,10745.345,10859.2,1968283.5,14971.762,22676.209,259685.11,24822.52,11748.487,7439.021,62437.707,37387.36,16039.099,8559.097,63232.484,7399.0825,5876.2793,102859.91,87567.99,8589.184,25192.21,7547.3105,3443.796,3906.3052,19273.367,407941.47,14511.25,18091.87,18749.934,12395.163,14066.312,24475.688,5517.6714,1974.8024,4666.6323,4401.164,10346.154,9565.943,2380016.0,614730.2,47266.28,6629.8486,4669.504,2608.9963,20951.219,12254.413,513723.62,161776.7,8403.414,5081.041,6886.631,103662.8,10182.473
bronchi_118,bronchi,585286.0,256482.27,567976.44,16248.385,1154363.6,21578.95,372465.66,51525.16,20436.04,77754.375,51946.87,961665.94,256315.75,27945.697,1644142.0,134124.47,339072.62,16941.027,7670.0044,22243.723,52012.305,836070.06,1029028.5,20592.969,6239.7007,112039.91,42079.145,44047.04,6072730.0,36076.902,50117.547,475362.28,48040.36,18659.383,12645.564,368365.78,69956.79,67558.74,12245.078,5135.717,18453.945,32317.873,147420.56,203132.88,141010.0,130156.4,18794.639,19045.6,6612.8535,53818.99,962343.0,34691.902,56655.242,4308.968,27585.412,14715.12,104700.266,28418.514,3946.0981,17012.87,17745.51,10607.947,13786.202,8303272.5,3840281.5,237116.78,20850.195,14038.273,15119.807,80852.875,20500.34,1961416.0,781992.0,15765.3955,14979.16,11501.085,293914.7,35424.066
bronchi_119,bronchi,41239.902,60761.004,32137.24,2691.6821,172621.22,2578.4832,600.70966,11629.845,1670.7385,13172.743,6444.302,52017.516,5581.5947,31707.613,283410.75,146032.73,14311.023,15752.529,6091.427,4573.101,18789.746,521384.84,294051.5,8229.14,6174.858,24670.906,8060.3384,8254.947,313790.38,6715.815,34229.723,164295.5,29450.094,22886.83,3045.3252,23131.328,50915.49,8977.334,6926.3135,29006.164,821.6412,17250.236,128292.07,54127.676,1582.643,34336.215,5859.5107,7433.3115,3180.6372,8317.518,591391.7,7149.926,11965.231,11763.9375,6291.935,12097.779,47468.39,3136.0369,2610.5261,3533.6855,2386.8682,4086.3452,2252.316,2448183.8,6340.0693,148955.19,1821.4777,6083.35,2346.3965,136635.05,11450.606,552475.94,16375.627,6847.9854,3753.4521,4988.043,132638.88,9823.21
bronchi_120,bronchi,331482.8,97402.47,398767.88,7651.1387,596107.94,8449.757,768511.25,27434.84,16519.598,32013.014,18276.986,944435.44,6112.6826,26979.52,381247.9,80952.1,369288.78,12480.955,8030.7026,5727.706,126949.99,478644.88,48965.38,11793.101,3771.2139,32252.904,18111.758,39096.86,4254669.5,11322.243,49836.1,333088.2,39335.734,18156.12,3066.5342,540367.94,47635.688,28091.275,10938.513,1403.2333,13653.714,5248.3364,118619.13,154558.55,26141.162,71552.64,8061.8916,13493.705,3846.5278,15940.735,441179.6,4148.7163,192286.53,7105.1323,15996.3545,11825.765,3656.2292,4227.6455,3332.6787,7360.601,4226.0005,7554.2676,1856.5396,7817934.5,3551198.8,117062.984,9007.567,15414.803,2759.9426,127783.375,8823.095,1378952.0,221878.1,27116.055,10675.147,2834.9612,191254.14,18555.406
bronchi_121,bronchi,245356.81,427035.34,337096.8,16519.504,761759.44,21512.393,1423547.1,44142.457,35763.113,56751.555,43216.746,829455.3,201902.22,27357.057,1711062.8,150397.88,122559.04,20828.791,36284.418,10580.666,107513.96,706980.3,480485.25,16475.416,6282.034,131926.1,35984.09,54458.645,6456193.0,170567.16,82499.88,475010.16,42065.22,23700.254,16976.092,736001.9,71859.96,222190.0,13049.909,37472.176,2585.014,44739.027,191350.83,224525.22,49011.21,119221.234,18985.625,29328.03,5404.395,51495.047,872303.7,28584.406,72389.05,17196.916,18399.975,10274.398,62302.566,21975.025,14222.051,17549.783,3121.8108,20472.303,35226.61,8252842.0,4448377.5,209924.9,16776.895,17144.396,14852.069,30830.268,18192.398,1708791.2,440539.7,19562.318,8365.9795,12258.294,68664.81,32261.703
bronchi_122,bronchi,565866.2,538939.8,399084.78,23879.016,1599997.0,23095.574,1232194.6,23646.18,164595.36,40706.33,48374.09,1136752.0,122562.66,37682.074,1930754.8,264658.5,70516.97,18880.174,23871.797,23600.512,109396.586,958836.25,339970.84,44752.516,11145.513,67649.01,19663.645,33695.395,5098611.5,50854.73,114980.65,565227.06,51093.91,40571.918,12520.562,518965.97,92952.94,879265.1,15069.778,282155.9,11899.963,527.2189,113374.34,272149.53,146920.48,117832.81,28280.814,13265.004,3415.3394,43530.707,1176329.1,41867.305,20896.799,7079.345,14665.857,24815.3,3584.654,27887.629,4478.0127,5153.255,2203.6987,29707.107,11347.205,8290517.5,1261201.2,168660.55,12157.695,8774.798,13675.505,463302.6,17917.973,2058950.2,894411.44,11649.438,35401.473,2376.079,340298.12,46294.62
bronchi_123,bronchi,156461.0,241295.02,228633.52,7796.7817,390782.1,10557.027,29382.791,36191.832,17721.611,29866.932,26636.49,666110.3,13536.048,8982.481,1130114.0,81087.01,128189.46,14311.952,6765.991,8148.9873,97831.36,792022.2,101344.71,10042.076,4451.102,36334.074,13085.815,24002.47,4131640.0,17809.328,33687.2,294800.38,28478.584,15271.048,3085.32,484024.28,44748.973,10590.045,8214.209,4618.2,7181.6597,18603.994,168685.97,122679.37,44197.51,53753.688,6123.2627,13199.921,9277.261,19973.146,474334.75,9957.384,86293.85,5735.6553,28443.135,8859.474,53583.145,6249.4985,3399.0813,5401.1484,8796.425,3083.478,9875.968,5379632.5,90827.81,33843.543,12437.499,17917.63,3603.0127,30795.357,12329.372,323496.25,67515.14,13625.29,17860.629,16399.023,86675.81,22208.533
bronchi_124,bronchi,102670.66,96874.15,108573.09,4639.9204,234748.64,2422.7397,1117.2277,18148.727,1203.5819,21022.393,10537.552,97242.92,3162.2847,52030.96,500325.12,146621.5,23170.785,16029.725,7941.197,4561.847,34117.58,577382.0,306091.4,13871.1,7098.941,39429.82,11377.831,10124.514,524328.75,10429.218,110843.945,275304.25,32051.17,49541.066,4111.718,16176.639,66307.52,9499.01,8851.981,6848.5664,3567.842,11118.28,109564.164,112340.67,5094.265,43314.742,6721.4155,17211.684,6034.177,9977.9375,709657.4,4214.7725,17348.9,7444.927,10201.739,14137.324,30570.096,4066.3896,4581.1475,5022.48,3107.2075,2612.6963,2533.1343,2524375.5,297496.16,332911.28,2451.303,13560.366,1950.66,419459.22,16247.036,774521.0,120617.84,14915.991,5000.7485,2679.8276,125409.59,9726.114
bronchi_125,bronchi,189862.98,135605.75,222806.84,5666.632,654631.0,12588.6455,811339.0,32862.125,3707.221,23572.46,30650.67,761952.7,34947.934,8784.033,278707.56,110891.84,462811.97,7878.7363,4828.4673,6799.218,109628.02,746773.5,256617.58,10269.147,3938.979,47382.457,17769.71,28860.139,2884038.5,30572.312,44967.152,284786.28,37212.52,14017.87,2003.7446,577269.7,42082.836,7359.843,6136.9097,2818.026,9464.779,1684.8362,160846.28,90655.34,35371.133,84829.68,11487.722,12148.956,6377.2603,15997.804,561140.4,11343.98,101369.36,1347.4117,20812.428,7004.2554,61488.8,3693.8562,2869.866,9947.986,5264.23,6544.0835,7668.68,8198190.0,3088862.0,31539.596,9805.163,7407.4927,4918.763,24920.295,5874.979,702357.5,37047.258,11257.336,22812.3,12656.87,70610.24,22711.574
bronchi_126,bronchi,12818.297,274736.12,114157.91,4798.8105,346651.06,13988.169,649628.3,64031.273,1603.6356,26027.848,43196.1,493068.8,84485.98,7409.5845,386315.53,142624.58,53795.332,10811.239,10606.754,8857.2,124007.875,1025993.75,139046.55,9379.067,3314.9602,78200.57,20623.277,28286.506,2970082.0,75039.8,47296.855,397905.16,10320.539,27432.04,6139.708,671018.5,52098.887,6596.921,4170.325,4951.4277,6181.729,20530.314,201753.23,125856.984,93314.35,109449.08,13504.107,34724.31,29372.031,21999.182,777347.06,22347.402,66364.2,625.1357,17888.178,5444.6606,3230.4973,13142.738,4765.175,15966.48,8280.087,7645.9883,30800.732,1945400.5,3101753.0,132350.9,10001.7295,27508.33,7552.085,36502.387,8944.216,11862.07,40803.305,10804.302,20604.383,23052.816,9686.704,37557.004
bronchi_127,bronchi,135025.16,76684.21,142901.36,8254.396,221633.83,4373.013,43492.984,14827.471,994.3693,17394.81,19759.107,427783.3,4628.9126,10768.254,889335.3,35969.406,33403.496,12556.066,7561.563,4839.557,48107.94,290450.03,72680.83,9759.231,4612.5913,19765.043,7659.3677,11672.349,1900862.9,24016.232,27059.402,255987.67,34303.516,15418.964,3913.8096,62905.4,39776.24,8001.8394,8244.892,24255.695,4474.554,7412.4116,103555.29,135881.23,4112.2944,18252.895,4549.97,6252.5454,5396.6426,8647.95,316574.66,5373.446,16672.56,5734.0034,11971.2705,9738.051,5718.262,3295.1885,2460.0747,4539.501,3030.3713,6640.652,2144.2195,1896987.4,226372.75,60185.492,4495.367,19946.895,1053.1256,49750.1,15310.803,444592.3,179377.4,21015.338,7707.39,2996.6582,52746.113,9070.502
bronchi_128,bronchi,89647.28,52802.785,89682.945,5314.7896,181826.56,3918.7744,1189.8473,11432.175,1359.0863,14036.814,8408.152,170665.11,26856.371,6192.83,387619.34,115022.66,69512.07,11206.847,3354.8188,4958.99,32253.305,371859.44,210253.89,6745.223,4418.495,30350.97,9515.976,11043.792,1399302.9,8089.1504,23837.83,177238.89,15916.642,8861.653,2743.7576,70622.7,28755.324,4132.3335,7955.677,5969.7783,1759.586,914.5594,134415.53,65503.883,3744.44,29029.355,5239.8076,3074.8564,4769.3174,9135.653,315662.4,5407.964,19843.088,16002.81,8320.327,10594.105,70207.42,2341.4822,1925.1991,4591.993,2996.0264,4255.673,5211.615,4066491.0,1733.4465,21123.564,3553.8845,10102.983,859.4692,30298.826,9268.346,781913.7,55766.92,16089.352,5255.3696,7661.757,87170.3,10560.492
bronchi_129,bronchi,22919.004,204927.28,140950.97,1994.206,343909.75,5283.5723,778275.0,57754.29,472.71457,23678.314,33002.58,668355.94,7249.256,8520.505,223982.22,118317.92,65829.09,11201.013,10725.338,4592.475,117988.78,908190.56,8081.192,10668.227,4379.5005,82965.16,25260.73,28538.398,3261732.5,39735.367,56871.727,303151.75,16277.762,22692.564,3938.9377,387588.28,47207.492,4766.211,4074.5862,5478.3813,4514.046,13320.584,174116.86,84903.164,19372.902,80849.945,10132.193,24190.57,9861.078,16764.738,683166.25,12724.238,68625.6,928.5398,9917.68,5971.629,655.5135,6538.749,3701.0938,18716.469,9391.681,9625.634,24872.428,2610127.5,2182601.0,104779.48,7357.9546,12247.216,9162.216,36275.527,7312.2974,17123.562,6114.5195,8881.36,19774.734,20409.53,13615.145,16967.498
bronchi_130,bronchi,373270.38,79559.13,110171.56,5238.4185,361129.7,10599.412,623436.2,39824.863,2204.747,27605.256,22003.084,360011.75,243323.7,16929.334,586035.0,159940.6,384114.25,14612.146,2429.5496,4323.555,80628.03,1112783.1,830480.3,11638.466,7539.137,154301.98,40512.258,32610.236,943294.06,9730.149,23719.904,149737.25,44970.63,11390.273,2211.0173,214475.86,38500.76,10467.794,6578.2656,3512.2712,1469.5457,3054.674,141703.72,64935.324,10424.026,110066.445,17362.54,24521.55,3855.7378,13015.068,841719.9,5947.748,71807.35,220.45564,6472.3115,11699.634,104530.66,5878.9814,3202.7852,29183.166,6566.28,1740.5231,3193.6199,8311995.5,4314439.5,42543.996,6322.4116,6161.908,11969.181,100551.04,6815.736,1377754.5,86015.07,7841.1772,26115.72,5458.753,52408.703,13648.051
bronchi_131,bronchi,304660.03,199716.19,281238.2,3717.544,641925.2,11442.637,536842.25,27052.229,1791.0621,24367.174,29454.42,743438.0,260563.78,7678.5977,679219.7,83234.14,350271.3,10415.986,5867.3066,7717.431,98778.055,916315.4,959850.9,13934.8125,4114.904,126909.08,38047.777,24417.375,3881268.5,106489.94,80252.37,337812.22,43350.16,22405.729,6707.9663,322597.6,64549.61,12287.909,7539.799,6784.506,4972.708,1925.2927,116019.25,135565.8,32227.047,121637.98,15050.259,16841.004,7924.3394,23264.85,753142.5,16704.68,82389.18,2303.2078,10585.167,7301.3345,103597.47,9120.818,5339.5967,26064.213,4618.5747,10276.897,41563.36,8307676.5,5539359.0,59838.836,10827.265,5276.2847,12650.764,22545.379,8671.291,1317467.6,103811.49,9789.492,10332.477,21612.314,67092.02,15298.9795
bronchi_132,bronchi,634408.44,420534.66,616174.06,8672.664,408138.75,48480.316,186125.0,13639.527,1441813.1,69809.3,44513.973,1012876.9,47804.348,47944.93,2202799.0,322720.97,396900.06,7385.3125,6822.7803,11099.601,86675.65,751800.56,331022.22,20869.076,5436.99,131525.73,21418.404,88357.47,4240200.5,54187.953,137465.0,532617.75,49894.453,74358.82,2740.4783,918105.06,97542.37,15476.363,4736.9634,15318.485,11300.937,7042.8623,110159.586,205433.5,107320.45,116757.266,11564.453,7535.4927,2121.2651,19916.195,1313832.8,9387.785,295874.3,268.24985,19218.008,9505.398,71707.77,5545.054,3407.4053,20582.17,28037.584,1369.2007,6850.3633,8260968.5,11705.125,1131770.6,11939.64,6095.356,11036.043,703197.25,13143.064,1774024.0,99575.58,12783.099,17229.453,20494.006,238728.23,51387.805
bronchi_133,bronchi,87932.28,19161.857,142467.56,1476.8141,259511.31,34176.457,12091.25,41348.125,1861.2106,29273.482,15786.927,182314.31,89223.21,8626.745,191437.89,52342.97,292947.84,12572.615,4150.953,3037.8042,96114.39,771572.06,26107.477,8265.395,3054.193,22160.803,10791.305,115449.39,2550354.5,1370.3943,29683.545,191367.98,31009.557,9803.555,1349.1779,361112.47,37474.57,7263.7837,10252.823,843.8005,17897.46,4618.6274,148332.58,103125.4,32305.639,50154.6,3870.131,7543.41,3577.8625,7185.312,321727.2,1763.5985,205546.56,7987.611,31300.77,7963.1924,9318.586,1406.035,3283.7878,6708.977,9149.23,3177.0437,1068.6,4035249.5,139208.95,32291.285,5129.7095,103257.375,1131.4906,207104.77,9248.609,276107.78,9735.014,60227.18,6765.133,3757.8335,20502.314,16775.215
bronchi_134,bronchi,32863.28,90870.7,246053.92,4108.1187,442155.1,7612.0576,43302.27,63184.562,8058.025,52827.516,41333.734,546109.2,21318.688,16688.533,735399.2,230537.94,59297.555,6360.348,7919.39,5231.877,107842.37,911852.1,99265.91,12952.656,4602.8384,97241.25,25164.547,78929.68,1412192.9,16989.002,130857.37,360344.97,24791.834,44579.355,1800.0708,551588.9,66417.39,8738.225,3806.322,1508.2029,20311.08,9757.929,241684.0,129831.836,43318.914,95524.8,12178.562,16290.605,5309.7124,13290.078,1113356.4,8517.539,82912.086,140.22914,24745.842,5742.071,1037.6031,7360.952,2982.6287,17846.342,30607.117,7636.0693,21583.559,2705696.2,145524.33,436917.16,8437.588,22799.795,7614.563,491139.5,9361.8545,179065.98,26467.764,10581.211,51770.95,16773.791,35476.504,41611.27
bronchi_135,bronchi,252016.3,194183.9,416323.16,8458.514,452223.28,13149.797,71526.64,18712.418,13137.75,38501.46,33802.06,752028.56,35457.46,9992.261,1277346.2,68022.55,241225.08,8297.559,6168.518,9563.252,86363.67,319080.72,327914.4,12656.206,3746.5195,40599.98,15365.47,28772.553,4253339.0,23189.111,51757.523,349035.84,29477.379,21690.947,3578.6714,430775.97,53826.688,10092.505,5979.09,6777.6304,5792.1064,4764.275,123856.7,139104.52,26493.701,40405.836,6777.2617,5895.4795,6943.0283,24000.045,459462.22,14445.77,87388.875,8573.142,22913.322,8882.792,85866.31,6864.2817,3284.731,6004.7056,7135.1494,6159.393,14190.292,5665796.5,775485.56,56143.03,14557.258,8428.716,3417.2622,43436.28,12411.0625,363177.06,194473.2,10641.926,17546.52,14626.466,75542.27,16655.143
bronchi_136,bronchi,240949.86,275393.78,69757.85,2241.1123,396690.03,26293.76,1314040.8,39379.5,2705.999,36419.453,35299.15,553521.75,232551.58,13167.317,779572.75,161311.3,127709.67,11979.916,8024.7686,6405.6997,126737.21,1064288.6,353023.9,11841.758,4068.7253,134302.77,43685.336,24939.197,3901479.0,81631.93,48635.406,340805.75,43483.57,14206.596,6339.0415,488111.38,50479.523,18841.947,6798.018,2930.4,1958.4313,17571.338,189407.42,127367.766,25881.186,109029.55,14707.137,27574.496,6871.2974,29187.732,759772.25,13363.978,83561.91,3633.2854,11766.53,7542.791,93582.69,11032.664,4191.558,23092.49,3146.7114,9319.253,29304.32,8297470.0,2994632.8,130820.43,7054.675,13255.544,12758.629,36032.44,7733.1553,1263621.1,67946.56,14052.205,39064.992,16713.748,33063.633,19930.256
bronchi_137,bronchi,10661.869,89934.92,320879.3,9718.324,347181.4,4906.9165,493606.6,40852.285,2206.8496,25008.102,35628.133,607377.75,1551.8422,6087.7153,452289.72,75866.086,8054.828,10025.988,14630.693,7346.195,87317.31,315500.47,2468.4788,10799.521,3871.7336,35149.023,12615.328,35196.89,3893974.0,64319.906,30180.38,240596.47,6855.102,11124.92,6326.393,429202.53,44264.625,4908.644,7040.6055,18002.865,14450.979,35104.465,115863.234,145961.03,55696.87,64033.715,9747.018,13090.048,6819.9497,19752.758,382093.47,19806.54,55892.793,4735.2695,21482.377,7920.576,40.552685,10109.77,4776.6978,7420.03,11861.912,2734.1743,26738.527,9194.983,1600056.5,21095.541,11484.61,19183.361,4415.693,25383.096,11901.779,6953.254,74459.87,14146.726,5567.6367,12594.975,13599.883,19713.932
bronchi_138,bronchi,134754.62,423726.25,342121.03,13299.601,954790.25,12347.73,45985.8,79719.84,12932.006,86344.234,50093.56,687227.44,47835.633,28789.846,1237367.8,214198.27,16521.488,17616.408,13569.682,17792.928,109434.67,1043451.6,54449.35,28049.379,7475.1387,58401.715,22302.52,76463.81,5673756.0,23743.963,122953.914,477944.7,36474.164,38583.28,8363.06,457835.5,87195.984,35679.035,7355.0356,18207.309,19276.53,30372.281,220623.69,252333.5,105699.42,107117.17,18423.19,26629.633,9809.737,56038.344,1238567.2,34357.34,70729.266,1339.3314,44169.324,9148.725,4188.6924,25288.764,4645.939,8953.066,8303.726,14400.101,12966.389,4611512.5,115126.69,165865.27,13628.293,28179.26,13294.3125,345854.25,19622.58,1081818.1,406878.8,22701.354,27277.908,11463.883,95316.77,56848.574
bronchi_139,bronchi,14437.945,417248.1,255223.95,5624.7036,394281.1,12918.581,342987.72,78957.01,6481.232,49820.94,50716.164,846734.94,51601.332,12072.271,1003380.9,128218.195,13678.7,15349.285,34236.613,9503.26,132011.42,632900.7,39898.348,14256.219,4616.83,40968.906,13157.249,49592.97,5686052.0,123397.6,80609.66,485153.28,10205.516,26524.898,14525.914,715657.9,68671.04,4723.6934,5177.274,90646.18,6183.9287,37560.406,168149.02,169814.05,149570.56,103060.414,10164.24,8024.21,14996.2705,53165.086,812080.56,31257.127,111071.24,8018.9844,27152.414,5933.101,6006.1147,14487.424,4345.979,7333.1665,4010.9487,16528.549,49695.332,432979.47,1467648.9,117540.555,12997.441,16311.656,13537.468,13821.38,13574.096,36532.723,62136.004,21250.502,8206.503,28009.201,12724.797,38135.434
bronchi_140,bronchi,66383.7,264289.75,194349.36,3117.8464,587754.44,21922.107,905158.2,49543.617,3145.367,25698.414,36320.74,542422.9,15572.426,6585.567,642655.3,80006.76,276500.38,7014.036,8478.934,9266.958,129196.84,852295.9,20701.371,9602.874,2869.5867,56705.35,19919.957,31121.162,4446965.0,49518.957,33893.445,275445.25,30088.79,14746.112,2817.3174,665536.94,45784.285,7341.362,5896.447,1873.2726,7683.36,17267.29,128985.22,132305.72,90395.05,83737.33,7992.5947,28056.549,10874.799,17746.559,459468.34,13238.425,128407.13,4057.2378,29959.135,6009.8623,6598.885,5854.008,2598.8828,10108.545,7833.5977,7704.693,17175.87,7577235.5,1881514.2,61235.758,9395.112,21348.658,4155.9136,22512.805,6961.715,392935.0,28260.861,14823.851,31665.88,20739.354,75325.734,29893.148
bronchi_141,bronchi,113463.15,136473.56,272401.9,7096.6323,379056.72,9412.728,936.5551,7174.608,2390983.5,43404.438,26931.65,412324.06,81066.44,54346.215,986112.75,182670.05,81361.61,4036.4731,4659.4087,9064.5,15692.773,49047.168,647358.0,9506.206,3884.241,50219.504,13980.272,15032.657,3650804.5,61757.2,128175.52,376940.28,18338.729,60052.535,4756.823,496973.94,89244.31,31531.023,6577.877,8472.628,5383.748,3194.3147,84427.266,54296.688,18416.25,45586.785,9691.583,1381.6044,2790.0352,28557.186,1175823.2,30574.121,64652.496,4475.442,11514.289,16065.676,86013.68,6865.611,3241.113,4296.0195,3287.3013,5517.587,3147.7234,2597037.2,146060.31,706819.2,7988.746,2757.207,7239.1816,404195.94,7451.6333,517826.9,99062.67,5517.34,4379.0576,4338.0264,182294.14,14100.482
bronchi_142,bronchi,157209.6,475723.72,372961.88,19429.152,643580.9,8971.444,108502.914,62520.832,8664.239,53731.65,44146.035,915932.7,47537.613,21056.826,1322670.8,134554.94,24440.488,19103.121,14604.539,17943.367,104768.586,996095.8,103666.16,20946.783,5586.767,49507.344,21280.682,37287.477,5983823.0,42023.2,81161.516,456370.78,35314.27,34297.92,9644.859,429336.4,74223.49,27316.984,9220.732,19030.564,12399.443,51168.227,175404.52,254084.95,85044.91,107314.414,15241.976,43490.746,8084.507,51614.23,870650.6,33157.543,52213.44,8660.133,44958.234,12384.587,16129.39,20832.168,5900.2896,6185.687,4992.746,6215.4297,22003.21,6476809.5,372264.66,157408.83,15437.269,29137.002,12753.288,110583.57,20573.22,1127502.4,462310.84,15075.428,15407.938,11937.18,133644.12,39124.535
bronchi_143,bronchi,428313.6,95157.555,435066.03,12787.586,988435.56,9401.817,34080.113,40129.375,19559.986,73141.77,42720.37,1045788.75,190773.22,33957.477,482195.62,113297.17,331133.97,14805.144,4676.6587,13258.667,35415.484,426800.44,899184.56,16521.6,11442.778,70825.72,36786.16,44986.715,4484818.5,7538.4185,60065.535,440144.5,37548.805,17162.049,10690.573,206928.27,59094.207,99677.336,15552.478,4834.8877,17052.115,8615.882,128985.71,176993.12,73776.484,108457.4,14597.549,9730.512,5816.1777,39174.754,873462.44,23665.357,90048.73,5582.1167,25312.29,21002.213,103950.49,20323.5,4673.363,10548.342,13111.226,4737.492,5683.3687,8167552.0,3279058.0,125730.54,20788.92,8319.962,9820.615,131186.5,16865.531,1496882.6,607935.25,13880.099,10017.281,5487.4497,200479.11,25945.96
bronchi_144,bronchi,204563.52,58377.383,134717.5,3722.3452,214558.5,3523.2275,1566.9479,11550.333,27371.254,49490.113,13787.044,578999.8,83959.07,67286.05,1056837.4,261268.72,39379.875,13574.885,7896.054,3207.7937,24155.344,276132.53,569908.56,15154.513,4755.979,36743.07,12782.514,16850.451,2038894.5,36861.387,254467.12,486439.38,34348.1,89228.31,4266.88,58702.418,91461.13,26475.21,7834.7183,1651.7562,5979.3403,6151.174,122288.4,86455.39,8392.433,35709.23,4375.2495,6590.4937,3314.5144,7389.8574,1119451.6,1873.944,21322.918,20105.457,13254.382,15658.971,67330.73,1558.9379,3152.2007,5821.356,6147.783,3998.4836,1825.9847,5097785.0,59295.01,1132022.2,3455.765,13898.339,1599.5167,567924.94,15434.736,1479161.2,99557.34,12266.352,12342.974,1717.0579,229906.92,9446.184
bronchi_145,bronchi,211827.17,100645.734,390280.78,10618.769,687218.25,3314.9414,7649.2197,27473.723,9830.37,41778.24,32445.45,615015.2,3862.0322,56178.38,866304.8,144500.25,80328.63,20403.01,16958.97,6346.392,58495.14,401406.3,256463.92,20290.576,5373.9434,40749.44,12260.69,19712.934,3322935.2,21139.164,149964.62,378969.22,39621.88,49227.164,13030.631,113199.64,81142.24,28741.809,16258.849,18788.115,22458.463,12029.642,103358.945,196015.5,32290.516,53011.477,8540.357,17769.236,5082.0977,16729.25,775268.1,6186.7607,41572.715,14506.601,18906.084,18016.984,5945.848,6794.2974,3941.377,5358.1836,4760.9175,3964.8284,5469.599,4526218.0,1393088.8,414855.53,8493.535,23200.15,3551.0955,339867.1,18850.486,1375348.2,452933.28,22401.305,11699.266,2208.3481,208652.3,14496.076
bronchi_146,bronchi,154577.11,191995.36,164951.12,5928.666,555270.75,30489.182,761961.44,63790.027,2767.3013,39568.223,44848.777,651511.3,119023.56,13021.748,1010546.75,62610.332,279557.8,15038.838,5896.5312,10619.072,86087.04,877054.2,499523.7,11960.714,5165.174,91348.68,28834.938,31522.363,4178098.5,27648.096,62394.016,307782.16,33280.434,21569.607,8074.2964,488117.44,63874.098,24028.055,5629.5503,1586.9493,4974.582,40711.57,272294.66,105768.086,65561.57,111780.45,8713.855,30269.309,8571.081,28520.877,658501.25,23027.854,64718.32,1908.9739,36244.402,7442.5273,98804.25,13841.471,4922.222,19032.398,34008.812,10736.627,22179.219,7967538.5,5253815.5,62717.605,16017.773,9900.318,11021.159,14229.961,12117.85,130508.65,28109.23,9650.831,10343.736,20117.004,46837.566,28583.78
bronchi_147,bronchi,330938.88,179562.77,566256.5,11382.477,698189.56,9192.002,45729.562,27679.334,14514.821,45476.316,41061.062,873321.7,34150.36,22754.178,758720.9,176736.08,314217.4,14724.344,5779.766,11999.001,71936.21,479203.0,649819.75,13079.303,4766.1655,58875.55,21997.672,23728.908,4253777.0,15962.399,105563.625,408438.56,39721.42,29909.86,7877.3687,384988.9,65688.18,26048.037,11214.3955,4686.8496,16787.283,8638.049,142492.16,165250.28,66665.39,93936.42,8913.565,8406.052,5132.935,37561.914,678671.25,17572.275,80919.45,4649.508,41197.133,10681.095,92126.625,8918.184,4130.268,6714.1816,11009.444,7166.428,19532.36,7872942.0,4059137.0,185716.12,15677.919,7715.606,8558.877,103183.34,15554.391,1311683.2,389767.84,12185.975,15597.844,14166.479,203123.0,29282.809
bronchi_148,bronchi,261721.84,185403.42,582499.0,6143.141,482525.47,25457.549,28334.105,12758.6045,550045.0,67696.766,41788.96,689032.1,50330.79,10645.783,1543377.0,132159.81,174577.94,3770.991,4364.924,8156.709,69228.055,65271.223,511042.9,8907.115,4103.3525,83687.99,24222.914,33111.25,4129713.8,66128.61,93853.15,413444.72,31086.752,50067.387,2537.7776,714540.1,92317.92,4599.81,3923.742,6249.1353,7627.218,4639.363,102615.836,89076.55,35795.7,70322.62,8731.918,1735.5775,2678.491,29696.344,666621.94,25038.266,243891.73,1361.7323,17449.793,7300.812,93123.03,6372.815,4289.382,9688.219,7688.55,7969.096,17625.854,5694675.0,1683041.9,152917.33,20673.79,3769.5918,8641.337,124050.81,8074.7896,175840.66,193710.6,6775.9497,5036.5366,22255.266,47018.02,20251.37
bronchi_149,bronchi,151888.6,43621.098,61390.71,6574.9727,142330.53,2574.7368,2352.5037,12224.237,663.7339,12811.11,9573.291,209836.03,6886.342,8831.522,245716.72,49011.023,39970.29,16345.948,6490.004,4813.2236,15855.931,537330.9,42892.363,7411.7754,6426.3657,24018.568,8779.218,8739.908,937003.56,5924.6016,13334.796,174775.5,22376.258,7505.1655,5204.347,22759.408,26783.115,10742.168,10716.83,54240.637,1993.1161,2251.8538,131177.48,81207.195,3037.3,37237.62,6790.7534,3868.1748,3465.3748,9686.242,378722.1,9803.657,12211.466,20545.28,6531.9546,14512.247,30240.426,3755.103,1820.2476,4035.1565,2714.0566,6644.561,3800.042,3272572.2,2030.0714,23533.893,2653.098,9262.3545,1047.201,24322.178,12641.766,920846.2,77623.38,14610.266,4391.1587,4189.2397,86444.76,9768.87
bronchi_150,bronchi,138063.33,116043.484,277005.03,8556.844,235816.92,4942.9575,5850.8877,30719.06,3950.961,43289.47,19449.21,462844.62,16571.53,17027.105,1047143.0,160552.8,66040.51,13490.012,6011.6167,5219.52,98245.836,1046218.7,127799.7,12187.916,4693.1665,36866.8,13554.496,34780.652,3079241.2,20626.385,91081.7,347072.16,33626.47,25334.654,2132.3416,275637.88,50557.91,8946.716,7767.3145,2918.196,8525.708,5300.422,188234.95,156883.98,10419.235,72914.38,6713.08,17681.668,8893.703,10780.8125,624999.44,4043.244,61729.816,2131.3916,18704.781,6694.186,31433.742,3162.0403,3607.0637,9146.552,6739.2686,2941.6948,7089.833,6240501.0,28243.348,184428.73,5782.187,43991.54,2254.2012,198416.69,15313.081,735972.44,142039.94,30885.035,19685.336,8574.622,53855.34,15850.336
bronchi_151,bronchi,178450.22,53092.58,178289.12,4339.0986,253354.94,11019.613,1502.7249,8128.9355,54578.13,29267.453,13288.785,616614.94,44467.977,7205.922,1424520.9,127807.14,44394.08,4722.4727,2963.3862,4436.444,32852.69,254835.78,172357.2,6653.897,3222.8757,35094.625,10663.526,16825.992,2139155.2,48926.727,36459.8,339066.47,18675.031,23872.662,1224.4127,227816.22,57960.652,7322.305,3376.8357,4815.437,1847.4722,2482.0469,162012.78,73950.76,2481.1353,21338.602,3826.969,2112.9126,2650.3455,10345.611,401384.88,6481.0713,34744.45,3751.5942,10174.366,6808.1343,77762.53,2169.9392,2774.9243,4662.0137,3713.918,6319.433,3535.2534,5052892.0,1159.676,196787.0,9224.674,4563.175,2019.707,116201.84,8828.785,268182.03,25138.018,6966.358,10822.64,12372.568,35818.0,9994.453
bronchi_152,bronchi,172051.73,95796.76,270630.78,9125.708,386227.47,16404.781,3626.5159,9291.987,913181.8,33213.945,23334.713,545458.06,58191.004,11269.335,1572152.2,61522.234,80860.9,4071.8586,3842.1235,9623.192,33073.504,53874.55,318870.8,6460.5864,4335.627,32199.826,11012.081,22638.934,3237661.5,67837.52,18560.186,204355.84,18251.955,21710.898,2233.8157,697888.0,57924.957,9856.057,4937.6514,15200.414,1582.2488,14553.926,96827.59,84073.086,7772.317,24085.941,5135.5894,1508.9774,2275.8755,33538.168,421156.34,26847.357,99920.89,6411.7085,10405.044,10574.26,83077.984,3705.9727,2948.0708,3773.3948,2537.6553,4378.9653,6746.1626,3392334.8,96634.88,34530.49,13712.584,2914.0312,4663.255,23860.645,7485.227,159229.7,58609.56,5586.724,4667.1396,13170.896,85648.6,15906.731
bronchi_153,bronchi,84935.88,280463.34,231606.94,16618.33,749631.94,11227.752,329755.25,50804.17,9788.11,29434.566,31774.3,426034.28,20120.38,13136.034,763772.25,226990.17,75500.29,16117.165,25366.059,16068.174,91637.586,1026308.9,32925.87,12621.43,5820.2456,45807.086,16179.3545,33309.65,3204498.0,85528.94,57250.59,319939.1,27238.992,29248.98,8600.324,497902.3,59523.344,24706.32,10125.933,89281.43,8621.628,37778.69,155375.22,236110.81,80454.83,113400.945,23971.885,45811.016,11197.744,26763.531,946894.8,29838.176,35566.074,969.64764,21102.06,8437.709,337.96335,21910.088,5144.503,10364.179,2953.773,5539.8413,31707.855,7227394.5,214989.88,76720.72,11487.864,30861.893,13493.049,110943.15,14603.551,1246051.4,110510.62,11292.327,22183.979,11995.042,45492.105,57567.266
bronchi_154,bronchi,186155.0,81100.54,45223.305,3157.8623,127309.23,11471.878,2659.2036,8864.57,356913.53,26200.541,13101.588,552138.3,168792.81,38881.75,1153564.6,198617.38,152286.6,12717.554,6249.046,6744.0977,22995.395,273717.25,442181.66,9620.375,6348.7773,40357.043,12958.031,24747.164,3760516.2,35430.52,122912.06,444983.84,24093.867,14274.954,3998.8115,310399.12,45782.844,48657.535,15202.704,1761.5298,685.0939,1679.446,102687.8,101850.0,12575.469,56246.516,7333.4116,3186.2222,4392.08,12137.641,615758.75,8704.976,25741.045,29615.99,10752.388,18839.324,92744.14,3827.3743,1910.9358,4697.636,2469.8345,7125.5127,2261.3464,6929484.0,328.39853,279626.6,3738.6472,11250.327,1067.4504,99633.336,10443.282,1815963.9,76537.43,18744.766,3832.862,3776.5203,293749.9,21773.002
bronchi_155,bronchi,205067.45,68332.305,176113.53,5867.514,205462.48,4356.692,3183.6365,12604.984,1687.0829,18319.43,14840.147,220061.78,30521.447,7264.6704,571612.8,60729.78,105694.78,11383.464,3630.5347,4638.429,39745.637,421751.6,354860.5,8169.688,4604.4893,29705.012,9993.91,15394.308,1639129.0,7016.1636,35342.535,230661.97,26922.432,11327.244,2783.4937,56248.18,40156.594,6981.744,9501.311,2939.044,3499.4988,791.39636,120798.35,107529.24,3921.1228,24269.047,3892.256,5519.777,7036.2485,8944.25,288454.5,3746.0835,27297.791,12447.004,11139.944,10296.863,76900.99,2290.0388,2482.9907,5864.135,3408.361,3494.535,2731.2517,5625475.0,90211.52,37024.97,4250.8896,26585.86,738.6805,48155.22,12517.063,968459.06,219498.8,33076.344,9650.702,3673.738,99248.96,9527.346
bronchi_156,bronchi,112873.22,134307.89,274890.25,9354.473,302256.56,4178.3086,5386.4136,40770.24,3309.9106,27859.902,25250.252,473834.7,8821.303,10028.609,545042.56,78342.4,44350.363,14550.942,6127.165,5272.5317,85173.39,520252.88,175485.16,10894.544,4590.263,46679.082,19669.947,20419.77,2849033.2,8534.706,71531.555,264213.66,28784.656,17831.354,3555.3154,197555.52,51913.74,10110.878,5945.7344,2561.8887,11607.239,17870.887,161785.5,120154.7,22330.72,48822.04,7116.954,10624.929,6242.7544,19472.783,522235.78,8573.387,88217.695,4065.8853,25842.338,8832.828,40334.766,6042.574,3236.0215,9063.921,12693.669,3778.2246,5493.609,5562726.0,1264134.6,51346.36,9608.233,20971.15,5181.7695,106902.96,12594.914,565240.56,172633.73,16720.3,11803.194,7039.6587,83678.89,13756.151
bronchi_157,bronchi,25147.633,177934.97,90750.234,5844.3784,296017.12,4144.053,32479.72,38669.742,1072.967,15594.512,26265.414,245288.03,1060.2996,10303.573,345775.44,73836.6,19469.402,9436.575,3417.6663,5526.552,67076.8,439469.62,69049.37,11290.906,4102.7065,48492.707,15352.813,11024.039,978150.5,8580.39,89326.82,242487.67,20548.533,24219.426,2797.306,103959.414,45923.832,3233.1672,4038.5913,2647.6362,6596.9966,16245.952,168476.64,85017.49,9605.622,68620.695,7125.9473,4738.401,7420.6245,16069.63,434686.12,10541.533,22497.158,1660.7927,23104.607,6460.457,26644.621,4502.143,3632.336,10508.707,9962.172,4981.586,8814.028,258895.3,3346660.2,58663.074,5864.744,12529.6045,3765.9797,60242.746,10312.825,24031.973,88170.34,9120.331,9655.407,12892.684,34540.7,11307.136
bronchi_158,bronchi,122865.88,92566.88,109013.74,6168.1357,251379.23,4242.3423,3100.474,22001.322,858.31165,17075.322,12625.523,230053.44,8363.7295,12839.599,332039.34,112520.055,57197.76,12694.746,3673.1597,5693.461,38249.08,549950.06,313162.56,11238.605,5621.1797,59491.73,24355.998,9939.707,810915.06,6370.074,56379.223,249089.94,24846.56,17067.734,3367.6062,40781.09,46797.652,5485.597,5788.163,5135.472,4090.323,4268.9683,169124.75,89434.734,2961.675,82229.83,9072.163,6249.302,4439.7417,18235.008,549225.2,9772.84,17585.621,5391.8833,11669.266,10227.371,85017.9,5721.2905,2532.0615,10626.438,7946.205,3836.6335,7729.542,4573688.0,737774.94,88916.64,4871.3613,6257.2705,4741.511,87355.46,11921.797,459554.22,148692.33,9663.735,5359.6865,9936.55,104206.375,11184.626
bronchi_159,bronchi,158626.61,140290.22,196900.95,7163.107,303806.12,3288.1765,2578.9456,28727.201,4152.2124,32839.754,25346.785,255036.12,10713.877,32103.605,468653.47,156429.36,107501.97,15233.416,6875.6504,7666.4277,59971.15,703323.4,599217.1,12069.382,5844.2837,36149.332,14702.452,13710.6875,1649722.5,10200.582,93331.35,339940.03,37398.023,35681.758,4419.3125,93025.484,70085.805,13338.217,10732.686,3889.6655,13736.473,13050.133,139714.62,143993.73,20001.11,74582.47,6730.8145,17281.738,4781.9175,13523.75,806848.2,7095.9014,46999.457,4716.9033,14628.196,10136.775,80253.89,6464.587,4221.786,5555.16,5677.349,2865.0308,6466.332,6691671.5,1435440.2,276754.72,5806.599,24954.732,3923.6597,301817.0,15594.868,977091.4,295863.03,14428.365,9347.062,8132.8677,145808.97,14885.834
bronchi_160,bronchi,213027.5,105390.0,212235.64,4778.4746,427330.3,7372.0464,995.1732,13764.248,38782.684,37911.15,14320.227,374595.53,59559.63,30307.207,1014516.44,165311.61,68325.53,8185.467,3002.0833,6168.871,24700.76,295676.6,516812.56,10460.917,4882.81,62760.266,20362.518,18694.67,1660507.9,21318.75,84687.81,384646.12,26409.795,42768.027,2200.565,194954.7,75763.77,11054.742,4674.3037,3363.086,3244.0176,3590.52,148186.38,92238.54,5131.584,49148.637,7181.3516,4639.801,3764.5933,14465.844,707024.8,8022.2812,48533.47,6311.6807,11827.998,11796.689,98453.02,3854.083,3545.6963,5806.5938,5308.6187,2520.5479,2491.5537,6114076.0,18427.283,379273.3,7563.5103,6776.8286,3549.7812,313655.16,11619.7,787653.4,78044.414,8450.151,7331.642,7109.2334,126945.03,12655.555
bronchi_161,bronchi,503493.84,324767.97,444919.75,16366.009,862935.6,21007.463,573038.5,39974.523,19611.877,43265.74,38541.062,756966.8,59512.105,24887.637,1547106.8,226624.84,423982.94,17145.002,6762.9395,15414.171,107646.83,1187421.0,363902.38,11900.383,6817.8623,93292.99,27723.348,64191.71,4678842.5,31374.621,39577.203,431043.9,48530.184,28994.686,2864.8572,567710.0,74549.75,37333.168,9271.122,1914.9066,10842.362,22066.676,245135.78,191628.23,75739.43,112954.734,13737.324,42435.926,7905.9863,23602.582,962815.75,18351.64,169664.0,487.43176,22875.896,10202.703,89497.79,9111.115,2668.2673,16269.023,14996.914,3430.8013,8826.655,8296022.0,790341.9,251369.89,14325.909,13292.157,10234.397,243021.98,15301.401,1833157.0,300094.62,13498.726,17612.947,12202.013,250501.9,47441.914
bronchi_162,bronchi,28296.867,609710.8,256364.64,5853.338,751641.4,32370.467,1423578.4,46921.484,21719.432,40004.46,50480.39,594686.7,173919.38,8390.136,1384688.5,167687.81,75880.484,8787.997,21282.0,17382.754,141358.72,886469.0,217018.53,13829.871,3493.9749,123140.62,31369.744,44797.734,5921666.5,219311.95,111872.6,501080.53,33358.0,33336.027,13781.548,903711.7,75333.64,13262.437,5481.413,25939.23,2615.7505,35664.848,135159.8,202638.14,171770.89,122783.305,17006.348,35422.31,18176.996,57005.31,829335.9,32254.38,77495.57,9112.2705,35119.133,5850.625,47705.02,24137.36,6331.319,21818.068,3680.6309,9354.981,54940.4,8098830.5,4921670.0,167106.23,14391.313,33864.17,15161.524,25115.54,13151.327,1096887.0,82069.22,16672.799,38466.37,24641.959,33463.12,57637.637
bronchi_163,bronchi,133635.45,122127.336,172758.9,4204.8857,483263.22,22103.537,243965.48,30550.045,270829.84,31654.648,27009.924,189698.11,125285.63,45274.355,1096406.9,248577.36,340856.78,12178.295,7879.9614,10452.11,124491.92,1167850.6,300416.78,20675.918,3171.003,35819.06,13169.829,53407.24,1463257.8,30256.898,136048.89,421170.4,47741.746,51755.695,2855.2542,770988.8,77897.55,22888.533,12205.702,4390.25,8661.62,3168.992,148814.47,237648.56,58485.156,117263.11,11853.012,22880.545,4682.515,10254.809,1089076.6,6028.7573,78385.59,264.26782,17993.887,12554.378,11840.741,5920.173,2476.0913,6307.57,4283.559,8727.622,9458.959,8219201.5,533950.25,508943.28,3711.6794,28250.459,7378.279,588485.8,11189.705,1528687.4,138009.34,17641.56,39255.688,14609.374,201509.03,37149.684
bronchi_164,bronchi,135628.12,470504.3,326784.3,7704.9204,789335.5,19060.754,217694.7,73354.2,29759.482,49794.77,49728.28,539560.5,81394.37,13044.31,1121066.0,216092.27,152031.62,10889.152,6456.348,18770.58,125256.72,1126880.0,247470.86,17775.084,4246.8364,75389.695,23175.867,39391.37,4844276.5,12964.076,106257.625,451439.06,42855.973,42157.39,5178.7754,655958.4,92130.93,11716.082,7854.4487,2418.2573,16523.127,15573.956,267250.88,233663.12,154287.86,112351.7,12992.794,43257.32,13526.149,48359.285,960224.4,29949.363,101765.04,1159.3562,62927.18,7007.389,71128.836,12927.146,3609.1116,9114.826,18955.463,10734.62,27206.148,7825229.5,2126876.8,252027.36,16502.275,35325.652,12341.372,279315.03,16612.436,952052.5,178143.64,22507.01,67469.83,20508.906,119331.46,66543.875
bronchi_165,bronchi,323584.8,279457.03,587419.9,16228.468,1294980.6,11933.628,23574.957,37293.49,50570.93,76797.66,44042.375,574969.2,33891.41,55570.33,1345944.1,170388.31,145513.92,18019.133,23118.096,15262.865,30050.074,436865.47,660010.8,20985.756,7420.7163,67783.2,23197.54,46973.246,5186341.5,72701.766,100646.12,449113.34,32005.412,46229.453,15082.23,349049.84,95845.83,207443.58,12273.116,82899.984,17824.69,22854.156,110923.37,196461.1,142103.77,104531.45,18636.635,9949.96,7272.199,50937.688,1210927.4,31320.867,74002.055,7823.7935,26290.8,18311.621,62440.21,22093.293,4612.3535,6300.565,6666.761,5288.705,12215.939,5629946.0,2499040.0,359038.0,16281.473,9189.267,13162.822,246561.53,18863.164,1510226.4,625153.25,10829.03,11037.717,5207.421,214561.58,31956.49
bronchi_166,bronchi,291324.16,227459.11,44832.527,4620.9365,253572.25,8133.9536,432532.94,14560.7705,10483.87,17113.227,5479.4893,532540.06,191108.83,31897.297,398694.47,213963.69,54383.336,15849.157,5203.4985,8730.853,107941.56,1158451.9,91954.41,18416.514,3631.979,51477.273,16177.071,10082.057,561927.56,14139.428,31817.12,409354.97,46954.074,17544.863,4105.279,119166.9,32818.496,357799.62,12828.447,238703.4,1192.4469,343.26938,71255.055,257547.52,5542.0825,117153.336,30979.021,18288.303,2592.2625,27796.498,907263.44,24519.12,17547.055,2029.0189,4925.0117,28989.516,629.9105,19602.154,3293.6233,4060.556,1543.2192,33290.277,1716.3937,8308904.5,718022.56,122334.59,1977.444,4343.285,12320.697,413711.34,7815.4473,2026919.0,666837.44,6238.9565,14119.174,994.8222,192292.95,10422.336
bronchi_167,bronchi,191981.45,367485.1,249000.17,8757.239,590984.06,17386.484,458001.47,80906.41,12537.494,36355.29,48993.824,844580.0,48078.082,11381.934,998486.9,74059.24,223380.02,12143.07,11599.071,13048.354,83340.26,591364.6,366055.53,14062.019,4684.771,51893.64,21172.375,27026.7,5194345.5,37838.08,77351.51,396575.03,35549.59,20130.246,12394.324,630009.5,59548.723,29415.146,6940.572,7833.0894,10355.75,30011.41,190631.72,156717.11,109031.94,109610.77,9462.198,19839.303,12230.021,54723.176,674130.7,34858.09,88096.97,6658.436,41162.1,8459.651,87607.92,15733.656,4521.993,8880.895,17495.836,21322.836,33875.06,7216244.0,4593139.5,50931.758,18431.695,9835.885,13930.693,19304.918,14773.056,399133.88,147907.95,10813.219,14278.5625,22478.842,115075.98,35734.062
bronchi_168,bronchi,92459.87,225510.42,301500.53,8371.519,368482.44,5088.3115,31282.387,65089.523,2561.445,35950.99,35644.953,595748.2,33607.523,14286.381,645906.94,117693.89,36318.348,14753.314,6967.3613,13967.052,77596.37,813209.0,183598.67,14873.02,4594.9946,55286.883,28612.771,17611.352,2502629.5,13017.526,83989.586,382874.06,24224.277,22791.86,8285.625,177815.89,54414.57,12125.422,6320.627,7602.3203,9788.335,28332.916,150979.47,168957.73,29028.58,88144.95,11476.552,23845.926,9927.986,44448.9,782561.94,22490.016,36783.004,4080.012,28070.975,7924.566,60909.473,19062.209,4190.9424,11369.934,17121.178,6464.7783,13905.273,4813794.0,857833.6,93634.555,9960.452,18455.582,10708.759,106223.484,17098.398,487583.78,282920.88,14138.201,16841.438,14449.613,75248.05,26526.543
bronchi_169,bronchi,286106.3,90355.23,330670.1,6535.974,537229.44,5776.25,1926.2262,9588.908,262833.66,52163.52,19218.596,776289.9,11004.867,56494.996,1293416.8,178066.36,68549.07,8345.498,9251.68,5049.424,33580.8,249627.16,110488.17,11134.994,3768.844,43123.574,11105.806,16040.154,3480500.5,55451.53,194498.61,447425.53,32539.715,78110.98,4086.2866,170137.78,90032.15,29471.588,4964.291,5606.727,7312.3945,2852.7832,147414.23,89531.34,8915.657,28694.07,6006.172,2902.0479,3216.389,11330.151,1111925.0,5987.1763,30904.688,6155.8223,10749.507,9829.312,33994.64,2869.6455,3632.5266,5372.155,6294.066,5523.553,2169.1755,3098627.8,16972.871,1028148.6,8318.541,5014.1846,2902.8508,504481.06,14678.298,744847.44,73327.625,7597.6665,14456.864,3837.1348,98323.54,10324.389
bronchi_170,bronchi,24834.691,65005.527,66958.43,6539.3667,136130.27,3242.8853,1548.5063,24472.232,413.92334,12714.0,10847.42,66249.305,1069.133,9237.59,208161.78,108848.46,9961.658,12007.645,2856.9067,3195.6008,42123.27,514823.72,23308.602,8138.726,5555.282,30982.54,11200.329,9448.797,299062.97,2659.148,42528.746,114074.54,26243.28,12798.507,1625.4152,28559.936,36239.805,2790.3267,3931.3062,2743.0771,2278.3599,8317.653,190970.0,86661.93,1947.8804,45817.047,5506.6826,4252.0776,2940.1433,9091.575,480581.47,6219.4863,15536.036,1813.328,10963.371,7515.452,6228.926,2096.759,2430.9639,8050.7573,5044.5083,3512.1606,3736.5544,517424.1,53072.08,31110.598,2457.451,12235.085,1900.0513,65320.727,11528.585,22522.297,26232.945,12226.873,5623.733,4888.929,29686.744,8966.038
bronchi_171,bronchi,356242.6,112018.11,355896.9,8319.581,555286.6,22141.47,8346.971,20940.332,41033.27,40736.504,28140.479,795966.5,132674.42,16808.158,1493436.2,65181.086,268505.25,8638.906,4163.242,12864.273,46139.6,213953.69,589723.5,10442.614,5235.3516,48514.496,16874.768,31965.574,3888901.0,35310.7,31141.174,350550.34,25569.137,21579.441,4887.726,514641.1,53091.92,19337.754,6969.987,11775.208,4329.3906,4163.7104,110246.086,142113.78,41062.824,64207.508,9236.3125,4432.514,5714.544,48884.562,483124.97,26406.344,73791.62,11468.881,21058.393,14018.459,98548.09,10656.186,3796.4153,4797.469,4265.7607,6912.0386,7612.624,6937829.0,349154.7,39296.625,13453.599,4219.588,6798.971,35189.004,12508.352,765385.9,174533.66,7791.593,6586.302,12836.501,108729.15,22650.79
bronchi_172,bronchi,31233.348,340807.38,179877.8,3069.9617,474173.28,27882.602,117515.22,80444.695,6306.1743,63815.098,43928.99,342597.06,27726.574,9128.555,555993.5,233938.94,38708.777,9165.274,9979.898,11677.995,144106.94,1096917.2,10441.529,12658.295,3257.6628,76606.15,25021.604,107500.945,5253635.5,28124.541,75275.25,310065.4,26135.18,26602.521,3211.4128,708482.06,53884.727,4299.0938,6149.5723,1426.1768,19870.395,28027.744,139772.34,224754.02,129281.02,78524.836,14755.06,26969.924,13239.094,29766.664,763539.2,23099.473,217230.36,1327.9017,55121.62,6590.022,1228.3099,15155.654,3073.6365,11412.686,11492.7295,4580.903,23017.205,3709368.0,162853.16,214222.98,10424.871,38153.297,7751.0923,194712.97,12696.163,241083.4,34352.625,22998.225,35976.99,19308.03,28366.092,51104.242
bronchi_173,bronchi,44308.215,306280.06,65972.45,7207.125,297516.84,4166.5396,1478.6284,33129.918,1827.3269,19198.004,24382.006,209208.81,17751.484,36055.062,432713.22,50586.17,12073.527,24500.303,22334.576,12650.823,38054.67,765597.56,171672.14,9519.743,7031.0625,25885.9,9635.306,10310.081,2768666.2,18250.023,16601.0,351344.56,19176.137,14906.463,12631.678,97566.74,44310.453,19842.293,15386.88,128979.06,2767.9521,37208.402,146010.19,152317.38,33323.63,82033.305,11086.28,14607.145,7753.3325,48619.914,682079.75,23674.273,16512.982,17251.305,13765.955,16848.17,40905.93,8961.695,2608.6501,3519.6667,2758.066,13183.1875,24769.832,3535104.8,15435.458,88161.85,4006.5815,7779.303,7160.4224,18167.604,15260.464,906040.8,66300.5,9918.522,5502.5977,12857.907,105469.234,21991.61
bronchi_174,bronchi,159111.9,52087.56,108453.57,4529.241,143321.6,4127.1807,3247.2717,13195.629,645.51056,17341.54,11551.731,200585.06,22950.326,6766.301,724603.7,80313.695,48298.168,10582.311,3040.1294,3331.423,43084.195,525305.25,103914.41,6810.8423,4382.3877,24441.234,8936.694,13338.345,1600375.5,17197.03,37354.465,214084.52,29624.605,12102.546,1488.2656,37889.86,38852.76,5179.788,4339.235,2374.588,1304.9991,713.5077,175274.1,102262.87,2456.3503,16039.129,3453.5305,3595.8706,4368.8145,7570.0566,314053.53,3726.6904,24446.69,6818.8896,10777.522,7806.634,51877.21,2189.954,2158.0735,5631.124,3737.5132,6617.813,1328.8698,4853951.0,6867.6147,41641.957,3314.2424,23751.143,794.40515,57503.56,11731.568,506101.66,49413.145,28103.04,11821.152,2150.9219,44424.613,8525.366
bronchi_175,bronchi,199297.4,41095.223,147343.95,7487.3193,228563.53,3827.8342,1929.2041,13139.843,5355.184,17019.197,11811.618,320219.0,50157.76,5742.7114,420525.44,50764.41,99151.99,10516.769,3876.7117,4419.8145,34258.234,407432.53,145542.5,7169.1147,4606.6025,33287.77,11318.411,14357.985,2375632.5,8559.424,24676.742,214739.27,19639.635,8713.324,2628.1135,76585.18,36972.85,10635.2295,7497.4814,3355.8113,2308.0903,2880.2227,153896.23,76654.45,5434.7505,24369.172,4165.582,5540.1055,6440.848,10492.833,281358.9,6169.2476,29307.283,14797.267,8768.322,10976.282,80612.81,2904.373,2286.2761,5738.687,3916.2969,2018.4529,2666.4338,5144690.5,11492.642,15049.527,5180.534,15637.42,928.0971,21251.252,11524.804,586901.94,76957.12,17420.86,5997.133,4461.325,108384.3,10470.279
bronchi_176,bronchi,325275.7,110492.18,315426.78,8731.368,454350.16,15476.098,2242.4749,15808.894,127083.84,41017.11,20530.314,780433.4,83064.99,14871.644,1441403.5,130795.234,169546.89,9609.673,4115.618,9478.23,51002.29,350532.28,502200.0,6803.655,4543.1655,47320.363,19297.555,32726.822,3868700.0,22259.512,35970.402,393924.78,27538.518,20494.906,3400.093,558233.0,52754.766,13641.57,8173.3433,2974.055,5220.6206,6192.3633,143579.34,141642.25,23916.371,67041.81,6663.9067,5129.343,4654.7266,28684.959,525280.2,14486.111,131730.47,11422.824,18554.61,12440.405,94197.93,4867.966,2750.2766,5530.296,4977.33,2411.623,8559.121,7415324.0,47834.312,136659.03,11463.796,8038.9487,3050.5242,67881.34,13127.968,1002563.06,151251.56,12338.548,8851.104,14126.7705,158689.4,25566.162
bronchi_177,bronchi,26949.611,310631.28,276144.1,11065.217,841971.2,3848.5684,167621.47,70412.2,5138.863,46463.363,48206.59,546761.1,25153.51,31175.852,460025.16,141770.1,41828.832,15014.001,13488.057,17588.02,91339.62,945550.25,231549.97,23275.68,4854.3193,41407.277,16711.627,23493.234,4519911.5,32737.186,126724.03,403448.8,33638.723,53632.176,11741.564,294002.44,96848.65,17658.242,8913.982,30006.773,18072.486,34224.14,151468.81,218015.48,108986.195,114712.96,10016.105,46450.6,8766.189,44117.12,1069090.1,29608.309,44266.02,2317.142,30537.664,9505.408,12444.891,23345.553,7212.929,5796.4727,5053.519,10613.402,24683.852,3512943.8,4233691.0,298081.47,13278.991,27793.291,12102.153,261894.88,19107.402,366126.06,291627.7,12311.077,19372.846,14050.838,111174.68,40854.86
bronchi_178,bronchi,102034.62,214132.1,140812.05,6014.083,600764.94,19419.703,1572708.6,43858.03,4460.2866,33467.906,23593.107,537221.25,82468.336,23413.47,637795.9,153618.2,27894.04,15665.946,18675.69,4440.2754,134239.64,708490.2,8671.978,11871.295,3796.2087,117456.96,34481.355,29356.91,4074103.2,184417.31,45189.46,316091.97,32786.055,14619.758,10376.037,546170.1,41713.98,57670.08,7418.5933,55295.53,2028.6927,26811.254,99396.734,184191.44,43623.22,102671.05,22649.99,26000.383,7512.048,28702.555,737233.4,19034.758,61338.1,8388.216,7959.707,7220.611,494.1219,18552.08,5240.1875,19027.426,1901.5095,11235.754,13798.725,8118147.5,2862943.2,103654.695,6830.8545,20058.936,11118.831,29813.57,8920.872,1084264.0,252001.64,12478.491,12710.072,8201.644,17713.805,20884.486
bronchi_179,bronchi,203171.44,154708.38,49898.543,1486.6417,163690.25,17180.39,482980.78,34819.848,2061.524,25983.924,11274.582,287623.28,197508.8,15930.537,333889.97,214412.45,124725.32,10493.823,3287.6997,3048.4238,128584.45,1066886.1,95966.93,9833.362,3702.026,121422.4,35097.0,22432.562,637084.0,21566.625,22902.201,200301.0,31826.922,13053.058,1820.7157,364480.3,25529.955,8431.369,4614.2725,2749.8896,1050.0554,6275.8237,90390.39,103298.34,9856.847,70884.51,20172.875,17642.738,4588.079,10254.427,763770.8,6297.5786,94296.35,1599.7052,6903.763,7928.709,15014.746,5767.3477,2359.1287,18103.123,2510.7642,8361.4,1887.8403,8299282.5,402356.03,107327.31,2338.3567,9242.428,7902.918,127658.16,5305.161,1082963.9,142416.34,8052.086,38507.703,3410.9438,23124.535,13709.184
bronchi_180,bronchi,382495.22,149683.14,175157.11,6053.57,180843.95,13728.352,10708.564,27299.094,13970.636,65982.336,33370.254,948365.2,62569.625,44972.13,1539383.0,210164.48,221996.2,15753.957,6995.3223,3752.0308,83611.086,751229.3,402382.12,11566.714,4297.1094,32977.03,12697.592,64748.387,2912077.0,13708.87,192609.19,561658.06,45081.027,61633.992,2922.6858,339570.0,78597.06,29837.605,10206.431,1079.0939,15252.17,2478.196,196980.58,164005.42,14445.948,42018.348,4597.3096,5916.7515,5547.8,10498.77,834763.44,1801.3406,107797.945,6690.8984,35313.797,11929.464,63859.418,1385.7166,2612.062,7488.662,13000.219,14163.804,2539.485,7843729.0,160358.77,739515.56,6604.8164,60425.723,1947.2699,503320.03,17618.525,1585692.1,94793.52,49134.855,45548.54,4985.032,179871.11,17072.668
bronchi_181,bronchi,29413.268,71916.04,246827.39,7072.812,557273.4,2718.5474,43398.145,61029.37,2321.559,37611.594,39406.59,456484.84,849.3357,42716.055,281004.4,194326.19,13524.576,17633.822,21924.889,5352.6,78471.086,320143.28,77856.625,27859.875,3595.092,50001.867,18156.674,21117.1,2443043.2,25298.582,165188.05,372624.12,24416.166,72450.445,9198.369,108148.875,93934.19,8712.593,8173.1562,5682.735,36681.31,26414.455,127632.48,147794.17,16525.744,61277.996,12202.804,19780.62,3980.9348,18629.58,990453.94,15232.603,31748.584,6476.023,15687.356,11482.551,45.27913,15417.449,3941.7905,7690.3247,8094.3755,15630.858,8021.7153,73486.68,4367429.0,429614.9,8630.885,12113.204,9083.826,570593.8,16796.588,99449.83,364958.9,12209.789,9955.285,3156.1816,92037.84,12494.878
bronchi_182,bronchi,243906.39,221569.8,221568.31,4126.6885,532597.94,25788.568,1860626.4,22960.617,2614.397,24727.959,40345.305,491426.72,85585.97,8846.968,1030458.4,66715.0,447559.56,9671.646,14687.694,7487.9478,116255.27,839487.25,465315.12,11928.121,4891.9663,117169.43,31598.727,24708.205,3286951.0,127014.055,57634.23,333730.16,42592.957,26508.916,4458.228,623040.94,63815.766,8896.978,5228.29,20653.176,3569.272,1031.8998,146866.55,85437.63,57926.062,91424.414,9221.639,25491.1,11884.051,15451.542,617328.1,15100.467,63374.297,510.92603,8055.289,7280.979,73496.77,8347.949,4436.8843,26106.232,5186.5713,10083.307,23606.68,8228668.0,7873174.5,66380.98,9835.501,4872.1143,11468.454,29528.336,5615.7295,1135473.5,6286.668,8174.677,10932.787,21814.031,48440.152,19835.896
bronchi_183,bronchi,99293.086,119980.42,249487.92,7520.995,596226.2,2506.0986,1553.8124,18285.984,25320.186,33538.68,14330.228,152549.39,2550.3965,65230.46,503540.4,230896.36,26291.404,19502.186,17440.16,7459.605,17892.408,336856.44,171605.52,16846.031,6891.0137,46007.957,12245.44,11612.564,1743248.8,25003.832,127450.63,345673.88,35117.492,62224.54,11004.951,31858.08,88686.97,54837.33,13222.034,75967.664,6754.2944,16655.316,83773.43,135541.88,9483.603,71144.17,12244.016,11530.466,3642.9753,19265.502,1143521.6,9467.958,15087.036,12353.066,9357.543,18879.633,7609.735,9600.713,4162.9126,4529.2974,2873.811,4701.635,7896.7695,2118199.0,197527.06,407848.88,4400.5596,7925.942,5215.7974,446787.22,18706.53,1267546.1,348791.6,8439.472,4728.9683,3834.7087,228046.86,11867.412
bronchi_184,bronchi,292379.3,186912.47,368212.66,9673.547,737236.9,7584.1133,2812.7427,23052.42,92705.15,37917.332,28345.836,465491.75,39902.113,37159.465,1156111.0,156945.5,169558.53,10965.274,7771.353,12124.474,31719.016,246451.05,522414.12,12207.053,4946.877,70333.414,18583.123,27755.861,3551256.5,21829.578,67193.96,352567.0,30495.377,21789.725,7502.6675,345489.3,56128.79,31084.203,11498.453,14192.431,7902.7446,23768.545,112834.26,141165.4,66923.695,81647.19,12868.064,6418.433,5959.327,39269.652,723458.8,24724.139,58021.82,9876.57,23173.701,17657.568,84866.734,9939.526,3524.3572,5121.5645,4752.465,3647.781,6261.0737,6546996.5,225545.05,204217.52,10762.114,6391.9,6751.4414,99900.41,15050.862,1365582.5,287162.28,9276.836,6920.298,9109.281,208379.47,24469.385
bronchi_185,bronchi,196771.23,185057.55,332249.66,9164.969,632982.2,8047.4717,28358.248,52919.44,11257.583,48348.26,37211.03,526825.9,51584.555,18076.174,904941.5,79762.43,89040.96,14543.936,8462.056,14874.637,58029.125,644727.2,552290.0,13768.542,5578.609,74173.18,29528.082,25427.387,3644563.8,16808.479,45223.95,341557.7,25129.771,18659.328,9053.164,228629.6,51821.977,17247.57,8947.842,6838.234,11485.125,25291.803,153374.9,131677.84,67770.016,96489.66,11310.889,16529.21,10111.09,40711.918,728835.44,20804.867,54104.914,3828.3638,27100.7,11006.589,87669.27,17377.367,3233.5188,9154.529,17393.732,7205.2896,21499.676,5772075.5,2198689.8,133091.73,15038.536,10131.952,10263.576,80766.87,15448.197,648896.44,290738.8,11314.59,11806.55,18387.59,96922.38,29383.63
bronchi_186,bronchi,83162.65,39660.52,36267.812,2511.0874,59203.926,9104.921,3151.2085,12686.02,750.28827,20145.266,6483.8477,107073.97,27770.08,30434.537,351170.03,116418.48,66751.086,19470.684,8204.922,4040.8843,23723.115,603613.44,279597.0,17268.244,9535.282,25473.578,10053.269,12013.636,548333.44,24216.146,137797.08,344957.6,30350.074,27670.148,4494.1797,31887.139,56436.78,16165.165,13732.084,2914.0632,862.99225,1278.6705,140839.05,131618.2,1671.8821,59668.957,5272.949,7184.6743,5280.5894,7502.639,636584.75,2019.3967,12940.766,14047.662,9708.208,15883.144,51177.35,2349.7546,2611.0405,5388.8857,2843.9805,6232.0933,3342.0737,5006589.5,2953.077,139104.52,1779.9418,56941.305,842.1223,139612.73,14391.148,1269010.9,7075.6665,37178.57,6172.4907,2768.0273,152861.34,11469.646
bronchi_187,bronchi,294311.88,137901.73,311390.0,5795.9805,428264.97,17250.104,16080.775,12114.51,18075.969,42358.168,25074.566,816250.9,31558.73,7964.712,1233611.5,58646.57,182148.0,5985.783,4024.3777,6744.8564,67652.3,185617.14,296044.25,8802.376,3780.8928,34590.047,12539.754,22299.436,3427020.5,31929.895,40238.902,351193.16,25318.52,23418.764,2037.7583,400466.44,62203.715,13285.085,4587.4487,5017.323,5624.698,1465.2109,156285.47,113238.73,10836.18,20305.115,5037.5024,2700.8408,4642.727,23213.496,398758.75,14651.723,75175.46,10535.724,21806.127,8800.612,85390.06,5291.44,3901.8547,4816.907,4047.8362,7758.1704,3965.5544,6202983.5,107334.58,41409.37,14594.569,6030.724,1904.005,49940.727,10370.131,202119.53,80265.6,9542.788,18690.623,8367.998,46742.566,12329.796
bronchi_188,bronchi,307837.62,129097.945,339694.38,7377.8564,230543.88,7101.182,3044.117,17183.799,11406.722,44493.98,23640.34,587309.0,28741.068,29588.578,1086865.6,161024.48,130509.77,11187.069,6931.224,4796.4033,54916.094,469477.44,415655.1,11296.701,4419.89,45821.85,16813.914,24202.248,2712734.2,18740.297,177049.02,477874.5,38249.44,62421.395,3040.8489,164956.31,81635.05,19613.898,8451.893,1385.0792,9511.085,1459.1667,195204.75,139249.98,9546.839,49515.605,5860.7964,5448.6816,4692.71,13953.006,825645.0,2547.9875,62153.902,7994.539,28331.863,8922.497,83854.164,2153.6768,3382.9329,7924.468,9511.774,6302.1157,5204.958,7096965.0,417365.5,597899.06,7211.5947,30971.223,1941.075,375795.28,16110.557,997518.9,135919.6,28536.93,28871.893,8098.7153,95617.04,12110.247
bronchi_189,bronchi,2386.456,11997.571,28715.176,1532.3005,134060.14,3783.025,63357.92,92764.84,370.10208,17126.486,3876.279,26183.68,6521.1724,30996.99,5191.3076,207673.2,971.594,20901.783,15282.311,2713.711,56152.188,770367.0,230.42511,12526.462,3600.099,62222.582,23491.666,21762.684,652878.44,53014.305,34615.36,114456.81,1066.798,9122.793,13647.608,64597.4,23983.822,10872.269,7263.243,146008.66,2378.675,43058.6,58163.043,249516.95,12371.99,55663.574,29349.63,43987.05,9815.68,25124.572,611859.0,21699.1,18530.559,1491.175,6143.721,10714.909,22.721354,29958.99,18781.773,8460.038,1952.9935,7561.9453,4623.022,1174.9071,225328.55,23096.83,1951.1095,78452.01,6926.5977,312271.47,11852.051,1598.3411,41874.69,14582.896,8698.893,3068.486,1052.5889,17508.99
bronchi_190,bronchi,276959.6,169652.19,686107.0,10349.253,1015662.6,16861.8,5520.909,7980.4067,1903936.2,98821.02,34071.273,1036218.44,12047.289,65178.164,1839777.2,165423.27,158808.56,5756.153,16418.914,13590.274,42016.984,97194.7,214587.77,12957.599,3718.1895,44854.766,10910.984,27758.271,5506981.0,119860.914,154761.94,501388.38,31216.404,93750.625,5201.533,652044.6,112839.96,43301.277,5776.619,35107.914,10637.146,5057.98,104557.875,124518.64,55361.805,32452.844,8139.2695,1943.0511,2273.9785,26091.695,1338650.0,31155.195,106084.586,7105.3423,13532.46,12268.973,17387.33,7276.057,6169.1826,4001.3071,3435.1567,5892.2246,3852.6604,1020774.25,399510.9,1104961.9,13972.155,2801.174,8161.121,474281.8,14273.742,555399.44,186555.77,5092.4727,13439.057,3871.7668,148992.83,19336.574
bronchi_191,bronchi,154664.12,221751.8,336349.56,10973.33,397564.9,7804.46,22933.852,32145.518,2330.138,38229.93,36159.438,654559.8,7042.3047,17550.219,1186818.8,106052.92,65190.164,11209.401,7364.5825,6873.0933,98416.6,658427.1,245817.97,16763.893,4210.8823,44516.31,14478.031,31332.25,3397735.2,15468.026,125368.22,411230.0,39402.08,46055.586,3826.0417,195007.7,69630.57,8693.832,7385.242,2722.943,14069.464,3408.8293,163497.88,188684.64,18134.521,62059.902,6859.0195,8636.195,10637.958,15388.715,630847.6,5852.5117,55588.508,2574.9456,37044.29,7657.2197,34045.516,4314.0923,3805.3635,9829.546,9900.621,9805.462,7248.5093,5289732.5,1454871.4,287277.06,9973.97,33763.72,3084.499,319628.0,15996.095,739426.75,283192.97,26564.975,29898.623,9623.036,73698.08,13532.446
bronchi_192,bronchi,62197.31,274261.25,327286.44,13145.897,823771.56,9421.018,216432.78,65431.77,7018.821,45647.04,38685.86,693292.9,44863.19,17438.812,829956.2,86487.22,59019.918,19045.854,17017.217,17553.75,100322.31,897740.8,122871.98,17567.953,5344.672,67075.45,25819.748,42396.363,5018038.0,70057.336,61593.918,394160.78,31140.668,24748.65,12041.855,465641.84,65319.855,34207.793,9338.355,7814.3813,8712.127,42730.234,197799.08,208295.03,64713.938,117632.17,15581.221,39972.008,14081.533,46505.12,817849.8,31576.795,62880.688,3811.5542,23930.676,8147.091,33267.52,18339.586,5226.475,11355.747,6891.9927,7686.7534,31457.855,7075630.0,903647.94,102009.23,16814.635,17346.088,14454.658,45072.945,18415.021,729546.2,238229.02,12392.764,20113.512,16722.135,62604.363,36901.168
bronchi_193,bronchi,211548.17,347384.1,251544.22,7005.0303,1033416.7,31261.332,1869327.1,33384.387,16894.639,19471.816,40559.383,562884.94,49509.09,10315.619,1048123.1,119467.195,365099.9,7133.101,10006.08,16419.494,122560.086,841798.56,107783.04,15272.84,5407.634,124817.54,35330.168,15783.147,4046139.5,114476.8,81272.97,401931.88,46946.195,16262.586,5777.7983,776811.25,50710.406,22125.344,5971.817,110168.836,4283.273,969.98883,130778.266,165697.36,141200.0,104413.586,20698.646,21144.084,9243.345,32350.93,647144.4,30461.426,42572.977,2624.2815,14086.234,8769.477,35398.027,14238.024,4045.2346,19387.893,3190.4773,14620.022,9513.354,8299583.0,6498947.5,27811.4,9724.88,9178.003,14080.23,68405.79,6191.371,1973190.8,32243.031,11452.889,37837.86,13519.263,113148.16,49225.66
bronchi_194,bronchi,30351.81,100446.57,88518.984,4043.6953,242286.1,2917.702,918.1467,19938.28,615.66205,15937.33,13132.264,54382.043,3781.0298,25239.008,395093.38,92200.984,13923.826,13620.1455,6190.4263,4631.969,33691.215,560377.25,245876.6,11267.454,5137.7603,30614.24,9721.208,10363.654,499205.56,6280.507,61020.875,177792.14,27950.547,28254.799,3439.2095,23229.043,49481.95,4833.458,7203.0015,6990.053,4191.366,12181.605,115303.92,100719.67,3948.188,45892.176,5368.318,13157.676,5780.3013,9455.306,459637.5,3390.0852,17433.11,5215.887,12086.949,9682.464,25023.156,2738.1199,3867.8945,5265.701,3212.5312,2220.5793,5589.1333,1267976.5,358409.9,149111.81,2299.055,22780.71,1710.5173,142039.53,12024.664,277231.53,51065.902,18743.943,6373.9883,5915.7583,66407.766,9956.007
bronchi_195,bronchi,208773.12,184148.4,255165.31,6570.716,447080.47,7479.133,13506.065,17414.115,7125.1523,39087.5,30957.463,732711.0,4255.7866,23308.334,1214064.5,83551.06,59107.508,8445.382,6907.834,5991.381,77835.32,274722.78,172975.03,11697.134,3868.4885,33679.008,10539.904,17927.613,3092039.0,36488.883,114654.01,387104.38,32061.29,54007.223,3049.724,184039.03,68157.69,12462.612,5583.501,6214.25,9366.945,5302.7275,162763.72,134123.44,21203.838,21479.57,6297.687,4333.63,4266.945,16085.024,653014.2,10638.466,58976.816,6909.0,20998.889,8245.741,43305.203,4123.238,3567.6584,5287.757,5179.61,6385.5503,6741.6987,3026271.0,1181098.6,267425.28,8833.814,7469.302,2783.2507,147572.48,13682.236,253085.44,156294.72,9249.263,23041.914,9146.517,67049.94,10612.521
bronchi_196,bronchi,3081.6047,64814.305,31394.555,620.69543,183823.62,10758.636,464785.12,49233.08,2318.3152,18654.098,10471.738,70520.13,37377.164,12451.444,23525.656,203361.02,1164.7479,8611.963,31010.12,2692.852,112582.09,581114.1,348.91653,9617.365,2561.4524,61609.895,18706.957,16706.576,795106.2,120269.805,46552.516,181241.06,1680.5972,11042.181,11342.076,361662.5,24617.318,6031.507,5022.025,200596.16,3629.4126,31966.977,54612.91,221035.83,21329.629,68799.45,24823.68,25777.453,9863.664,14057.54,547280.7,14469.21,25929.512,4760.877,6404.1416,6097.9263,22.769888,26238.2,6530.447,9084.155,1593.0511,16491.955,18004.994,90307.5,928897.3,63944.25,1912.905,31095.914,10455.63,171776.45,5291.2183,18930.658,8350.06,13096.142,17345.559,11737.701,1659.9371,16861.896
bronchi_197,bronchi,108511.09,432601.8,106070.12,10386.453,603352.1,11101.072,560913.5,42348.273,8488.927,59959.996,23477.377,737533.6,201043.55,20272.627,981082.1,125256.24,3650.7678,18423.383,22383.963,8263.329,117255.055,683658.94,30919.193,18581.049,4101.529,69299.4,28985.258,31324.152,6190815.0,223019.22,70711.8,462000.53,37430.42,23661.564,16618.314,337920.2,62448.902,277024.06,11760.584,231563.66,2516.7898,25670.904,109395.65,263479.66,30019.281,109182.3,26741.639,20532.098,6405.2476,54913.316,897258.94,33761.434,62816.793,21835.18,9821.992,10863.458,1196.7803,25853.826,21564.3,6904.7773,1618.1414,27701.914,19049.504,8216576.0,722645.9,178197.17,8273.345,19491.178,14065.708,47751.22,17059.094,1673603.2,575470.6,21210.998,12725.403,5703.636,22288.7,16682.645
bronchi_198,bronchi,25541.352,81006.16,140118.27,3599.9858,309188.12,11134.856,181305.89,56394.926,4326.1133,24276.385,12133.543,277935.7,4598.7744,20062.666,280920.8,239456.97,10971.614,15633.587,10589.166,5921.9517,118238.17,1178052.4,753.7835,10814.199,3068.1113,41936.28,17288.184,40125.89,1570444.0,59319.22,25656.342,263112.56,13240.445,19563.045,3521.0771,405264.72,33777.15,13307.429,5024.977,15298.862,5932.4106,21370.21,85074.19,247686.19,20456.025,80083.7,21244.322,35457.562,5789.5215,12897.147,729455.0,12209.37,39924.918,458.25552,9640.518,7571.2983,24.586716,20408.186,2274.981,6777.3394,2682.859,6158.9175,6158.829,2980867.8,23414.14,123188.07,3428.2036,27109.203,9682.981,492551.38,8292.93,318728.84,117727.68,9206.102,9158.109,8795.284,20893.71,33589.61
bronchi_199,bronchi,263913.72,218813.69,370636.9,9151.543,348999.56,5626.147,12594.494,28146.68,9408.078,39774.53,30742.04,701249.1,14808.463,28575.793,1393257.5,146654.22,134176.8,17525.664,7373.052,9709.069,88837.305,745965.6,276889.34,11589.418,3808.149,46361.42,15884.234,22955.887,3344391.8,20213.723,57823.73,425072.84,39517.195,28930.686,4242.7427,229565.36,64986.438,12855.92,9013.651,4630.5337,5852.456,13042.032,133979.23,177615.22,22779.037,57216.53,6266.7734,18734.668,7762.3525,22032.902,595132.6,10599.675,68201.766,10177.5205,22016.035,11076.525,70578.53,7610.823,3116.413,5437.4053,6527.2334,3597.1057,7768.841,6811715.5,570619.4,237330.58,8178.7007,14087.443,4146.204,148918.97,16711.723,1221058.1,374449.44,16345.637,12162.195,9919.3545,176246.78,18008.395
bronchi_200,bronchi,509507.6,191394.62,374052.56,13108.838,488177.0,21253.785,524113.8,36570.754,8205.877,43519.25,46993.004,873272.56,219813.86,12790.94,1429634.0,136809.38,433359.53,16917.842,9516.176,15329.023,84117.68,1060334.5,918558.75,12035.805,5716.784,107961.53,40668.727,38606.8,5197150.0,41211.4,52021.73,414267.62,44169.996,19578.836,9081.426,485224.06,61158.777,10863.8,10568.028,5073.6553,5436.3784,17062.186,141672.64,137323.62,59778.258,127632.72,12218.735,33725.52,5089.35,27997.182,819101.8,23074.592,76571.234,793.64844,16348.178,8622.089,104137.13,15994.341,4509.6562,21268.203,19822.299,7110.0474,32279.152,8253275.0,4025233.2,192064.4,17945.062,6831.1606,14316.8125,37507.43,16553.316,1400357.5,443890.72,8959.165,7851.857,21740.965,111849.984,28858.707
bronchi_201,bronchi,243559.81,139100.67,222554.77,7636.0547,359868.28,15042.008,2834.5703,10174.144,352431.53,33204.727,20603.303,637663.9,128880.82,13097.84,1481506.1,87259.79,139325.17,4481.512,2317.6895,8751.921,36974.12,68464.4,460310.0,7377.913,3763.559,43011.484,13841.615,20756.865,2946659.5,50349.85,21099.727,279426.12,21950.371,18946.102,1883.8591,680918.3,57006.613,13934.972,4712.856,3960.247,1301.1636,5687.5444,128116.01,87445.734,10181.094,33567.58,6420.178,1730.7401,2712.2898,38279.258,413902.75,22921.584,68989.86,14881.051,15319.144,15696.561,98451.52,4688.0835,2554.1804,3848.7227,2816.9546,4390.618,2722.273,6350422.0,45043.727,37677.69,10035.269,3125.327,3373.516,28226.95,8441.073,491975.34,113262.49,6389.0474,5450.085,8547.545,134645.19,14764.309
bronchi_202,bronchi,290024.03,284715.4,126437.45,5818.93,239782.16,22999.365,18335.125,21260.76,63335.023,57497.31,37740.664,596619.75,192802.89,23105.664,1269703.2,250879.88,375096.0,11339.059,2715.1455,7607.064,103788.03,1043180.94,736769.5,18112.363,4216.9683,38213.965,17420.71,103775.07,2625083.0,10555.396,202558.92,469947.8,50100.582,40332.996,1372.3967,429622.7,99715.37,5637.4385,11154.584,1049.9366,20019.412,744.40546,373207.0,191037.58,77332.19,108919.17,7232.715,9068.729,9258.247,12821.219,980294.6,2974.0437,327793.4,320.1532,56076.62,9024.017,103266.13,1230.6293,3637.5962,12141.01,15995.027,11212.235,7239.672,8298388.0,94906.59,431490.97,10294.526,72305.08,3241.6355,360022.06,13013.045,1457597.5,57452.03,55495.707,77816.39,22915.748,109877.24,42127.047
bronchi_203,bronchi,5572.217,247775.72,134620.02,3782.6929,356547.47,3552.4236,1670.2548,72375.31,825.84485,21209.318,25026.377,142028.7,7096.0435,20562.08,94470.52,69657.13,2491.272,22724.4,22792.838,12728.354,34855.234,524910.6,82219.71,16028.792,8732.376,29489.639,12270.985,12690.001,974560.06,17178.064,31153.234,310235.78,12012.513,24516.01,15694.944,60463.83,68780.625,19090.846,8483.641,159290.14,7603.7925,44477.605,162888.73,182291.36,23168.707,89702.27,14293.182,21287.236,15289.658,53321.938,937824.25,24262.127,18510.793,3958.7173,13176.35,12206.249,2262.093,18173.668,5028.3813,5132.974,3538.9414,9046.673,33261.207,49438.03,922735.4,59293.03,6020.712,18816.662,10795.783,49316.16,16992.016,20011.986,38318.996,13188.382,6335.022,14191.09,19317.516,18210.035
bronchi_204,bronchi,125527.1,146136.67,168006.36,6093.8213,283215.12,6246.334,1972.7731,17032.254,4129.1494,20621.191,22910.59,353611.22,9022.339,10741.933,1029452.56,119700.19,64636.098,9995.721,3095.9343,5974.0444,57387.633,532143.06,340788.84,7752.0757,3764.4783,47254.52,14309.563,14608.134,1641635.1,13257.378,51554.406,311795.94,24871.217,24079.486,2346.3394,197710.25,54512.844,5011.6406,5304.63,3741.2158,2964.6218,4844.263,135348.89,96719.336,10092.755,37371.566,4953.648,5811.7915,6473.824,15755.204,455512.44,8172.221,53329.668,4073.7625,16130.437,7926.4785,83619.695,3654.409,2869.1226,5805.475,5169.112,2506.248,6424.9624,4810792.5,242096.47,125487.96,6796.0083,10085.346,2294.7708,68128.83,12048.06,322934.34,75828.62,11327.007,11442.276,11991.726,75469.19,11961.227
bronchi_205,bronchi,164934.14,99349.63,69187.0,5322.4453,104484.414,6846.607,4560.899,10604.964,31082.395,22245.398,17260.11,310514.9,112708.43,42230.668,509822.06,176240.22,211989.25,18830.72,6710.8203,8211.812,34005.406,424996.62,638547.5,18405.434,6161.6494,43232.535,14219.745,12594.722,1367306.5,7318.654,127878.83,401785.47,32578.686,18626.31,10081.884,91946.516,64336.105,59654.96,19462.348,3090.366,1613.117,3027.066,135621.02,115723.54,10620.906,84425.17,7973.559,9508.382,8383.329,18525.416,746351.3,5118.3755,21116.758,28871.729,15502.704,20787.137,96056.2,5635.358,2477.9028,5685.2666,3357.9568,9989.745,6348.0083,7378381.5,140578.98,206958.67,2965.042,18049.111,1260.7356,124310.52,14235.988,1585956.8,221118.06,26795.098,5683.77,4852.1714,286906.6,18759.162
bronchi_206,bronchi,222985.4,415370.97,467992.0,19924.156,1102277.0,46411.016,1601451.8,35062.074,680800.75,38661.63,48572.598,837446.6,39298.914,14190.454,2014566.1,173616.44,162568.72,17405.447,29209.535,21675.066,107549.96,549454.7,145065.67,14186.732,4408.618,98873.53,17605.172,33272.723,6602349.0,141132.02,56556.13,457529.53,37859.734,32324.346,13150.638,942492.9,71833.17,55979.16,12413.193,16646.504,5128.834,55604.258,139143.66,215734.8,195202.7,110290.99,12881.56,38739.727,5316.2446,40477.42,717431.9,33782.754,66185.2,17372.395,53125.906,7845.427,2646.317,17876.393,3730.5745,9339.844,6589.871,4129.3423,50277.586,7597916.5,3966631.5,200049.97,15220.8545,15557.818,12331.83,48989.9,14431.0625,1519447.6,348497.34,12671.171,9388.949,24207.418,185386.62,73699.34
bronchi_207,bronchi,67756.51,203936.88,145608.31,5619.1587,354747.47,3535.5537,2900.1492,50110.426,3342.7593,42026.363,31996.287,268109.66,27003.434,23035.629,622854.94,181482.17,49911.062,16411.104,8617.46,10296.441,70008.58,984398.94,456406.03,14200.879,5446.437,40511.676,16228.592,19128.371,2430471.2,16889.178,74055.07,378389.25,29396.412,28558.084,6491.36,224168.77,59517.61,9815.765,8468.539,10458.882,14527.078,22829.146,131989.89,180020.92,31899.215,105481.0,8837.936,33041.754,9141.04,19395.234,712237.2,13683.933,41251.586,2625.7153,16234.815,8100.0825,64987.426,9545.446,5017.151,5916.2773,5046.034,2396.637,21888.139,5552137.0,418984.25,147765.84,9259.863,26242.703,5221.8804,248709.92,16231.27,672238.06,167234.89,16107.038,13489.484,14156.862,80185.12,24503.014
bronchi_208,bronchi,362223.44,178718.64,377240.94,10813.302,484049.66,15771.922,153330.45,24567.22,6492.307,51051.293,40879.566,876712.2,126341.74,13185.023,1115200.1,128465.31,334970.84,12917.805,10384.026,13245.207,68008.67,738647.2,550421.25,19323.484,6711.5947,78608.16,27791.887,31033.729,4172472.2,21195.023,53447.336,439616.34,32292.764,15319.23,10381.056,285415.2,63063.8,23720.287,10575.621,6926.664,5192.8384,1401.1898,168220.08,155373.3,47635.87,93612.414,13459.079,8023.3223,6963.8403,39490.863,629236.75,26912.676,69404.23,7842.0674,31432.395,11173.548,98826.68,11875.496,4681.3804,9753.639,7227.3154,23606.477,25533.363,7678026.5,1054312.6,62846.574,12916.277,6918.041,5933.333,40313.73,14699.648,1124408.8,173241.33,13276.193,13073.952,16351.655,101985.98,27017.111
bronchi_209,bronchi,252917.27,98761.57,77085.664,1876.8921,479193.4,6341.4546,77097.87,36695.97,2292.194,23819.717,17582.033,395196.25,152468.38,20181.072,108207.06,249926.34,164157.36,7744.5967,2471.9478,5352.309,112892.7,1072028.5,140241.8,13231.331,4072.9426,76775.83,29680.062,25814.775,1600410.5,5396.1074,28853.973,222922.89,40558.65,13499.047,1307.988,164162.84,36035.434,12607.954,6054.5107,2759.8716,9954.364,726.91943,90226.15,135703.03,20964.65,97908.36,19977.395,15227.039,2432.6658,14356.15,913857.0,11250.381,71050.87,888.0,8718.245,11401.393,28511.223,7726.0337,2270.136,8230.019,2398.6248,5781.663,1305.0807,8294202.5,1135041.5,141843.53,4266.318,6009.805,9839.226,419602.84,5837.843,1588642.2,277908.12,9177.557,21239.217,5757.3555,121266.17,17134.654
bronchi_210,bronchi,172888.78,446802.16,343094.38,4402.344,809271.06,31559.543,870724.5,49355.684,292753.2,41781.27,49055.727,630349.06,4416.624,32108.934,1667980.2,332072.9,43068.664,8917.4,11901.337,14729.892,135412.8,676935.06,11439.286,19900.873,3924.0938,143492.28,31725.037,36722.996,4111503.2,44432.58,101604.55,457753.88,42181.4,41027.477,6289.8647,845418.94,63298.19,28244.453,5845.6772,8446.646,18946.336,40376.64,114400.945,233309.3,205401.17,92238.72,20095.604,28793.717,3843.5496,36271.305,1026996.2,31806.105,147625.4,4240.0483,42552.56,7492.663,80.70306,21753.7,2002.5042,10052.588,18538.479,8665.702,16984.707,7532881.5,401509.66,315293.53,9510.486,17257.576,12402.306,604116.75,10548.724,1845171.6,178966.97,14622.31,62408.12,12149.64,286910.44,73407.18
bronchi_211,bronchi,239103.03,40727.22,282251.97,4118.6895,456232.84,8488.101,6582.4146,10338.814,221526.9,57417.086,21264.775,817538.6,16386.031,19514.037,1442681.0,57436.97,58865.836,3638.547,3029.929,5132.7983,36733.33,74429.195,215899.25,8718.628,3160.7737,25260.56,9418.609,14751.641,2288040.0,43866.48,73774.586,409599.8,20504.799,66499.78,1659.0139,314001.12,83996.234,14960.028,3046.5195,3988.617,8597.626,3544.9963,128201.32,64381.03,6694.077,15466.478,4025.472,1646.3234,1972.0928,17138.871,661838.06,19632.537,55173.742,3266.6128,10630.371,7542.964,53203.887,3701.401,4062.7373,3871.704,3596.6357,6980.9917,921.8295,2020101.1,805905.4,457502.03,11133.157,2706.749,5689.916,200763.42,9226.759,43048.625,108478.81,4672.837,12926.383,2909.362,82884.18,9993.786
bronchi_212,bronchi,383497.84,206486.5,365797.62,10063.294,396528.9,14622.254,30987.0,35455.734,9971.393,72887.75,40384.227,782156.8,49868.05,21245.477,1065291.9,154796.33,245598.4,12953.15,3668.639,9280.154,95538.92,729844.7,546735.06,17594.244,6418.0044,69024.22,30744.148,36461.402,2978889.8,12503.76,122870.92,390252.84,42254.035,35626.094,3381.1326,343816.94,72570.56,10251.112,6371.326,1639.6969,13810.864,2047.6456,217897.02,173319.66,38141.508,83690.305,11171.971,8500.837,4909.084,31353.922,862700.3,13408.841,139120.44,1289.1438,41953.0,9789.334,97948.15,8423.074,3836.0295,12858.545,16566.441,8984.443,6622.2266,7935507.5,1235569.5,288737.72,14206.243,11419.12,7018.312,261274.2,14309.795,740544.56,175853.9,17671.67,33330.46,12553.229,96978.97,25204.418
bronchi_213,bronchi,125925.78,139451.86,123024.41,1188.538,385610.28,20379.012,1716965.4,29435.998,1860.8351,24994.916,26500.145,232385.52,117181.05,11123.382,712729.1,251347.11,253499.72,5827.145,6214.007,3788.4526,133312.77,1047167.0,151403.53,8811.019,3216.7112,157038.92,40512.684,17202.902,1525333.5,64445.043,48300.84,255926.89,30990.932,14575.471,2854.7952,528259.25,31037.754,7240.7007,3825.56,13421.303,1986.1746,2195.361,70657.53,85973.734,62793.855,95262.516,18558.291,17990.953,5193.596,9967.76,658044.2,9867.014,81695.8,678.3143,6996.3833,6207.4194,6226.2705,13188.62,2471.9724,29796.43,2400.1323,5788.0747,4838.9014,8286012.0,5370539.0,154682.4,2760.285,8366.418,9744.396,61110.97,5089.292,1390976.6,19182.557,8679.019,23773.488,9970.289,36198.254,22629.307
bronchi_214,bronchi,369254.25,67033.12,434547.7,10908.248,322975.0,8471.859,70844.44,28299.943,8179.7227,76004.26,27290.398,532387.2,11349.066,43399.758,1071056.6,155375.08,158047.06,21932.25,14249.816,5997.379,90180.9,725322.0,120878.91,28082.006,5689.666,35240.52,16132.651,84967.64,3189762.0,10300.085,158690.92,483820.28,46295.633,55559.73,5357.7593,177682.47,95982.03,29231.496,17761.426,1567.6351,29262.484,2002.4344,150529.89,236268.05,7925.05,64887.41,9296.8545,7054.15,6878.438,14808.957,763826.1,2547.1404,91198.266,2037.5396,22422.766,13894.482,1406.4229,5760.322,6519.0205,9804.377,4182.3403,23358.492,3069.8738,4901720.5,1011924.9,363501.06,7872.186,61968.707,2284.68,562920.94,20182.63,1350347.6,337541.06,53906.777,9303.853,2771.1255,149480.3,16110.234
bronchi_215,bronchi,459820.78,161534.97,189805.78,8228.08,746928.8,17435.387,1656073.5,18935.209,13117.843,50682.656,31197.0,885320.8,232600.81,29773.562,1296877.6,75033.21,159682.86,16506.59,19001.148,4607.051,89820.41,371432.34,517323.9,23864.217,9588.515,160419.5,47184.492,41610.953,5304129.5,117568.805,83956.03,340029.84,49477.938,11561.905,11559.567,258273.11,65589.9,253956.8,13505.139,78358.69,3077.5564,3128.5874,116368.86,135639.5,35207.836,98267.48,23013.363,9412.233,3733.907,34421.82,623206.1,15551.869,38884.83,23805.66,8705.89,19859.938,94575.73,13491.582,11792.707,24404.734,2514.849,28283.969,10470.569,8312431.5,5615628.5,34860.086,7472.102,5401.5503,12642.658,19477.277,7756.062,2012121.9,310851.47,14204.401,11375.802,3975.588,102342.19,13001.111
bronchi_216,bronchi,298068.1,128781.055,436388.7,10943.365,553981.75,6804.6934,18250.354,23616.521,10559.334,50585.402,31091.05,538650.0,79863.89,19070.809,665989.0,104714.15,199210.38,11632.829,5829.6855,10777.008,39046.816,313772.12,675706.3,13858.3125,6137.0146,74715.664,30582.053,19644.432,2851371.0,20409.295,58987.395,340565.97,27257.338,23148.168,8763.874,104311.08,57052.79,10755.198,8791.191,7316.2876,10447.975,3255.9727,126677.15,107023.13,20653.115,76560.72,10904.357,4969.484,5973.435,33409.96,601798.25,16786.418,38550.656,6903.085,24048.732,12362.53,98243.77,11972.069,3385.6382,9931.68,9119.348,8225.467,15601.295,6634703.5,2450487.0,74903.086,11804.208,5572.0996,7213.741,109685.54,13074.676,826164.06,241048.69,9759.063,9012.019,9865.875,89871.734,17356.596
bronchi_217,bronchi,365132.62,297645.97,729702.0,20891.398,1056997.8,18923.492,873989.06,48883.816,132306.48,47054.4,46767.09,1026672.06,24262.035,29378.783,1609869.2,200175.92,273168.84,15728.51,11742.449,20163.393,73435.61,696605.3,299931.53,17642.688,6906.2197,126431.91,39102.75,40040.492,5786764.5,38824.39,82279.17,509154.94,41781.785,36017.05,7258.4507,702349.44,85859.11,92851.32,10279.045,7021.6333,13872.581,35142.79,173830.0,211572.19,156766.89,120944.055,17528.172,25550.22,4996.138,44885.316,1047727.4,33067.89,97364.945,2044.528,29329.064,12345.822,63631.504,23699.959,4299.652,20934.32,28697.764,2947.4648,13948.947,7867125.0,4981899.0,251952.61,18125.375,20713.97,14053.8,325869.34,17745.459,1802995.6,443385.56,13018.022,8210.1045,11684.891,253328.84,66104.65
bronchi_218,bronchi,191010.61,108567.3,217052.27,6763.7715,331541.28,6999.427,4246.3745,23213.475,6411.58,29835.871,22584.33,405953.25,34946.367,18533.918,480370.25,91037.16,123270.22,11545.509,4672.0884,8492.984,56767.633,511364.7,570171.7,13950.464,6775.7817,71615.79,27187.447,18601.404,1767637.0,9387.579,99890.98,346673.2,27657.037,20867.244,4778.8257,95651.875,61341.38,14832.662,9051.627,1975.6316,8294.639,1481.473,194785.97,135116.88,19392.81,68629.07,8798.641,7585.8564,8404.5205,20119.518,535680.8,7618.9146,42807.527,5425.2925,30180.9,11253.515,97237.914,5081.458,3072.5898,9626.929,10700.754,5152.626,5149.5303,7248420.0,568089.6,154404.3,7113.7373,16582.375,3482.2222,159976.89,12631.124,1042700.56,217410.67,24378.262,13257.138,7009.789,154599.67,20270.596
bronchi_219,bronchi,548769.2,158093.95,896466.06,11589.595,791131.44,57596.754,137107.83,5800.698,7679066.5,125600.02,39016.59,1069951.0,155854.28,31337.928,2179628.8,163364.31,325650.3,2767.4702,4138.195,12165.78,16754.67,34749.22,382184.2,7957.46,5182.1157,66818.73,13760.849,110762.16,6959060.5,232834.08,132726.81,417264.8,33795.676,81836.625,2274.562,1064801.2,112997.73,34623.414,3825.6074,20055.703,4592.348,1893.3713,79104.055,114240.67,54959.844,60659.277,9834.384,1052.0922,1563.4781,44512.57,917911.56,40802.68,407527.72,2459.6323,9118.113,11532.83,64495.336,6223.652,10900.469,6531.9106,2325.3562,7245.129,3657.8862,3920904.8,536227.7,668178.1,23984.256,2484.722,8682.6455,243003.9,8284.747,622232.75,346144.94,4824.03,3690.8164,11449.285,66938.0,24892.076
bronchi_220,bronchi,284942.78,63591.043,239591.97,8059.662,216297.42,7956.9517,5954.8154,12529.282,5550.2134,22255.498,16381.485,455991.0,46437.8,7498.7827,894333.8,54097.332,144456.98,13374.51,4855.5464,4416.5186,59597.07,467909.44,189742.25,7669.0312,4690.181,25384.791,9379.802,19675.443,3388225.2,15322.913,36710.984,275425.8,28533.283,10339.88,2993.4521,162632.3,39091.715,11073.409,10434.281,4359.789,3714.5237,1345.2627,145757.53,127091.6,8023.529,22831.89,3993.9358,6981.3247,8228.457,9163.404,288823.38,4086.123,39155.332,11776.241,12239.987,10048.726,64363.598,2480.6099,2578.755,5431.211,3239.7373,2215.5554,2797.8823,6174005.5,15958.107,28770.027,7386.32,35168.0,751.52954,28648.13,13192.81,992685.6,169093.14,32638.768,11170.063,4207.3374,87323.89,11395.511
bronchi_221,bronchi,235906.45,39624.902,111948.805,5183.92,149015.42,5205.822,6434.898,10491.111,4257.9834,16437.732,14344.052,344174.22,63823.496,4449.485,587707.4,22296.736,74779.82,7732.145,2308.2927,3396.9385,34875.414,206375.47,42714.508,6463.835,4185.2456,21771.154,7886.2397,12960.898,2559123.0,13175.344,23629.205,202179.88,22210.78,7850.9883,1480.2012,84405.52,33622.72,6741.988,5117.6235,4675.744,4019.9424,547.18744,120124.57,94369.94,2757.4226,11176.948,3199.7007,2091.468,4626.97,8488.198,239752.2,4612.657,26819.027,9944.258,12944.863,8222.008,41810.047,2204.6755,2269.453,4979.961,3678.1985,6464.322,1113.9128,4858211.5,8477.3,4427.473,6094.019,31179.064,652.0494,21509.97,10619.934,355285.47,112265.375,32202.283,13947.404,2210.741,57445.73,8781.906
bronchi_222,bronchi,65899.58,143970.25,357219.66,7429.973,618086.9,3662.2751,17122.68,59375.195,17892.307,54515.44,37649.098,764562.94,787.5111,34369.17,1200896.8,138435.27,16520.984,10815.241,9489.076,6033.745,76938.11,412064.25,55345.44,17373.107,3638.3735,67230.055,18852.086,25011.607,3179633.0,17629.35,146063.11,378215.0,29770.383,58006.22,4404.5786,342111.56,78077.09,17136.484,5046.573,3406.073,13645.786,25016.188,183307.19,146356.77,44805.598,59544.805,8363.7295,11408.017,4393.924,19744.602,1004999.4,11056.629,78151.14,2333.751,20139.83,8486.449,1973.2664,5817.798,3507.6572,12071.512,15408.732,3065.9753,8645.171,1486380.1,1411325.9,448627.03,9462.307,11464.047,7212.8877,470280.9,14070.028,481674.44,182262.33,9852.738,14355.616,9209.825,77509.09,17004.012
bronchi_223,bronchi,175153.94,93598.94,253545.4,7735.1914,224026.86,4526.9604,7869.341,14191.401,1794.8679,18162.197,17949.494,237984.9,10548.342,5920.15,532950.56,49536.246,90041.08,9838.165,4501.2886,5125.357,51218.223,345355.56,220200.12,8676.503,4173.278,29522.281,10598.341,15046.943,2169405.0,7334.9087,35716.348,206455.58,27338.096,12325.022,3184.232,83148.45,37203.473,5800.5103,7843.2866,3285.0474,4278.4546,1105.6338,130459.99,97459.7,5692.847,25667.232,4321.8687,4169.7363,6214.475,10210.081,293142.9,4593.5093,34620.047,9666.916,13574.186,8350.529,58451.867,2591.093,2298.123,6393.211,5024.4976,4126.1807,4467.253,4415574.5,207991.72,30998.113,6005.3696,22267.281,893.9111,37101.285,11445.8125,507294.25,191223.5,27658.988,9965.717,4638.367,73179.66,9802.75
bronchi_224,bronchi,459290.03,172445.48,740756.44,15011.811,646037.5,47302.223,5373.0,8107.4644,5325955.5,98491.06,28884.977,844850.7,171018.02,40936.84,1879950.1,183611.45,306366.8,3748.7036,3697.6072,18462.008,16700.809,45029.035,767671.06,7707.508,8142.7563,110225.48,40479.97,146430.2,6320966.5,110050.91,49403.72,395937.9,25321.176,30132.295,3351.0637,1052409.0,71020.52,87481.35,9736.165,3288.2673,5301.256,6529.6685,109542.43,163117.72,75252.43,108003.86,20310.422,1399.5114,2221.9219,60630.242,930557.1,36602.05,429374.47,2528.4453,20053.234,19331.355,98750.836,8160.2573,5470.136,10266.278,6985.694,2774.8965,6508.6016,7660582.5,30957.373,402181.1,21406.295,3532.6072,8789.892,364152.66,9652.994,1566070.8,425034.72,10157.893,4338.635,11883.653,214012.66,57285.05
bronchi_225,bronchi,111451.86,61764.445,95154.74,5109.9897,195089.36,3074.132,1247.3567,12611.189,1302.1886,14539.275,8486.498,216136.38,11530.663,14127.593,340663.1,108716.19,51698.72,12943.099,4390.3296,5439.906,23228.621,498685.0,275446.3,9599.449,4912.335,51458.965,14092.939,10199.035,1087783.2,9242.613,39860.543,240910.34,21293.29,12027.772,3359.36,32011.67,36861.81,9666.1875,8163.924,6207.917,1459.8297,1750.8593,158304.72,73546.28,2236.4216,46193.977,7014.377,5710.9966,4151.618,11098.192,488334.4,5550.2026,15008.074,16286.411,8279.139,11455.599,83012.41,3307.7263,2091.0222,6710.7563,4797.6436,3639.3489,4207.1206,5338414.5,16689.154,83685.195,2864.8696,9618.273,1564.7214,72820.49,11327.342,1203544.1,165671.77,12569.294,4816.3604,6086.6064,117984.84,10711.088
bronchi_226,bronchi,87020.62,114157.14,407162.56,9193.221,671404.5,2742.3223,8285.158,36461.61,8774.3955,48809.188,32481.424,376568.75,430.4584,56294.76,742265.56,203071.88,16320.06,13582.721,17012.674,6667.1553,48042.79,372759.88,48106.38,21205.78,5095.6406,67478.77,15789.576,19663.213,2864049.0,22077.707,182867.53,419015.8,31657.998,64415.793,9688.469,91856.85,81814.54,17558.557,8305.175,39262.875,19366.38,13209.581,102197.45,157082.81,21020.268,76392.82,13535.751,12120.115,4488.627,19387.078,1209444.4,11918.796,23485.596,3549.514,15111.431,11791.965,406.1643,8983.39,3931.4937,9217.778,5114.573,5417.789,13329.837,793177.2,637816.56,552728.94,7407.5493,13019.153,7476.1016,481475.12,18181.973,841250.44,418109.28,10364.623,8546.714,5367.924,103082.83,15611.074
bronchi_227,bronchi,130026.01,9704.052,23259.791,430.19165,128429.55,7605.1924,652649.94,17760.969,2094.4966,16309.789,2903.4685,99094.14,117940.74,20532.725,34801.42,177305.0,105142.24,5189.0254,2788.625,2262.4287,96532.914,572189.3,17881.541,8536.229,2668.2837,95515.875,24234.607,10583.835,193903.0,22045.703,25031.127,101367.52,18891.557,7728.488,1309.45,192911.4,20244.07,4992.3696,4237.0728,11265.1875,2486.8872,608.4048,53001.668,53150.84,3893.8828,46492.574,15486.744,4335.317,2597.8838,7287.1626,512414.25,2806.9497,66275.78,2122.7512,4614.1665,9716.619,265.46573,4333.0264,2125.0188,12688.319,1667.0463,10170.166,864.5889,8297723.5,2585084.8,82729.0,1561.3468,3169.5754,6688.812,85909.07,4880.2026,1168709.6,11549.903,5832.3164,12166.569,6879.3306,30527.822,8396.957
bronchi_228,bronchi,116832.01,15219.969,37888.414,2384.9243,103033.78,2913.0376,954.79834,10356.708,934.6847,13115.866,5315.895,203581.45,51229.848,5791.3936,188586.95,98277.695,28486.516,10846.375,2345.7307,3904.2822,12415.952,431166.44,98912.38,5504.8867,4731.608,31811.172,10837.565,9334.643,988517.56,10499.961,18629.385,171386.52,9187.032,6826.862,1551.9274,21949.43,24294.219,5348.5327,4636.7876,3577.9614,1324.449,579.2788,115444.55,56053.74,1370.4309,25026.33,4222.789,2057.104,3204.3713,9364.73,282935.97,7217.2026,13310.806,19284.16,6422.9404,11169.851,78897.47,2745.816,1641.4808,4924.9697,3677.616,5898.5903,1371.0275,4455824.5,636.0898,12257.499,2294.7783,6306.9565,976.6767,31437.46,8365.006,801836.1,30879.262,10934.018,3552.6133,3847.783,91131.664,9104.825
bronchi_229,bronchi,144199.45,535659.4,532299.9,12163.97,1304813.6,24671.47,968760.2,42709.945,35274.75,40069.754,48582.234,773171.25,51307.785,9290.339,1414155.1,246150.16,63017.445,11805.39,19927.271,22942.514,113494.53,753549.8,178541.12,18348.49,4373.9185,94798.5,27731.598,41195.01,5243904.5,89891.19,128745.57,495292.8,41174.508,45856.562,10335.601,723502.3,84076.54,13298.383,6879.409,59355.664,21376.488,16746.01,117499.65,231061.58,176339.25,117429.3,15827.843,31806.803,11184.732,51736.152,901558.8,34908.36,66067.72,5574.524,46004.05,6413.3657,11473.936,20204.008,2967.913,10956.733,5616.03,5765.681,45725.29,7757280.0,4051328.8,167789.56,18014.219,18701.303,14359.711,259141.08,14869.715,1632200.0,247446.08,15211.639,22536.479,21774.02,119082.945,64578.797
bronchi_230,bronchi,99976.94,206174.42,246395.58,9276.278,773640.3,6913.2256,11478.784,94065.16,7086.1553,40719.062,42553.29,544087.5,151265.7,25383.969,375004.1,124974.766,114677.414,15783.81,4432.0283,19885.809,78036.0,1014812.56,518402.03,11610.7705,5431.6772,60137.758,28857.36,33126.38,4541632.5,23208.936,46489.203,236908.83,31746.102,16499.145,6144.7173,300521.34,62740.277,41057.97,10095.172,2847.5845,13060.791,40902.46,162805.95,180755.84,105693.07,117752.49,11579.629,41940.2,6364.9907,53382.59,833164.8,33635.035,136893.56,3850.533,38038.49,11121.918,88479.984,21926.56,3527.3877,8263.156,21203.574,2915.6233,6209.67,8107084.0,3110387.8,115325.484,13607.966,19409.537,10251.474,100973.48,18743.336,866540.3,500085.66,13622.821,20263.135,7116.126,157270.33,47320.406
bronchi_231,bronchi,29807.885,277246.84,286682.88,4219.181,375491.5,9286.459,1318869.4,38030.76,1888.7574,24868.727,27599.121,667657.7,26857.113,7495.301,466135.47,57666.56,53310.855,12156.536,26857.703,8787.712,105467.22,596247.75,79478.59,13580.557,4386.1353,66356.1,22558.777,22178.436,3014487.0,120435.086,58050.715,353016.5,23262.896,25211.727,10743.449,583520.94,52685.08,15670.459,5548.7896,19788.035,4482.9487,28407.648,126639.46,153640.62,48459.33,103077.414,13066.972,28927.79,20588.512,24461.172,550746.8,14687.708,59614.695,2618.1733,12540.054,5577.646,2481.7107,10142.316,5163.5435,13209.442,3201.157,9319.342,51153.637,4992324.0,5074217.0,45680.004,10679.68,19606.604,9894.061,22451.738,7733.281,172166.62,19748.367,10504.408,19742.7,26185.229,12976.1,24755.992
bronchi_232,bronchi,438191.12,235660.22,623667.5,12286.4795,705587.4,23962.102,13011.978,12874.583,774227.8,57509.484,39194.56,783752.5,135143.94,29830.236,1685316.1,187759.66,310176.3,6950.423,12870.495,16626.621,32153.611,186330.3,664058.44,9280.677,6613.7617,75804.03,24892.504,46531.965,5434249.0,75124.72,41978.375,396716.53,29010.59,31443.188,8021.019,822716.4,68725.086,43769.53,10139.56,16342.238,5593.2773,5816.339,122240.945,138467.34,94440.34,100349.195,14635.578,2141.5208,3831.0964,54467.27,801797.1,32095.094,133584.88,9010.927,32545.426,15082.647,94609.914,8930.857,4875.7637,6757.549,4977.0977,11834.464,25730.86,7121556.0,257443.64,196024.47,13075.997,4665.791,8774.153,65192.65,10903.151,1457177.8,311231.47,11266.5625,7886.217,18028.932,129024.22,46886.504
bronchi_233,bronchi,45289.47,208762.38,115134.7,9168.746,534921.2,4000.3645,374583.38,46927.93,906.2908,48430.777,32097.451,430181.5,204031.22,20353.857,288095.75,122100.31,13473.387,18176.477,21075.672,5938.038,82156.77,601880.9,396898.16,19821.752,10843.489,91013.98,34743.652,55555.914,2584165.5,86914.45,49533.176,358661.56,22593.768,25731.865,15959.645,84870.54,70829.37,39447.01,9212.197,55135.66,4888.1924,5246.074,120766.555,168466.83,17246.287,112102.33,22663.107,16691.176,9979.127,38897.55,1020588.3,27080.752,34135.74,1939.5087,7035.349,14321.224,15579.244,24801.01,26266.09,16415.078,2208.247,16273.415,12023.78,7296010.0,3671292.2,125587.93,8718.844,14603.467,11403.894,172221.81,16006.701,675065.44,642116.8,14995.541,12620.13,2437.2273,13678.948,12581.563
bronchi_234,bronchi,426483.06,70520.13,255450.42,9899.403,220650.83,19679.066,64136.086,27701.94,9347.668,57436.145,29018.643,1031996.5,27049.365,39462.21,1289100.6,105445.3,258695.62,18653.955,16540.076,3658.8984,95151.47,582454.0,219427.64,20183.959,4097.927,25384.742,12022.703,83148.766,4043828.8,12662.014,123788.45,494254.75,45823.688,43905.574,3736.0125,294134.8,69599.83,59788.406,12664.719,1091.9908,28125.48,5168.2197,191940.62,185535.02,23195.172,48176.902,4498.0996,5335.361,4648.5635,8948.465,613464.06,1838.4606,81067.445,8051.2026,38286.484,14142.152,4296.212,1821.7506,2411.4077,7219.4814,6455.3877,15004.897,1632.4348,6576972.5,605762.7,430663.0,7206.2246,80690.5,1640.957,499915.9,16331.0205,1601039.5,211150.7,53408.152,17565.557,1847.1382,173650.55,15410.819
bronchi_235,bronchi,259758.67,56955.043,199244.0,6961.5493,170440.98,7033.9736,3430.883,14542.923,4997.401,27416.713,16833.344,562915.56,44477.31,16239.662,1110084.5,107362.52,91675.61,13319.568,5681.862,3572.658,49863.152,611525.3,234387.58,8157.946,4814.261,34753.46,11205.607,24098.44,2961365.0,21280.438,92727.96,389247.06,36943.668,19807.598,2412.8645,151742.22,52692.816,25450.654,10028.973,1747.8062,7663.138,911.6173,186264.56,148779.14,7018.426,39066.258,5072.436,4232.302,5777.6387,8798.54,458677.66,2257.478,34559.184,11952.343,18120.518,9374.292,51390.45,1816.1818,2727.6738,6944.7637,5394.6455,6389.742,2075.1409,6613686.0,14425.283,125924.22,5552.427,51215.535,978.6278,129775.39,14549.79,1386768.5,252755.95,46141.582,17235.205,2579.1843,114441.75,11818.21
bronchi_236,bronchi,102020.125,235600.45,215818.34,7000.8286,390611.8,17835.352,307573.53,57264.84,4661.769,31425.44,42909.633,436513.16,9959.036,9589.713,525120.44,68561.555,202904.22,11526.54,6272.8555,11120.868,112993.52,727835.25,281640.53,12070.694,3688.0676,43325.69,18583.033,31652.264,3852033.8,12742.771,59761.387,309746.5,37697.457,22001.092,4262.8315,489075.44,58433.082,14082.997,7785.2783,1487.7821,15867.64,20515.83,172860.1,141825.4,60466.71,87049.51,7077.3604,24014.193,9592.823,26375.889,439121.5,17492.566,124008.23,2366.3838,38095.74,7367.2593,71307.266,8893.2705,4144.587,8358.482,14416.714,6619.903,20811.158,6329327.0,5507480.0,110090.27,16453.7,27063.893,6418.935,62886.086,13633.623,121296.125,107880.53,15863.72,21609.016,16504.416,89887.59,20881.24
bronchi_237,bronchi,280340.3,132143.56,382281.9,9845.2705,707723.75,11388.721,3050.4602,16218.55,253780.31,39691.812,24866.64,618464.2,55627.117,31185.398,1291804.4,84297.01,150106.42,6400.0444,3644.2021,10910.423,24714.898,77358.516,545809.8,8818.577,5181.3843,54662.88,19456.744,22519.656,3101235.2,35340.582,51893.195,322109.1,25031.246,32991.94,4609.1035,449150.6,63856.984,23609.336,8623.4375,6560.6143,6553.2593,12656.593,107447.54,117624.99,31766.332,46846.19,8849.955,2491.1829,3478.265,44798.375,558418.8,24312.9,89856.05,14023.272,19823.586,16555.686,90570.56,6190.9224,4481.5337,4668.1504,4903.9688,2699.9417,4434.227,5646345.5,1255571.6,106069.414,11829.386,3667.5017,6271.4136,65383.426,12131.356,624147.06,196884.8,7238.3877,7464.3096,7762.797,146885.03,16614.322
bronchi_238,bronchi,53592.242,194004.9,109666.92,6596.147,440022.38,4751.0684,1229.6536,21883.838,8595.994,18665.113,23068.102,327260.53,12823.787,28651.055,715511.2,63658.88,33581.793,19264.748,16185.003,10979.225,34762.812,332783.7,405722.97,9774.499,5893.737,24774.51,9425.772,12414.329,1877280.8,15708.032,16943.516,272734.12,21430.87,15228.898,11036.032,155074.27,37492.55,18761.436,13761.282,61394.695,3913.761,24341.229,113367.85,106294.12,24864.055,57941.695,8492.943,7322.976,6724.1924,33714.71,618192.4,15522.559,23113.996,22887.004,16859.791,16495.4,51654.56,5500.5723,2118.002,3460.479,2700.6758,7167.7476,16208.391,3700496.0,58264.586,83703.4,4707.186,4736.0103,5757.7783,22805.906,11565.347,993212.1,139921.44,8509.6875,5554.0527,10567.888,175026.88,16505.645
bronchi_239,bronchi,63419.28,101942.51,165534.2,7436.595,336344.75,6129.6963,1490.7169,8261.186,332324.12,27934.639,21605.885,162764.5,9063.695,36450.797,695364.75,151450.89,18828.672,6721.313,16149.862,9925.932,12936.162,78520.125,175740.23,7230.39,5206.537,61623.0,12386.784,10434.192,1741135.4,43155.75,57484.59,293986.47,22211.225,39539.93,6779.0464,124501.54,74023.79,24529.95,8442.249,37759.887,3638.6963,11292.414,87444.234,79303.24,10446.878,46529.3,9936.986,1492.1615,2736.2332,26522.824,951037.94,27772.094,18478.285,5985.509,12670.832,12580.088,33548.504,6441.0938,2952.1333,4955.4536,3262.8506,13546.768,13995.642,949041.94,225940.97,422087.6,4929.8955,3228.2083,5680.556,125999.77,10527.517,564807.9,38012.484,5874.895,4170.3486,13804.161,94529.28,13277.7
bronchi_240,bronchi,256600.69,92520.11,269452.3,8901.323,358086.03,7376.21,18422.574,9370.359,71437.88,25914.555,15023.068,575478.3,11817.646,17071.283,1165931.0,114611.92,94957.48,9975.33,17511.93,7786.37,32097.115,217135.7,96090.016,8657.887,5885.327,39865.145,11132.669,22843.348,3903935.5,43810.543,24212.705,269591.1,22866.213,9911.25,4577.797,229565.36,36580.17,24892.266,11683.42,31451.855,2152.249,2509.52,100115.766,91491.41,13508.0625,38185.805,8953.169,2552.502,3466.198,16220.685,430210.62,14332.223,24621.568,20192.334,10030.034,13962.15,28128.754,4697.206,2077.65,4617.6406,2479.0022,5994.376,10372.05,3788023.0,1254.5641,62420.562,7404.49,6184.7783,1584.1963,41210.1,11582.169,1223437.2,117218.05,9609.526,3668.3274,9232.401,114792.086,16486.074
bronchi_241,bronchi,89618.13,114717.88,119159.4,5310.4824,258116.25,8280.474,3296.4146,13884.561,4383.174,20873.455,17175.477,344964.2,19507.283,8762.988,1025548.6,78202.06,52587.543,6705.1133,2366.6853,4279.52,55448.2,284989.78,222714.42,7844.3115,3644.084,33335.33,10711.149,16546.373,1522776.9,19497.146,53979.11,260511.61,20758.21,23570.1,1514.8064,195310.52,53077.34,4809.378,4209.8823,3314.8147,2449.7856,2608.5842,150477.5,82665.51,5650.5044,19093.922,4152.652,3694.582,6085.254,12089.544,343992.1,4954.7207,57163.35,5452.675,18226.697,7193.2183,73476.38,2281.54,2928.4954,4992.4316,4156.758,3038.349,3633.5002,3517892.2,175030.88,55578.438,7518.076,10051.946,1529.8159,48026.57,10239.406,76692.11,73880.336,12257.511,14467.154,8556.093,48060.844,10102.694
bronchi_242,bronchi,2447.2627,44838.21,69275.54,4374.6484,180101.97,2422.7444,1578.7708,137431.84,524.8117,40448.402,11715.847,13648.637,11421.179,23400.725,6610.085,216949.62,979.1689,28107.756,13369.408,7355.941,33042.984,917181.8,246.25314,36370.234,19377.799,46041.973,20534.74,32948.39,551382.7,8373.858,69507.96,227405.53,1317.0265,25400.023,16324.963,20251.156,77345.164,8319.335,11037.506,267556.9,13983.46,59534.98,138814.28,270665.38,12570.396,81085.46,33084.734,63214.457,15671.191,64501.61,1216485.6,42069.51,13453.997,270.5235,10839.188,15374.294,22.811914,39416.625,61979.285,7505.7456,2471.5386,3986.54,12315.739,1025.8315,7868.3276,18513.441,4366.9854,77165.25,9204.758,521138.75,22008.395,774.6766,5329.9287,31478.863,3805.1858,3876.1792,889.3406,36103.957
bronchi_243,bronchi,311013.1,62593.02,289667.2,8546.469,404491.3,14542.243,9589.648,9544.071,108567.92,29603.2,21819.482,718968.9,35710.965,11471.638,1482528.0,70426.51,118078.16,7271.2075,6133.8433,4724.9956,59896.9,227865.11,163198.78,7395.7666,3376.6135,27490.969,9168.247,19208.682,4149152.0,34855.434,59363.703,322801.3,30251.82,23435.812,1814.08,420706.75,54083.508,14637.295,7419.3574,5524.412,4210.3403,2883.7173,118871.78,113989.71,12962.951,17531.6,4076.398,3185.0156,4193.17,12819.445,337791.28,5996.6235,64477.133,11629.878,16780.145,8584.761,48527.867,2234.454,2844.5813,4500.486,3087.319,2662.3794,4672.391,5622745.0,20150.416,144014.61,10522.668,10104.419,1029.4362,52939.13,11973.851,691231.06,157728.16,16994.738,14076.658,8794.109,70072.234,11675.545
bronchi_244,bronchi,10039.069,90739.94,103942.66,6635.0425,297115.06,8883.123,37458.812,85515.4,959.91284,22762.295,33712.24,449613.44,11054.499,7933.4443,448818.75,112047.07,13707.0,8933.687,3159.5134,5045.625,115653.15,976028.75,7219.165,8795.394,3793.8882,39538.004,12644.418,43359.09,2103555.8,7261.9272,62154.438,284648.34,16028.807,17224.705,2027.0829,389208.44,42215.406,5485.5347,6873.7817,1224.5027,15733.881,25510.021,185592.0,151833.56,51657.664,68001.73,6736.7876,20975.91,9890.258,12089.197,474105.0,5218.6343,50202.12,936.94055,33234.6,6373.4717,336.4492,3678.3562,5508.238,10930.556,12008.252,2017.9897,6620.648,294973.6,500103.78,154664.4,7105.8574,71812.21,1793.3743,127526.26,13352.562,62586.332,63093.996,32865.32,16291.74,11414.057,7298.7515,21193.264
bronchi_245,bronchi,176930.34,214761.78,378356.78,11031.401,682718.8,7096.2056,177226.56,36659.38,974.8458,33990.945,40108.1,786919.06,33119.652,13563.069,889264.06,53242.973,160935.44,16920.36,21755.96,12804.611,50608.562,507889.66,524684.94,17307.965,7202.115,63856.617,25079.875,20697.166,2741566.5,24189.787,39863.547,416478.03,30597.135,21721.172,16371.77,96588.54,69681.79,24244.594,9176.594,62160.66,10094.748,6159.3755,162371.64,164090.84,38062.91,104045.7,14157.537,8224.094,12804.074,54510.816,783142.06,26157.697,45257.69,8296.031,20116.314,12464.241,76458.64,17061.729,3431.6162,9215.678,7439.5747,30260.303,26420.35,5961483.5,4799647.5,94243.04,14091.689,6610.457,12100.156,45677.74,15407.233,647375.9,267993.84,11192.459,9134.189,14219.962,54123.39,17013.34
bronchi_246,bronchi,15284.6,36057.676,142305.83,7489.8906,223658.62,2632.9824,9421.26,29864.738,1164.9119,17008.05,10528.431,81153.0,294.48898,20925.717,157035.33,74287.23,4314.2856,19651.178,15702.221,4681.814,25818.59,488027.12,3255.1062,14133.766,8245.198,34156.516,11829.318,12980.47,930172.94,11907.684,32937.52,224891.89,17099.996,15880.25,8446.372,25942.15,45158.355,12308.083,10033.833,62169.91,6475.2754,11561.464,138335.48,158389.89,2755.0457,54346.37,12692.482,11101.538,5646.189,14978.245,592969.0,8407.143,13359.887,2837.8105,9026.909,12679.488,46.190586,7256.3535,3846.2048,6811.791,3922.739,6909.7515,9995.931,16990.021,46838.24,38242.656,3392.4146,27975.67,2631.3777,141380.7,16394.691,136785.89,72879.13,22077.959,4240.307,3310.1633,20764.686,11230.7295
bronchi_247,bronchi,15616.837,171238.34,45786.906,1929.1213,158828.25,3743.2578,39180.62,56016.277,969.0591,26680.576,18265.38,337778.72,193844.75,10931.088,88104.53,262103.27,2025.8223,12849.411,5633.246,3018.366,84116.555,746269.44,104096.516,13183.716,3900.1838,95529.35,36100.86,28440.775,1996579.6,72787.86,50270.44,219116.89,13118.093,13101.951,7202.9263,121151.734,34345.48,6210.351,6449.8423,79072.98,3172.3645,3986.8252,67879.914,143040.17,11452.856,100964.04,24590.357,19902.145,3633.795,22633.99,970085.0,11172.27,78620.91,2341.001,7812.7046,7744.109,2324.8584,12216.44,8992.262,14955.35,1985.9963,5796.7324,11746.168,8062703.0,467375.6,82608.69,3199.4321,22572.035,9552.504,173135.45,7151.0103,533446.9,169235.75,11949.334,35454.688,5962.1016,5254.5073,12246.526
bronchi_248,bronchi,318595.44,104677.7,205928.98,4688.419,393598.1,16176.377,143544.16,63309.36,1629.3698,40665.312,41656.734,562945.6,216417.3,11061.987,373209.84,139966.28,369853.4,11648.672,3063.575,6442.974,79547.67,996796.2,686490.56,11979.322,6009.5186,93729.8,42606.49,39673.04,3273827.2,6078.3506,43091.88,195711.4,38779.242,17715.393,2537.9773,389922.88,50918.89,5723.741,6013.498,1263.1825,8029.569,23717.799,210191.55,104910.164,22184.951,116256.38,13043.737,23463.03,6283.892,21389.582,791112.56,16669.047,155872.27,812.89886,32757.58,6989.9463,104311.27,6670.6094,3953.7961,18848.365,14754.074,4368.523,10530.871,8291869.5,3009279.5,74712.24,11903.766,10694.377,9639.884,20908.104,8729.179,219079.28,15948.248,12685.633,28105.934,15827.602,73325.18,21000.512
bronchi_249,bronchi,3268.4956,332512.75,229539.53,6749.0205,764946.56,5857.091,254282.52,98930.5,12842.869,43574.734,42217.258,334091.9,38755.508,16341.132,594179.3,148873.81,1394.8916,20949.38,40810.387,11565.645,112072.18,749642.0,762.4739,18899.611,5411.256,50113.58,14845.738,64956.383,5998392.5,160626.02,61969.18,386338.38,3125.026,24170.438,15343.27,690007.3,70306.25,7849.4233,8767.109,119332.83,5808.9927,61044.273,128046.63,245332.0,101531.61,105204.83,18499.799,50575.03,18121.14,55160.273,809029.5,34516.4,55630.617,5915.2505,26037.307,7183.8657,29.479757,22757.367,10682.735,7769.7446,2718.7134,3379.9812,43364.633,4804.5815,233104.02,70631.12,10425.717,57761.504,11299.858,36931.586,18631.498,7877.925,91984.664,19445.225,16054.28,20446.664,3867.4185,48951.09
bronchi_250,bronchi,165732.61,140413.5,199033.58,8732.368,306599.75,4155.3027,5009.28,18834.455,2664.7502,22533.469,16843.703,364247.16,1911.5029,19088.516,1076629.8,86942.39,46414.38,15451.704,7599.8193,6114.0415,61034.375,604557.06,128926.06,10496.746,5656.9165,38068.9,11852.492,14758.451,1733515.5,19103.648,48814.08,310372.2,33840.734,21951.982,4060.1685,95027.69,52374.13,9966.752,8421.05,7542.856,3624.3613,13645.89,149630.34,138028.17,10179.171,40384.03,6518.256,12147.542,6586.9805,12680.746,499697.6,6941.4326,30877.967,7315.094,12980.643,10945.108,32052.637,4133.6343,2879.345,5868.807,4417.1465,2300.9575,5104.071,3886895.0,73298.54,136889.25,5232.0566,13242.655,1997.5654,91280.664,15314.819,767651.25,169672.4,14335.586,6658.862,6098.281,98793.88,11719.178
bronchi_251,bronchi,79001.07,79744.33,147631.6,7058.6865,235345.12,4575.828,11350.69,13828.038,2793.9175,16019.836,19581.115,449494.7,9139.297,6701.053,631182.2,76981.414,35015.156,8154.811,3490.6267,4558.0586,56857.086,242631.31,94434.49,8034.3877,3636.0142,49372.914,12213.527,10831.851,1326404.8,17066.156,42581.098,265528.94,23414.654,16122.516,1886.7427,63217.71,44675.97,3782.8228,4222.5796,6006.8423,5596.3994,4191.862,139641.5,70071.03,3576.8694,33362.074,5559.873,2430.9756,3530.882,13651.175,388409.0,9102.299,21392.54,5283.527,12770.109,7346.5103,44466.45,3459.2876,2274.1443,7300.06,8748.299,6609.637,5133.929,1912069.9,512683.6,36738.445,6202.525,6294.648,2031.1486,45760.363,10432.411,74885.66,170426.84,8046.85,7304.9287,8168.231,44695.273,8889.217
bronchi_252,bronchi,265039.66,212378.58,422747.06,12715.965,248053.77,11734.567,207169.95,26044.584,18125.617,49479.445,36450.38,930657.4,15933.455,17038.477,1568134.8,196925.92,137085.22,11219.927,10552.699,5367.1504,132738.84,727997.7,82266.46,11505.715,3450.3298,35899.7,12131.183,43056.96,4433651.0,25749.197,96768.516,425461.38,44478.07,34514.62,2792.007,538124.2,68098.1,14050.048,10033.182,2271.126,14108.58,10325.472,139826.73,225668.77,25642.717,47375.09,6901.729,7413.7974,5695.5903,14385.221,511359.3,5790.7476,97360.95,8125.246,41944.36,7658.666,3926.8162,3785.7542,3053.765,8677.454,9102.073,12633.328,6725.1353,6585941.5,304420.4,202000.25,9309.099,33433.676,1809.2655,157313.98,16323.4375,1388087.8,421237.1,33785.56,20768.113,6626.207,116047.8,19286.607
bronchi_253,bronchi,143426.06,608896.1,705273.9,14809.847,1219610.4,22498.209,119581.63,67735.26,46802.96,90947.86,52470.47,906765.2,77236.516,40768.918,1904085.1,192093.89,118685.78,15469.812,25486.943,22143.795,121163.17,896527.6,559125.44,24134.55,5228.694,69904.63,18039.336,83962.27,6506643.5,111759.56,119347.734,524834.06,33452.207,40354.582,11585.186,846913.44,98040.85,73883.65,6967.508,90871.13,11885.943,33815.7,143665.77,237213.12,181789.81,113307.22,12722.516,16138.546,13797.619,62654.055,1313914.2,42106.64,180937.45,7142.374,44384.637,11598.895,48577.32,28566.691,6344.1406,7533.8467,5792.228,14303.628,21733.605,6157517.5,2324140.2,403766.34,18627.502,18039.543,14222.349,100889.93,19877.617,1102674.4,452879.75,15728.87,26394.385,13452.0205,103746.07,52536.01
bronchi_254,bronchi,243682.25,58575.863,262550.3,8835.171,371398.34,7807.3784,2297.3328,9919.298,157333.19,22856.75,15288.404,714958.0,60259.24,14974.774,1404762.1,105028.695,67883.93,8440.123,5355.5625,5368.5586,42650.72,188220.78,302574.66,6549.516,3250.6099,30565.549,10186.037,15609.287,3627866.5,42665.934,37815.78,315326.3,28135.809,20156.49,2299.9053,431801.78,54025.305,11083.352,7122.9917,4866.406,2674.2458,19055.264,119530.33,114429.64,14262.148,26612.191,4414.16,4769.213,3093.295,12292.832,374667.34,7084.878,52395.06,13597.133,10219.444,11279.626,60446.36,2467.1038,2714.1433,4198.337,3178.2715,1601.1339,3392.4502,5601972.5,7860.684,150750.7,7056.5996,8515.533,1396.8406,58510.54,12089.751,1023603.2,132363.9,11344.143,6413.9287,8012.646,128357.79,13110.388
bronchi_255,bronchi,212260.12,103540.086,223711.95,6365.859,390650.9,4713.8896,1160.3154,17191.273,23420.082,32567.223,15333.512,390568.97,23176.023,19293.727,845952.8,131372.4,71903.49,10569.581,4096.4263,4095.4924,45556.1,295881.94,428480.28,8258.035,4795.4746,43566.05,16153.391,17527.002,2017615.5,13184.281,89344.97,346742.97,30224.596,31475.441,2317.6284,140522.28,65349.203,10789.535,7006.2866,1864.8175,6536.498,2809.8809,154218.42,92300.93,8274.395,30746.26,4551.75,5923.115,4800.8433,11305.96,482893.28,3417.5457,57045.83,9052.905,16091.791,10031.651,81748.87,2439.1846,3129.5515,6545.5444,5224.6655,2899.1008,3381.913,6164380.5,221513.38,232549.36,6742.496,15279.134,1664.1608,262332.56,13001.21,786649.7,178445.97,18523.014,13604.073,6110.7065,101898.87,11245.393
bronchi_256,bronchi,167044.58,399573.0,300397.56,14808.929,1136520.0,9534.109,73893.94,71851.53,3138.6558,48138.688,44899.875,492724.25,54608.535,18528.262,723789.4,161110.05,91652.266,16845.822,8393.426,18777.33,101972.46,1151260.0,141414.95,22860.084,6789.5034,69474.29,28805.691,37686.28,4194955.0,23395.146,68168.02,420612.88,43312.555,31574.236,8603.343,206039.58,74024.99,60708.875,7775.2676,8008.9556,17455.67,23384.885,190200.8,243275.2,64524.5,119781.03,23109.785,46411.1,20063.527,53127.68,1086518.4,37380.516,49429.215,1470.5994,26385.047,9526.674,46797.652,25009.174,5196.936,11035.19,6385.4346,11244.963,9239.925,7719944.0,379714.47,193925.56,13959.967,29289.4,13052.983,210683.23,19933.373,1399862.1,546017.0,16293.512,33920.996,8456.707,74141.14,45135.965
bronchi_257,bronchi,356312.25,250392.27,225112.27,8111.161,850742.4,15051.981,637950.4,53861.04,3620.0662,40454.92,39964.918,598765.25,267620.72,18979.795,848170.3,137118.56,231043.28,16506.354,7126.872,10475.084,89501.805,930452.4,869985.75,16902.424,6398.5063,147992.61,46121.344,28444.762,4689948.5,52398.457,33935.816,344773.1,41780.152,14301.418,9773.063,282963.5,53356.633,55130.875,8830.149,10719.314,3257.9238,15849.202,143036.22,150625.39,43300.41,125262.58,19655.15,29884.625,6822.6304,39374.133,821834.2,24929.139,33553.11,3470.3503,13576.581,9694.486,103346.04,22690.14,6109.302,26251.04,3781.8774,8064.691,7475.324,8308033.0,3248052.8,135585.31,13881.171,15345.771,12103.007,41591.99,15514.049,1787440.0,549646.0,12946.642,25964.18,6528.4165,69090.8,21291.807
bronchi_258,bronchi,83518.72,235753.52,514339.34,6809.8228,736273.56,9852.767,60164.95,12246.526,91704.12,57742.227,37751.785,681013.1,2212.0059,20009.467,1169211.4,124325.7,31331.473,4727.2363,17713.383,7955.0547,75575.78,86018.35,132062.67,10103.233,3559.9207,48593.54,11905.105,17725.889,4157870.2,78910.484,155223.56,392845.06,16426.465,66332.125,4698.5684,471779.47,86547.78,7768.9595,4504.4844,34241.773,17263.799,6668.5034,104340.42,104265.92,48028.312,28953.375,7805.6733,1780.1763,3815.727,25645.725,876872.75,22493.297,77468.375,8173.6943,24631.127,6606.404,9859.159,6934.504,4548.881,6522.3296,5267.369,9913.387,27478.465,539229.25,1580191.1,319002.22,14287.335,4543.434,6108.8184,106824.59,9672.274,90600.72,126969.125,6111.9365,17136.29,14630.414,28562.28,14784.359
bronchi_259,bronchi,182542.4,241767.22,193063.25,7912.3384,192640.6,16860.852,300924.6,24098.67,13501.996,25749.27,34208.676,582363.5,35934.945,5367.76,1273777.1,82627.05,285973.44,6886.237,6768.5405,6405.3086,104712.75,377734.5,211916.08,8975.321,3549.1143,23385.396,10532.8,22475.37,3987716.2,14078.055,40748.82,307479.38,37534.195,13149.96,2364.7927,493371.75,48510.008,9676.242,6992.9404,2232.8718,8847.432,7458.175,117327.43,128225.9,38268.086,46627.918,3760.975,5426.007,8246.174,14197.25,285414.38,6354.054,110823.66,7927.0454,39792.895,7214.5186,63138.36,2635.3862,3052.1165,6512.29,8458.32,10401.75,10539.16,6667795.5,1009103.1,23374.182,11826.769,36668.504,1130.872,20529.709,12040.087,253092.2,169533.8,26017.72,26036.81,15662.391,70327.58,15049.785
bronchi_260,bronchi,6357.4854,56725.203,152671.06,3453.8303,211583.28,4481.735,2009.1223,70327.24,467.37335,22070.086,18494.082,192381.36,3904.7627,7815.999,86415.24,161877.03,7049.1865,12430.276,5783.5327,3875.9722,93956.85,1047359.75,2006.5619,17632.377,7816.2603,33497.957,13912.038,38912.91,1083542.4,10841.545,64229.31,192207.14,9660.667,18472.523,2274.2378,156481.14,42885.574,3822.6965,5439.086,3281.4016,11977.643,12597.798,198625.9,183680.11,5181.201,65080.336,15581.993,14098.855,9111.445,11280.014,655632.56,9061.509,29633.875,579.4897,22039.188,6793.6104,43.906643,5850.229,8313.195,10683.561,4504.325,5381.8223,7541.0146,12866.433,11132.807,72387.12,4104.476,44755.29,3225.7825,133530.73,13685.643,19424.705,13638.578,30149.283,13959.808,7568.2153,3041.0083,18796.896
bronchi_261,bronchi,114191.55,52162.773,78272.5,5342.027,237586.02,3586.3882,920.5886,14517.6455,3624.7832,15477.456,10556.726,269850.38,19545.479,16545.914,453320.9,103691.67,79280.17,12126.891,4985.3125,6622.4917,20439.723,389884.94,383750.28,7507.3276,5913.75,38058.664,12543.894,11894.743,1430036.4,11698.741,19693.447,213064.28,17216.674,9578.149,4289.893,75049.52,34191.582,26603.182,10783.732,7655.314,1720.5424,4303.164,145843.31,63767.83,5882.134,40352.465,7693.817,5341.247,4408.3574,17389.486,465250.78,10459.141,19199.744,18572.066,8964.251,16325.088,89081.39,4625.5054,2202.0269,4590.1714,3267.392,3234.5771,3758.2244,5511725.5,15230.511,41923.805,3784.2917,5144.4146,2646.1816,28744.166,10656.856,1128131.6,112873.55,8449.652,4179.4966,5234.722,158632.22,12767.71
bronchi_262,bronchi,75718.195,416346.6,627327.1,6429.4497,1376313.9,22971.436,1044262.94,54715.504,42303.348,67063.68,48934.52,1046759.6,288.43896,38797.258,1610538.8,239691.39,107034.664,6723.4033,30906.28,13306.262,142918.27,568612.1,14756.045,25374.842,3602.9336,73153.35,14215.243,53112.887,4964189.5,115342.2,189276.88,518060.53,34843.336,83701.48,9001.606,955597.4,99018.56,28699.57,5372.6924,84287.6,31530.182,10754.265,139237.5,236698.34,226985.62,64298.562,14525.166,12655.711,7434.5527,32252.72,1097792.1,25612.799,68951.055,3854.7778,44695.1,7101.406,31.204193,17373.588,3458.7102,8144.954,18511.041,18210.383,23800.053,1821550.8,1286614.8,709373.2,13799.238,18759.754,10363.615,448001.1,13104.125,1400698.1,139139.55,12085.5205,55302.07,14811.09,192014.95,59356.625
bronchi_263,bronchi,378917.2,271917.84,573430.44,10311.999,1032674.8,10844.399,3050.763,12627.089,1560853.6,100438.91,34550.35,862808.06,19903.188,68849.08,1685308.1,282378.25,198790.02,6479.5693,8877.829,10307.082,41912.97,145992.92,373086.38,12875.787,4086.8286,65071.027,16538.736,43902.645,4795241.5,103447.6,212967.38,504475.28,36830.707,95042.09,5074.488,580787.75,102809.59,34315.457,6106.401,9213.094,14546.321,8083.212,83568.36,147413.53,108732.05,59327.027,9761.652,3476.8748,2835.2207,23023.857,1295755.1,24996.584,206760.4,6451.688,21807.084,14017.282,40244.047,6169.971,4973.2534,4721.3374,5846.0845,3682.3726,5933.3105,4588428.5,279927.56,1039982.44,13944.425,3826.9287,7233.6187,582496.25,14870.282,1239137.9,227815.36,6789.5747,14363.669,5660.7646,254926.7,27215.465
bronchi_264,bronchi,4254.2485,100054.87,153475.58,2517.5186,202469.69,8548.124,65180.09,82390.195,1051.7673,36521.26,35785.73,498568.0,98919.74,7803.954,182273.98,165885.67,4025.2031,14807.418,14223.814,4591.941,119900.81,442768.62,15083.77,9710.718,5660.376,49572.258,13661.256,23018.521,1801947.0,33431.89,53565.367,311506.75,2059.1384,21702.35,10030.905,457601.97,54865.996,2251.3533,4288.903,7755.81,4818.4375,51570.535,252354.2,106098.75,27981.299,92944.164,11665.293,12268.014,9186.235,28189.15,842435.44,17504.2,68796.56,2433.7231,15768.733,5728.389,1557.8002,10663.476,6854.383,13502.408,8976.435,3237.337,33599.03,15327.941,1571674.0,100163.33,8598.7,28726.625,7509.419,16106.117,10669.468,1005.8254,4775.9277,15798.931,8743.035,21834.72,1653.8705,22183.555
bronchi_265,bronchi,203061.8,95018.625,190020.77,5836.2285,253967.22,3699.7842,3261.9202,15257.306,2417.4062,19517.816,14741.388,421303.38,30039.932,9981.526,964630.06,101627.42,85210.27,10660.517,4021.3423,5594.7715,44649.902,449508.84,387335.2,8793.573,4095.5745,34006.703,11733.918,13898.101,1873303.2,17373.041,49008.266,329838.28,29698.836,20889.406,2519.703,71281.836,50304.3,7637.424,6016.349,3415.346,2883.57,1454.4835,129348.61,106270.09,3902.469,28521.666,4171.765,5378.143,6339.6943,11578.723,369474.06,4641.8413,30639.564,14209.157,13229.792,8779.184,80880.95,3108.4941,2535.7554,5782.667,4372.642,3982.249,3143.3003,5742410.5,82811.33,85165.11,4720.9053,11747.523,1246.2738,74819.27,13065.476,904791.4,191117.75,15782.937,12267.382,4491.6426,67754.51,10009.889
bronchi_266,bronchi,232828.08,400807.66,338438.78,17595.285,1010821.44,9738.71,89285.34,39566.938,28687.064,37445.703,30581.79,931622.7,60970.438,18597.502,554277.1,133410.06,35642.27,18631.605,8639.434,22405.812,95812.74,763652.8,341833.38,25311.469,6899.728,49907.97,28121.457,24578.002,5060700.0,39422.863,68806.6,470546.06,46149.195,27088.32,10316.003,211339.27,77013.945,231500.72,14940.751,28805.39,11948.172,17098.527,131610.92,259167.77,51556.273,121620.69,22800.795,30119.28,6032.4443,61359.867,921074.56,38261.7,48230.504,10869.655,24781.79,14759.226,31897.084,24428.998,5977.6753,5998.855,3143.696,13537.791,13842.3545,8226518.0,2082676.2,74622.52,13508.604,12512.492,13978.727,193941.64,18984.629,1929867.4,769355.25,12993.587,9840.614,4806.1035,225774.89,34734.21
bronchi_267,bronchi,93372.39,363154.22,242330.0,12977.969,549014.7,10351.632,748595.4,50926.08,4232.5117,40336.305,45481.562,794337.6,178314.12,11628.025,1282804.4,111277.25,113209.68,18089.213,28977.656,12019.963,118998.48,868131.75,596531.56,13980.699,4595.3716,74644.305,23617.76,31156.115,5173344.5,129858.46,52001.84,441277.62,39038.92,23853.703,15723.65,527953.0,65933.08,35452.69,8752.697,8853.932,2654.055,37286.375,186516.8,170181.9,41030.254,116890.516,12153.997,33165.45,7583.245,38080.74,713323.44,25106.39,48099.453,7607.035,17506.887,7549.7944,72251.586,12013.28,6655.1978,13956.972,3186.8088,15639.239,47644.137,7824580.5,5129611.0,129598.4,16146.859,14388.267,13642.975,25989.5,15834.788,635980.4,342091.34,10603.548,17309.334,20387.604,25413.883,25645.994
bronchi_268,bronchi,13926.841,132625.33,138271.9,4489.445,467418.38,9764.39,92769.266,26457.922,4136.506,29680.432,38719.67,622862.1,1952.9199,9755.788,591364.6,62863.78,11893.121,5766.3247,7155.0356,4952.8877,92841.664,145849.44,39658.363,10616.268,4008.7607,41774.176,10591.196,14232.688,2291160.2,23455.355,102399.01,291194.72,13260.906,37123.16,2499.0635,389260.03,56507.39,3343.0974,3717.0085,4920.443,15981.746,16145.319,153847.66,93914.836,30978.846,22735.088,6387.987,3274.3254,4665.2344,14366.478,580898.0,14167.587,36778.547,6484.837,29840.65,6023.6763,793.79095,3730.9553,3942.6704,5883.0767,11646.05,7116.221,13511.025,32029.383,1464205.6,92561.33,10623.378,9111.706,3339.3171,54025.254,8808.868,7816.573,43763.062,6864.7007,17790.008,10446.579,16271.258,11547.865
bronchi_269,bronchi,208252.12,83683.28,184916.58,7501.0435,286877.06,4367.7144,3172.3342,13481.742,3520.8152,23102.227,13281.145,485663.4,31259.691,17072.473,989201.3,127963.01,54511.65,13666.403,4552.2144,3804.9243,43055.277,445402.47,278493.12,8118.8936,4255.494,34246.77,11157.681,16679.797,2258131.5,21273.111,82523.65,344278.28,34680.49,28400.768,2611.8054,85186.555,54916.51,9026.746,7199.1143,2473.9497,3421.0652,3091.0679,141471.06,112375.49,5078.9233,24314.988,4383.546,7622.454,5339.6577,8120.0786,378919.0,2450.2322,27425.525,14339.88,12037.849,9195.448,56743.547,1875.399,2858.4075,6175.264,4322.364,3035.4666,2104.2295,5563904.0,36646.934,193642.8,4862.2207,26257.875,978.7852,180104.55,14715.008,1166830.9,246596.34,24806.168,10088.992,2979.5117,82955.19,9457.931
bronchi_270,bronchi,297959.53,171620.25,342690.84,9364.052,571229.75,5383.224,2438.4053,16052.841,44360.727,50109.375,26446.518,484469.47,32839.816,56900.81,872987.75,204610.33,170512.52,20346.56,10244.681,11444.459,39708.395,637967.44,684893.0,19906.434,6685.234,51475.8,14529.212,26563.379,4208491.0,24640.104,107698.89,401888.94,35347.223,30986.676,8930.244,173937.28,69490.92,63324.273,16746.617,25264.44,10630.797,5936.8994,101057.96,183152.72,38822.984,79011.99,8183.8276,15005.885,8696.876,22777.973,970598.6,9551.038,50587.137,10946.82,20349.549,16970.701,85192.56,8801.419,3286.7966,5250.2188,4156.3257,2645.288,7154.428,7285434.5,155220.16,448643.28,7583.0645,11461.227,4414.4673,301355.1,18067.023,1633808.8,459317.62,15251.951,8204.992,5225.9814,253836.94,24747.967
bronchi_271,bronchi,185797.97,148192.6,154645.1,5164.3267,483161.84,3778.1167,1440.5164,13175.91,12560.617,25981.941,20322.086,603305.5,26298.426,29766.89,1141552.6,143051.22,36477.156,10175.647,5275.409,7816.2676,34164.43,252774.52,278217.84,8754.442,4438.662,35389.15,11044.888,12379.675,1946291.2,26235.572,55217.01,341043.75,27169.951,26385.752,3736.1052,103395.43,55555.016,11173.569,5213.609,23005.2,3767.194,5496.8325,128342.125,90941.19,8287.972,21631.967,5886.1245,3290.147,3322.435,15629.592,606890.8,12902.696,23574.08,15143.69,10486.02,11168.828,64827.598,4823.744,2219.787,4102.55,2914.6765,7936.956,4684.096,3850785.0,142721.45,195167.34,5591.0635,4309.2764,2633.423,132917.95,12606.03,537680.5,147314.17,6967.488,10232.602,6623.3193,120448.41,10854.333
bronchi_272,bronchi,458915.7,345257.75,1001916.94,14239.79,1331126.4,38789.82,10220.565,7703.341,4874584.5,120356.086,46033.895,744450.44,87626.64,64265.89,1893553.1,285316.4,329157.34,3894.4734,11676.023,20359.1,18143.5,60718.254,765107.1,12433.431,5276.773,93773.07,18239.914,74373.0,6152686.5,162334.94,168854.97,477675.84,33549.047,91742.95,8264.228,918296.8,111291.69,36725.062,6884.8115,121504.06,21087.998,3219.1055,68624.49,141128.25,207092.72,82478.25,15059.937,1382.9877,2613.6,53635.86,1310237.9,43759.934,393394.7,2918.203,17060.135,16181.901,71977.11,14996.656,10199.579,5958.071,5103.7153,4390.342,12460.248,3870903.2,1910644.4,1044832.75,20670.555,3316.0261,8044.2485,543140.3,14138.6455,1276573.0,442808.34,6844.009,12001.782,10088.3955,178100.84,44591.516
bronchi_273,bronchi,220383.33,144935.83,189196.92,4486.14,270267.1,11992.274,3854.458,17431.13,6647.553,32315.592,20578.637,370220.4,28300.752,8005.183,1044750.06,89684.734,151987.27,9142.174,2567.8987,4348.89,70279.7,455076.06,334743.16,7018.3457,4092.38,35113.273,13417.092,26941.414,2761151.2,9498.258,39535.97,318611.22,28737.23,17876.12,1527.8151,314865.03,47165.15,5601.2856,5088.5977,1686.6089,3341.3342,1634.1743,139840.06,106655.305,11795.767,24200.47,4020.4294,4495.4014,5088.5347,12828.9,341746.03,5184.0933,103405.19,5034.4956,24116.143,8144.449,90757.414,2694.5544,2920.1245,5444.3384,5279.119,3586.2378,3185.7905,6398984.0,88556.47,47838.508,10139.55,15547.999,1304.1898,50037.406,10633.789,305487.47,63520.914,17648.898,16904.793,8584.957,54094.906,11452.954
bronchi_274,bronchi,119437.234,90404.445,110626.4,4640.0396,155208.61,9813.602,4100.5273,10033.221,38243.023,44516.73,20086.465,713737.2,163547.16,48302.91,931794.1,196719.27,105456.36,15952.948,7955.305,5567.547,44687.773,420067.7,690726.94,20477.244,6992.874,44795.9,16251.298,37923.445,2902633.2,39005.5,218449.02,533026.3,29076.848,43404.312,7269.5156,178551.84,83257.08,30295.041,17726.176,1484.5066,3182.6345,1452.2192,136022.3,116861.42,11374.131,77961.016,5078.5796,6455.72,8446.639,10236.994,856832.0,2071.2065,29616.273,24593.875,21911.26,20745.664,94547.68,2214.0168,3035.4114,7519.9766,4093.8323,7924.8306,7150.2124,7287338.5,25941.383,689230.6,4686.9883,30969.393,1178.5973,302062.03,13355.287,1731328.0,90584.734,35963.266,9353.875,5436.2744,277727.16,17606.852
bronchi_275,bronchi,164227.36,111443.14,127804.336,6455.591,233651.31,4676.993,3872.513,16212.611,2045.4723,19078.904,17773.78,423389.78,36265.945,7040.7466,754060.25,64174.387,75893.875,10946.602,3566.2666,6927.5557,39914.14,463688.9,274890.78,9217.225,3954.2788,33906.152,10614.617,15701.427,2064717.5,10296.854,26086.271,231686.47,22632.996,10665.855,2813.9946,92659.625,35419.91,6306.06,6017.4624,7954.3716,3055.1753,2346.054,130318.484,94766.86,4632.482,25329.701,5462.467,5106.7686,6623.7554,14822.748,351977.06,8524.708,30452.596,10095.393,10503.276,9505.5625,84818.836,4063.776,2004.5669,5114.925,3894.3582,3619.714,4876.182,4906734.0,63212.89,21084.54,6081.627,7985.813,1590.2655,31692.62,10409.124,327935.06,123561.52,9323.77,7712.4644,8244.412,70930.29,10510.832
bronchi_276,bronchi,158508.81,112511.04,360388.94,6058.647,474101.38,7805.1,2076.5125,16153.821,31405.217,23160.092,23109.322,417176.47,74699.28,9528.981,440477.1,83420.89,161916.7,6952.1265,2949.3943,7813.5396,37794.69,118009.04,685358.9,8396.893,3606.5718,77630.05,27326.34,13110.588,2147062.8,12289.761,45430.973,300077.47,19880.271,20827.201,3804.1296,194221.69,50864.723,4173.668,5607.9683,2734.803,10343.46,3123.0679,119671.766,63866.727,21496.887,75714.516,9359.757,2483.8862,4313.582,29628.62,471628.78,18192.45,46180.277,6232.2896,16635.934,11354.058,101502.375,5978.0176,2508.3591,6911.2544,9729.24,4470.1855,9698.657,5822480.5,1033645.4,69576.67,8999.684,3987.917,6122.521,65300.17,7998.0625,638818.56,158149.89,7937.433,4009.8928,12814.801,122071.44,13614.561
bronchi_277,bronchi,355287.84,228171.08,545736.94,12409.796,599256.0,24970.494,3404.387,18477.863,737147.6,74046.52,31490.453,651278.4,100389.49,32937.52,1487551.5,155088.9,245674.78,6844.041,4857.812,16592.23,39054.3,171987.1,767852.6,10425.18,6188.2896,79453.51,30130.973,57059.863,4446312.0,40959.805,41965.887,389832.9,30443.07,38424.977,3798.23,684793.7,68278.04,23153.18,9011.202,3280.3188,6216.9478,13663.314,123532.305,139294.88,66671.94,92164.15,13636.158,4353.011,4969.6733,51639.93,915848.9,29481.54,257930.72,4346.24,23704.752,14968.678,100302.125,10589.126,4662.3965,6445.2236,8872.725,3436.6187,11118.217,7425649.0,197635.03,332918.28,15687.222,4541.5103,9227.586,172542.55,12369.878,1017829.8,299807.44,9329.089,6570.847,16326.255,182860.03,41006.98
bronchi_278,bronchi,155238.66,88540.34,177078.05,7490.1265,288168.28,3694.0042,10540.226,16417.834,4630.7104,20348.791,17757.783,492971.5,3843.696,17388.64,892029.7,72059.19,54170.074,8456.48,4172.3345,3761.2515,48154.76,254606.95,122161.58,9956.644,3486.3638,34552.066,10834.434,12609.866,1570954.8,17967.941,99944.81,280115.3,34243.34,37348.195,2051.092,71029.664,60746.113,11238.337,4936.29,2590.6516,6088.064,5375.353,155460.6,90321.72,5233.2793,22077.98,4979.8945,5160.461,3507.1921,10296.313,438749.34,3662.579,32290.053,9510.876,14691.323,8259.76,31983.78,2284.8284,3132.222,6367.936,7462.779,3457.4302,1646.9629,3440811.0,538752.25,173394.7,5084.813,10786.469,1587.5408,170626.06,13940.914,288004.0,207945.7,10979.946,10577.084,3204.1084,75194.39,8537.775
bronchi_279,bronchi,18916.273,131122.45,185404.12,4147.47,394933.62,3201.2578,2716.8816,53293.062,3078.6958,24546.494,30895.229,114738.67,4175.894,24369.846,438061.6,120991.93,9130.941,11440.596,7035.4565,7011.394,74084.39,605546.06,201421.22,17574.338,4091.1387,48911.19,14751.345,14872.069,1486614.0,7218.1045,132123.89,226314.9,21737.938,46571.652,5396.468,112879.9,70461.11,8246.283,7703.3115,4543.6074,17888.041,31376.715,137500.8,132485.64,38178.887,74084.6,7503.369,28260.295,10151.278,18221.396,616905.5,7662.3486,48599.285,2354.4854,31626.191,8073.5493,9660.196,7376.6885,5340.2437,7597.971,6125.8037,2374.0815,12678.363,525856.6,2881468.0,174555.95,6828.724,38032.793,5383.2344,282240.4,13567.8955,147124.77,121942.17,16964.537,15990.253,11063.803,66865.33,17216.574
bronchi_280,bronchi,185057.72,51172.863,117075.83,8106.768,297253.94,7833.224,859.2189,9507.448,757976.7,19882.375,15489.388,607226.0,191773.58,10844.8545,641405.06,134769.92,142844.14,6017.893,3006.827,6561.7407,16164.193,79238.07,684317.1,5965.3213,4903.8237,36955.19,20131.918,24586.98,3391966.0,39756.555,19302.027,186968.8,14404.661,9009.672,3502.5613,510104.12,34460.973,11560.417,8945.419,1830.8131,1468.8152,9317.9375,85650.07,54550.81,12065.711,68548.61,8824.509,1635.7805,3090.4104,26155.102,390526.88,19594.117,51047.156,16407.988,7966.064,18182.719,99130.16,5103.7104,2035.1934,4941.0244,2567.0303,3535.4626,4367.377,6842903.5,2439.6572,39656.812,6333.2095,3051.2605,4309.009,33799.125,6103.157,1433630.4,129718.09,6660.6465,2500.232,5482.8247,232831.19,16963.904
bronchi_281,bronchi,302276.16,259319.83,727615.25,15893.099,795054.6,29113.336,24812.271,10640.637,2313947.0,101992.69,44891.78,847409.5,64569.066,28568.545,1916751.0,177377.89,151684.62,4656.0674,12799.898,18706.37,34833.832,77988.38,515760.84,9184.903,4453.2637,58552.85,15364.518,57559.086,5584977.5,142628.78,80332.38,430025.62,30135.857,82029.31,5726.357,871188.8,105861.13,15093.541,5701.3516,61301.375,7210.1777,9537.92,88498.47,146899.05,81182.73,70491.15,9687.85,1702.3269,2366.4766,44987.316,1110697.6,34660.52,281060.7,1803.3777,15076.55,10237.746,65861.94,8310.049,4576.4873,5842.255,4787.4307,7573.3135,27607.941,2667604.8,2764452.8,595237.06,16671.781,3317.3171,10921.6875,198806.31,11456.658,613999.0,317923.75,6536.685,6477.0913,21848.137,71103.74,40898.832
bronchi_282,bronchi,135212.27,32212.205,77259.8,3959.775,174830.19,5837.5254,1052.4276,11565.236,3416.3235,21961.615,11005.844,471351.78,81748.24,9347.953,725252.1,76241.14,65262.133,11205.853,2428.7107,3371.023,40805.402,496568.4,446203.03,6963.448,4660.8,30621.656,12984.643,23172.377,1870682.5,15331.304,65031.2,332699.9,17610.31,10353.755,1827.6669,122816.914,37624.297,9951.346,6108.451,1547.3889,2726.9336,708.4783,140173.2,86539.86,4321.964,27857.512,4138.578,4446.7266,5129.137,8943.158,327740.28,2773.6355,37239.004,14558.508,10456.049,11599.835,90777.84,1916.8837,2065.0498,5856.7783,3098.6409,1867.2809,1468.0999,6488512.5,2283.9324,63216.688,4977.544,17939.14,1025.137,69079.93,8428.435,1072731.1,89770.055,23991.531,9163.841,2401.0518,128878.734,11560.461
bronchi_283,bronchi,506596.62,225087.58,89653.44,3821.92,731836.7,22645.088,1369709.2,15558.901,25753.102,17640.652,13248.34,303533.34,258625.81,19420.592,684931.5,188870.98,178392.38,10819.471,5609.8833,10712.171,114216.82,976659.06,398117.72,11755.077,4174.385,100346.04,21906.809,10849.003,1441070.9,48422.926,34523.18,271973.6,50074.598,11759.237,4626.9175,304651.0,30910.111,170130.95,13383.888,170195.39,2390.7585,566.7464,63870.504,223910.67,27213.545,124760.055,25768.531,16860.402,3388.6626,19444.854,727972.7,16980.805,29608.676,4686.854,5842.249,18388.273,39905.387,15339.085,2736.9458,8344.622,1579.2552,15671.161,4183.4614,8313065.5,1700821.4,64439.758,2723.6836,5860.6733,13280.6,120076.805,5855.421,2057849.0,554631.94,7814.888,20206.418,2645.2542,204884.3,15955.596
bronchi_284,bronchi,282599.16,69293.38,310650.56,7026.9595,92728.664,15250.1045,7299.0923,10181.385,36575.88,60028.484,28518.973,1050510.9,164350.2,18187.297,1282348.1,170098.52,172138.39,10852.563,12890.617,4390.8823,57217.95,527109.8,380986.22,14883.194,4287.541,49004.434,18883.756,115894.51,4428715.5,63478.64,219931.9,580904.6,32119.408,36873.516,4218.6543,348511.66,70872.21,30563.625,13458.835,1074.4618,7431.0005,486.48386,193547.9,145490.73,10160.267,67402.234,5282.8467,2353.6868,9693.876,11458.472,719085.44,1656.5675,68500.445,7368.2993,32136.045,12013.556,72069.91,1521.6521,2546.9995,12708.787,8130.595,14494.265,9026.694,7870524.5,6869.0366,561895.44,7138.6143,83446.75,1011.2525,203497.4,13797.58,1524987.4,130475.67,56603.72,37210.105,9724.945,137130.06,17288.744
bronchi_285,bronchi,404333.94,130011.5,319727.72,3872.151,526862.06,34491.027,12243.093,7549.204,1038057.1,66953.58,24297.695,1021921.6,148502.14,11651.672,1803451.4,111782.266,179873.16,4087.5693,2861.922,6979.607,40274.03,73509.39,394900.5,7376.977,3648.063,30717.771,10620.278,43474.945,5032761.0,86471.555,36406.016,380080.4,21080.236,23859.438,1565.389,826397.3,65224.613,9763.719,3326.285,8243.822,2246.7603,897.08636,95444.484,103914.805,11322.892,24115.936,5298.2886,1343.964,2166.5,23470.951,505339.12,27396.588,123450.1,5113.2417,9842.163,9366.32,89135.35,4466.869,3126.4631,3889.365,2179.2979,6233.722,2100.771,5595955.0,4786.595,106906.53,15973.44,2810.665,3671.6885,73341.055,7755.67,320247.1,129743.21,5186.1953,5635.557,7471.8525,91956.86,13180.899
bronchi_286,bronchi,57002.156,297553.75,222731.42,9358.328,343996.34,5071.3765,65555.63,22701.287,2819.0461,17775.152,30414.979,487917.75,7696.841,8295.09,721993.5,95590.78,55951.457,11501.151,11335.469,8648.387,76743.836,569646.6,188515.39,11475.938,4101.795,36364.582,15416.273,12997.429,2287499.0,32936.547,49857.73,284909.62,22434.424,17783.309,6755.635,249711.67,45062.332,4356.177,6326.5137,21447.084,4609.1826,14921.739,142083.3,101406.586,18169.041,58531.58,7721.186,5581.121,8896.154,20645.908,500049.4,17418.684,32176.004,8622.221,20272.451,7808.22,46914.91,6255.4507,2797.7837,6264.5083,5106.3257,7853.31,30381.727,1356353.0,1113411.6,55886.13,8533.014,7206.355,4158.027,21971.21,11005.329,228804.95,65681.914,8934.931,9268.638,18049.902,44711.047,15299.724
bronchi_287,bronchi,363681.03,243625.8,68161.516,3190.5474,348582.12,22706.29,415440.28,31353.115,111374.72,34741.598,30783.787,466072.78,136290.17,31991.1,1368589.0,263329.2,440882.62,8604.295,2265.4387,14308.0625,122484.02,1223360.2,598100.4,20323.268,6035.512,33979.375,15260.216,61264.32,1869970.8,11147.873,154657.78,434069.3,51478.65,39040.113,1036.0245,764909.4,99676.67,13982.593,14913.331,4140.9194,16676.361,509.25128,442754.7,211865.16,63150.1,120561.03,10957.131,15047.977,5676.819,13708.87,1140867.0,4608.598,289568.03,151.13196,40929.15,12341.008,103573.664,1625.5082,3323.0088,9621.944,11812.722,18119.672,3649.6501,8312518.5,213940.22,349384.2,5854.181,32337.76,5606.861,204975.95,9549.307,1861781.9,1440.502,39793.656,117954.914,20657.963,233235.66,56336.598
bronchi_288,bronchi,6294.384,219611.66,220236.05,6176.6606,461869.72,6457.2905,8155.6978,54338.234,5356.4204,32465.97,33382.76,476212.6,5956.2188,14095.843,587594.7,91066.25,2438.5938,15804.553,12872.373,9547.413,81851.3,501022.25,4719.743,19490.36,4568.3096,39338.66,11498.387,35268.695,3013642.0,47965.74,46662.57,297903.0,8436.316,16806.33,6719.358,428801.6,54457.76,5905.3965,5416.828,33863.785,8495.131,54497.195,143164.36,190423.31,44706.656,67694.375,13489.33,21914.916,9256.42,37508.504,768303.9,25269.115,29221.377,3710.9573,22271.338,8905.696,151.777,12987.64,5079.873,5543.05,3970.0093,1297.4929,23938.346,7292.3354,56076.195,59277.484,7458.154,16754.11,7362.153,47850.645,15883.901,21896.824,79503.69,12374.882,5613.154,13421.533,12209.125,28345.105
bronchi_289,bronchi,181861.42,115676.53,99296.305,5339.5103,145649.7,7077.394,15075.068,12876.278,1604.1383,18925.225,18159.045,278326.94,12203.386,5078.56,735947.9,47220.145,86264.97,8017.248,2506.8984,3533.1194,43026.133,232294.23,214493.23,7186.669,3783.476,25440.414,9142.365,16141.5625,1726819.8,8681.097,28802.367,242366.75,30114.05,12451.623,1510.9342,58140.746,40265.316,5738.939,4584.155,2311.7961,2584.3186,1262.2262,131972.53,83425.266,3305.5215,12159.342,3330.8828,3196.348,4471.9727,9878.012,264892.84,4344.764,41648.99,6609.1772,14887.808,7600.747,57338.016,2462.1938,2480.7483,5817.1157,4472.5483,7245.9585,1680.7239,3955876.2,377435.25,17275.21,6454.692,22253.229,804.8844,38264.145,10851.031,83485.12,147314.6,20931.107,12231.748,3558.2402,37013.074,8544.521
bronchi_290,bronchi,250858.34,49765.902,153651.03,3841.592,188488.97,10029.412,3617.1252,16593.213,1585.7314,28043.44,22295.248,296000.2,31050.19,9873.972,917498.5,64198.996,145092.8,12091.55,7301.063,3882.2998,67451.36,560144.25,292035.72,8750.702,4516.079,22804.23,9612.157,31891.58,3044690.8,14870.367,57314.89,349069.8,35406.23,16871.21,2688.2905,168663.77,45225.29,9614.56,9193.694,1434.0449,10641.905,748.26086,143235.38,146483.14,16098.914,28095.48,4084.993,3245.9988,5137.628,7558.1885,337975.6,2335.9788,53319.45,6412.063,24336.076,9948.413,50044.043,1821.1761,2545.072,5538.753,3186.9336,9485.846,1614.1963,6239197.5,28989.184,59514.375,5272.235,72671.96,850.4089,113856.625,11513.762,1257574.0,78972.445,54764.215,18778.816,1913.6198,117772.71,12102.015
bronchi_291,bronchi,52645.35,94529.1,130862.984,2638.4402,323548.4,9860.146,2797.3767,72296.46,2350.3052,43189.47,31700.9,313283.25,13754.761,14482.685,309266.25,153626.56,27739.297,8994.741,3820.7097,6025.7563,105013.97,965593.7,49972.883,10811.167,4632.7603,53387.58,17977.627,52326.348,2699559.2,6827.2524,98789.64,284541.97,24498.596,23543.344,2082.429,170858.9,55790.277,6518.337,7799.3477,1189.5907,21743.37,15984.032,129426.34,202212.47,41855.29,72105.38,8473.129,26046.744,8384.44,17024.54,581613.6,5459.768,113095.836,1648.3497,45251.69,7393.15,8053.53,8152.812,5773.898,10658.188,11393.479,4451.1616,3630.4966,3001474.8,144320.66,167967.6,7695.821,64961.34,3813.5144,306088.2,13360.778,397778.8,91607.875,36924.332,21641.19,10620.562,36911.06,29944.68
bronchi_292,bronchi,149823.11,71770.24,241715.81,4965.1626,298850.28,4660.262,1832.2925,12012.822,30461.717,26196.094,16251.902,438134.28,28081.016,18207.064,896723.44,129306.305,50540.746,7072.306,5052.4346,6054.9785,35826.777,271815.2,212505.61,8850.057,4173.9106,67612.305,17590.385,18373.496,2444716.8,30471.305,46256.49,324807.9,19547.156,18255.664,2486.5146,200829.88,51963.715,11796.082,5841.135,5152.174,2732.9316,1555.4391,148638.45,72913.266,4532.1064,52419.6,9296.047,2653.7485,3428.8184,17862.52,559444.9,8781.554,30655.932,9311.647,9253.807,11487.349,86384.016,4033.5247,2254.4314,6293.6694,4946.292,5202.054,7342.083,5377627.0,12713.515,176507.83,5567.0474,4543.8633,3621.4617,135958.48,9918.995,838276.0,159769.84,8538.525,5265.867,11423.859,119432.9,12301.464
bronchi_293,bronchi,185020.84,218526.11,252450.73,8425.943,568268.44,6098.153,14636.123,20267.697,8289.901,39404.56,29682.102,610375.2,22807.297,26406.42,1052277.5,48862.703,66195.055,11044.172,9764.883,9465.33,48697.55,158657.17,226882.61,17575.277,5714.0366,33798.29,12137.976,20909.219,2633701.5,31324.332,42023.2,307658.03,25253.938,22523.78,7857.056,180103.69,59452.88,45700.613,7529.939,42580.285,5219.699,10289.942,130321.59,125254.93,21007.803,26414.152,8335.228,3840.8298,5358.148,31904.508,631090.1,20226.932,37044.61,21004.416,19431.469,14845.81,60188.42,8888.233,2904.484,4067.2275,4073.0862,8185.2563,7961.7646,2864786.8,828920.0,59637.78,9589.475,4842.254,5095.8643,28901.15,13503.799,298202.3,165044.12,7999.0923,11122.353,5041.757,95066.12,12116.971
bronchi_294,bronchi,392294.34,97856.46,397674.5,10747.128,524919.1,8528.059,19952.375,19511.414,21920.016,37623.83,29002.182,787690.94,93254.74,21732.486,988236.7,89907.39,273800.25,9167.871,5075.916,10090.195,37378.77,312967.9,405431.3,10688.045,6473.4106,72039.6,28339.861,29397.254,3461140.0,20971.37,31249.676,358635.22,25640.516,14015.357,6236.4937,252209.84,49764.004,39375.105,10952.042,3433.9314,8379.292,4906.289,159110.69,142479.38,34347.71,76913.83,13620.912,4011.63,5168.1016,39745.75,494945.78,19652.863,54241.67,13030.693,24215.432,19843.56,95879.93,10817.902,4023.2722,7085.885,6785.159,6570.697,5588.046,7365544.0,471996.4,59691.27,11299.007,5822.2334,4874.5083,39169.375,11622.038,1266446.5,253876.4,11799.75,7577.9956,6598.683,166662.36,21591.074
bronchi_295,bronchi,225851.12,79427.3,236083.12,3496.6523,188950.06,17833.904,3059.5154,15059.793,3045.732,41637.273,29595.633,433894.25,60455.93,6805.1475,1212781.2,124641.49,189516.56,12541.13,5193.834,3283.6846,72846.48,677392.25,256787.72,7572.5693,3554.7864,19703.555,9219.546,65609.8,3887139.8,10404.617,51824.45,378318.53,38246.45,14278.453,1442.8718,427657.28,45109.33,7105.871,7460.025,1176.1997,8160.6777,593.3976,150817.72,129734.92,17684.113,27975.803,3346.0264,2587.195,5311.212,6993.274,295112.88,1880.5536,115509.41,7988.3647,29442.174,7693.1714,62607.348,1256.4028,2300.026,5231.727,3350.952,8201.151,2404.5547,7194530.0,4137.903,45746.36,7057.8447,87484.52,756.84827,71227.195,10050.91,1159161.4,64506.656,55664.957,25693.047,4705.2915,92416.41,12629.51
bronchi_296,bronchi,275289.28,156949.23,87084.05,3956.743,423623.62,18576.105,637107.06,26362.51,22417.42,30865.984,19725.008,530400.6,62590.094,35881.25,760798.2,169192.83,446990.1,8503.367,3013.7278,11711.133,127294.055,1055388.1,433824.3,17539.51,3660.92,27666.533,13960.061,52659.46,1313743.9,13782.508,165192.94,393102.16,50255.965,47089.73,1343.5441,500411.97,91418.31,13641.726,11067.676,1231.1362,22732.096,361.25842,342027.1,178519.67,33402.38,101113.88,6600.131,8501.777,5263.045,12615.688,876668.7,2372.105,193061.03,208.78969,24882.06,9795.498,91309.4,1425.1265,2868.667,9371.557,5994.742,15254.57,1188.3077,8306353.5,3718875.0,601309.44,7596.826,22498.402,5076.468,403428.78,8531.882,1709808.4,18399.818,43636.117,91241.414,12447.858,163350.28,29945.137
bronchi_297,bronchi,141527.06,159472.7,236697.45,7511.905,275890.62,9206.049,13238.071,23000.197,6889.0684,29940.596,31948.658,532581.2,4764.261,9631.897,979940.4,100116.625,176910.94,7599.058,4647.344,3724.7144,97464.63,418173.5,179949.52,8976.537,3486.866,30284.295,12817.318,26151.262,2674207.0,12147.461,97212.875,345079.03,35156.633,36482.688,1572.2517,440637.16,51941.766,7931.069,5045.0327,1338.555,13196.56,3620.225,156905.53,107655.66,18614.59,30674.387,4349.633,3556.1702,6555.56,11567.773,386651.66,3314.9824,150842.31,4781.8853,36094.043,6766.6943,41169.758,1815.0834,3404.7441,7625.0137,10693.949,6577.488,5309.2817,5550845.0,531714.9,92886.74,10934.769,31089.184,1482.364,94386.14,9741.72,362756.5,67927.58,25159.725,32942.297,7495.5005,52805.305,11745.417
bronchi_298,bronchi,175453.38,207838.84,276706.94,13019.438,545345.2,6566.6055,21557.29,77916.57,4977.677,68229.35,35918.19,545891.0,6023.504,26262.533,643267.3,204324.08,41461.375,21443.014,10225.284,10502.014,107617.88,1118042.2,43151.344,21768.04,5698.829,44155.383,18226.68,46309.9,4233493.0,20922.205,78259.586,275730.16,39306.37,33770.19,5190.4067,223640.92,64485.68,19449.545,9545.019,4498.7305,18863.47,19062.408,202842.7,247035.33,33450.613,99265.91,17271.67,34265.586,8069.5923,31411.506,954305.94,21293.49,50224.87,1503.12,29505.45,8880.191,1451.226,15413.833,3895.5657,6892.262,5105.181,12858.422,10610.072,5731954.5,92294.24,229532.3,10707.819,24657.828,9142.296,213840.47,18698.502,985873.0,388848.94,20781.17,25730.883,8391.545,76531.23,32704.92
bronchi_299,bronchi,18372.637,31271.5,46988.703,932.93335,165097.81,33356.254,189424.05,105002.85,951.69916,22680.902,23462.94,302656.9,33644.016,19029.168,84049.28,198172.75,153324.31,8780.666,2082.6685,2852.9697,130293.13,1105778.9,2561.3047,8076.353,2548.245,35803.484,14894.767,30793.947,1018503.7,5664.0,15139.518,112215.92,6329.145,9362.4795,1337.778,610968.6,23858.527,4886.5796,3991.1897,903.4071,7705.06,32677.889,161773.47,80984.53,31704.258,38504.617,7432.95,21449.271,4008.0037,8358.586,438176.9,5146.2896,69089.16,1656.6663,20837.254,5973.3496,71.53029,5498.4004,1748.3441,7034.336,6763.4424,8282.891,1344.3071,3712631.0,1762607.1,153351.08,3107.8596,19665.988,3619.0063,91724.67,5274.549,6761.8555,14772.449,15832.659,17909.908,7145.665,12268.353,32360.002
bronchi_300,bronchi,4112.7573,285272.03,173732.88,4715.9634,298109.6,5366.5464,5739.667,74101.84,1159.7563,25736.65,33413.914,231479.97,13765.758,13669.637,157942.95,99964.64,1560.9922,22478.82,26690.451,10514.822,65430.96,491180.72,4403.4526,16863.055,7222.6636,29442.26,11431.783,21383.4,2592100.8,29965.877,46026.957,368591.75,4841.0806,17417.936,16153.005,217076.69,64414.383,6775.142,7417.405,183849.58,6595.6943,48516.39,199961.27,209523.89,34577.65,90394.445,17123.105,17262.283,21755.09,60806.977,966145.44,30425.365,23259.902,4844.254,16976.725,9642.899,120.45182,20209.348,7215.2617,5426.628,3177.562,8415.558,39349.203,4857.4043,199148.27,34690.016,8035.33,21031.738,10849.086,26065.184,18367.207,8028.4204,9480.907,22994.102,6111.1147,15308.335,7012.6045,23509.979
bronchi_301,bronchi,356981.94,188633.19,465575.66,14322.972,279980.7,10818.273,52000.453,27615.314,222893.55,43698.875,34566.863,881736.44,15818.411,16731.674,1534909.0,188575.62,228389.0,14651.849,9593.757,6775.53,106601.914,584383.06,217061.78,11677.794,3869.4297,46574.406,16795.402,41618.73,4765981.0,24287.084,90449.03,436081.7,42732.027,31408.96,3507.366,603417.75,74765.13,31737.08,11403.013,1753.1545,14632.298,24233.682,155784.44,174858.2,54381.316,82025.555,6841.7437,13415.032,5576.1562,21515.203,654071.9,6494.512,180117.95,4858.845,30484.85,9293.494,34922.91,4763.5615,3513.8965,9077.937,12276.886,2698.8303,12061.879,7490165.5,356316.66,296743.84,11685.4375,33881.844,3736.8289,253691.25,15788.778,1196769.5,336070.94,27201.219,10871.19,15711.059,183217.02,29917.533
bronchi_302,bronchi,280604.34,178522.39,618798.1,4525.1387,650423.6,34850.613,1262.5581,6145.0044,4501036.5,98501.2,33905.18,698911.7,161402.08,35088.734,1857226.1,201637.06,155341.73,2903.9893,2448.7668,7857.356,29608.338,42087.008,666063.3,7857.3936,3138.2185,48799.88,11236.482,28856.395,4487604.0,130353.54,148149.92,449345.53,22483.324,82469.2,1890.16,844137.1,102577.484,5020.732,3232.3345,18313.193,5125.997,910.60736,67079.74,68224.86,22412.46,37999.254,5306.2646,1133.8914,1912.4424,21709.533,1015466.0,33923.777,257103.1,1838.0554,9635.618,8918.455,94022.29,4463.4404,4265.0894,4212.0757,2403.1248,6574.7466,3580.6008,3999610.8,53583.965,848571.6,18097.686,2507.0957,6551.997,356341.8,6544.4956,243737.11,79773.08,4747.997,4385.8296,10906.979,96294.586,14890.549
bronchi_303,bronchi,136571.61,92227.016,138770.34,6971.0576,212226.73,3700.9102,1497.6439,18543.906,1334.3574,29937.855,21415.014,425695.56,9855.427,31326.125,914599.0,130787.125,47689.145,9584.921,3115.4202,3232.6924,52972.51,526255.44,202388.03,11520.957,4849.5293,34719.707,13655.732,16326.037,1019195.5,17981.416,170177.38,384559.56,35108.99,72172.39,1680.4055,77311.46,78529.26,8820.016,3985.1636,1579.2545,5496.5806,3232.905,223225.62,98800.76,4737.072,32175.299,5047.04,5630.3774,4635.1606,9283.9795,774567.56,2735.4253,45628.887,5163.2183,18001.113,8182.5005,70279.03,1775.6643,3528.0034,7208.493,8300.978,5966.5957,2059.332,4691281.5,283600.53,410682.1,5155.133,15987.936,2698.0774,373443.78,13041.771,424468.03,77273.65,14574.248,23055.28,2992.5728,65321.164,9104.73
bronchi_304,bronchi,83812.43,17962.064,74591.78,4272.8057,132231.55,2364.7002,1083.9708,11396.011,2048.3872,13668.424,7786.3555,137162.77,18206.996,19913.309,232771.69,146695.34,44283.71,11388.351,3969.9072,4211.7783,13175.771,265360.6,336405.38,8631.666,4619.0063,45174.12,14624.514,8908.211,625059.6,9742.269,62313.38,227185.52,26697.197,14886.416,3257.2588,15387.497,42778.633,11245.821,7936.1465,3208.213,2277.0603,3147.8494,152405.58,55032.85,1778.3519,55960.05,7414.2715,4150.399,2588.3923,10378.383,541206.0,4947.4434,13005.7,16012.32,6531.6304,15037.073,76217.375,3113.6792,2089.4685,6562.8735,4484.018,4972.4,1597.6716,5311383.0,49369.76,147086.61,2106.8108,6609.688,2295.1626,191072.56,11837.195,1133025.6,153821.83,10509.168,3571.53,2967.3425,190319.83,9044.042
bronchi_305,bronchi,186169.02,53211.754,214544.6,7386.665,258401.22,5440.7563,1533.6201,13766.625,5586.2607,20714.88,12888.54,271290.22,42125.92,8979.834,507114.78,71948.56,113644.11,9975.482,3404.3447,4114.8447,37106.523,453227.56,289288.97,8276.937,4522.9766,47382.863,17683.338,16836.219,2439099.8,8305.548,41528.65,238854.16,24484.371,11532.27,2241.3464,100519.41,42295.92,8639.434,6722.0054,2563.676,4138.7637,2136.0383,140222.81,90343.94,7360.0957,33553.08,5300.422,5861.0645,5347.8594,11529.058,325447.6,4523.0977,35028.184,7677.909,12711.611,9740.958,88933.01,3057.1782,2747.7183,7322.152,5699.7095,1590.2769,4508.099,5576228.0,118769.68,35356.46,7571.277,14552.302,1443.4097,48105.46,10357.864,609888.75,167673.42,17470.426,6560.8584,6629.5513,92574.125,11075.532
bronchi_306,bronchi,73249.414,429496.12,320235.78,10018.37,798461.75,13385.344,1220979.0,53543.914,10443.292,48583.76,50186.66,470782.6,122955.555,18675.139,1271544.0,323755.2,60343.49,8371.847,21311.613,9373.246,137054.11,1006921.94,122458.79,11529.63,5254.0566,137721.67,23947.412,64509.426,4172715.0,104267.31,63248.77,429724.72,25560.213,43458.656,7789.23,759393.4,70339.18,15506.075,4983.1636,122085.06,4278.5483,14417.306,114981.305,139772.2,143803.53,108728.734,20534.996,26778.312,4504.6133,22830.672,1020493.9,27167.697,55258.26,302.8581,13036.598,6200.52,1628.7681,22291.547,3109.2446,18333.988,6303.3843,4190.215,20958.193,7587323.0,1844059.9,244560.42,9419.427,31001.691,10700.499,251563.89,10282.996,1088818.1,356753.25,13111.563,44186.09,12279.333,42304.598,62693.15
bronchi_307,bronchi,75404.73,202836.31,432875.84,9847.731,707841.9,4635.815,88171.1,86397.695,36512.902,78763.57,44864.047,699009.7,2203.4465,39579.844,944314.8,252445.44,16584.59,17663.818,15561.157,6739.1143,113207.63,833542.3,17473.975,23862.805,4339.6904,63582.37,24179.615,72454.87,5145122.0,16678.906,131829.0,410244.47,38212.87,60791.26,4897.9004,534656.0,83094.7,31335.688,9332.452,2244.6133,25146.338,29501.875,125216.945,229398.38,47101.184,73134.38,15237.02,25821.596,4155.644,31838.549,1013497.2,14962.754,128982.016,2618.7654,30599.762,8909.613,163.83377,14192.336,3919.6082,9992.795,12650.715,7552.56,10341.359,2535989.2,1169445.5,486329.9,10278.721,27228.68,8325.725,586692.6,17510.693,1128442.6,474171.47,22458.742,20620.838,7645.244,133150.0,33312.254
bronchi_308,bronchi,353452.75,534477.0,447012.7,12804.465,885439.06,39692.305,270883.56,49977.7,36804.234,43418.72,55095.082,501473.5,255070.17,6830.8086,1809363.8,270690.16,388181.28,5761.6294,4059.3281,26583.398,122287.7,1231038.9,915223.7,16575.861,4393.5215,119481.77,38659.637,45639.637,5819827.0,88669.04,79315.19,508054.38,46505.61,30309.664,4052.024,790244.6,86346.46,5936.3447,5104.7036,5629.1587,14534.908,7377.1177,273280.1,212746.31,216214.1,131385.44,21642.098,22627.105,18216.219,46571.21,960359.94,37958.906,99511.21,157.16997,60589.953,5392.0117,104649.055,20624.732,4114.7783,24745.748,21053.232,3680.6482,45340.25,8303716.0,519381.84,133477.02,18160.12,27965.293,15976.915,170777.61,16078.199,1782739.8,219836.7,24256.436,62208.875,27745.646,106617.57,75720.87
bronchi_309,bronchi,191170.25,320014.16,595557.3,9527.118,995244.06,21520.64,117591.01,22472.412,173677.88,71216.67,46630.94,942911.8,20764.727,30131.03,1609153.9,98409.56,119611.516,9731.672,31998.057,15660.225,74288.65,169227.52,313248.3,17519.648,4810.167,47440.92,13702.975,52974.984,5686485.5,74235.88,92824.84,441474.62,27443.422,58545.703,11185.811,695469.56,84639.29,29375.533,8336.031,66546.48,14411.449,14619.897,100013.84,163735.06,127504.484,79665.43,10274.35,4750.6064,6954.0366,50215.15,925681.0,29262.986,176503.62,14855.838,28306.125,10461.156,30865.307,11653.995,4118.6973,5576.4756,4884.422,14099.555,35372.11,3320410.5,2090139.9,341768.53,18780.482,5773.9478,10937.679,44969.168,13019.823,594224.06,313508.9,9823.341,10504.829,20379.77,98843.55,32980.207
bronchi_310,bronchi,386068.03,147661.45,470455.84,8521.716,741734.8,12221.475,5107.4995,14176.886,21859.89,54740.09,26669.459,813146.94,70094.96,31131.375,1298687.1,183681.16,237240.05,10999.327,6404.655,9567.047,49445.2,537536.44,530246.4,13061.265,6006.034,72215.836,19635.14,52130.05,4208246.5,53768.66,103362.8,484866.03,29855.197,29344.342,5776.8784,279101.22,69454.484,14489.247,9711.802,8757.014,9041.325,1045.9846,103397.89,161587.97,19217.807,82069.14,9211.934,7477.4136,7934.5566,20666.2,767400.94,9331.188,67007.17,7611.027,14967.378,12236.929,93276.445,6179.3003,4937.0015,8748.716,4444.8228,3815.567,8963.713,7212659.5,37296.832,378927.3,12744.218,10592.863,3089.0337,242028.6,16711.086,1325342.5,291284.7,16652.236,9783.369,8910.565,128903.07,21406.684
bronchi_311,bronchi,108814.94,215627.02,398186.44,9994.597,700465.75,5898.2134,3651.3042,11475.676,550167.75,28152.451,33435.24,555920.4,18034.158,34398.062,1441360.9,60550.27,62811.523,7138.485,24774.39,15182.563,41448.33,85986.86,337518.88,11617.473,4272.333,25112.21,9816.102,21113.816,3830018.8,84918.555,21813.74,324104.9,23891.635,34806.402,9690.113,498554.22,70458.15,59884.734,11590.977,129677.9,5334.119,37180.31,85487.59,118867.02,48831.023,46344.715,7894.3145,3045.8628,4102.3975,42664.43,704674.9,27693.777,61746.305,17977.387,13078.4795,15386.352,36665.67,7622.0107,3579.5796,3487.7876,2341.0098,6982.6895,18980.066,2108957.2,490707.84,193287.81,10598.715,3731.4001,7648.337,31991.436,10764.424,593452.75,217589.89,6356.115,5864.431,11878.792,163860.81,23413.65
bronchi_312,bronchi,108871.3,281655.56,456779.22,10650.953,609392.8,4241.622,217708.61,58876.562,3737.8806,41965.406,46385.26,834311.4,24668.295,14219.08,810765.8,179111.42,87978.836,13202.275,14056.575,11173.995,89211.89,836700.2,253092.44,22463.049,4711.6196,71604.38,31393.957,27908.674,3783686.8,22852.39,112923.5,440199.9,29201.904,29970.28,9205.671,336184.72,66223.41,7742.152,5709.9287,18215.889,18454.387,10315.717,150520.42,181385.44,50289.766,111452.92,13503.052,18532.785,9344.842,31900.766,933627.44,24745.512,39252.58,1713.5486,18344.186,7478.733,34659.426,18671.273,3380.0327,14689.487,10961.04,12659.61,23015.998,5200943.0,2550653.8,163412.45,13870.332,16891.98,11847.191,247816.14,14867.333,901308.6,213372.14,11005.78,19763.252,18072.607,92363.89,30742.537
bronchi_313,bronchi,466202.6,308010.3,473416.88,18614.607,1187580.8,16944.404,142303.52,49931.06,8640.117,75349.445,45720.492,974402.06,167159.31,35615.664,1583704.8,74397.195,269690.38,23803.73,27177.31,20228.438,53999.035,805327.6,835194.25,25600.004,9755.416,68803.78,25762.83,70420.195,5995298.5,51290.613,47558.656,517433.47,32618.074,29227.342,18001.543,366115.6,77374.234,220516.4,16868.686,91221.49,7824.435,25476.883,147073.28,219420.73,113776.625,125173.13,14874.126,24477.508,14715.303,67647.13,1012428.75,36146.918,85353.09,19626.697,22103.22,15411.922,95446.125,22075.453,5770.3965,8112.701,7477.5205,29129.361,30664.148,8006194.0,1573365.6,196929.88,19638.756,8738.125,15476.098,32560.514,19992.186,1611983.1,505526.66,16512.715,6554.385,16647.027,131560.73,41419.086
bronchi_314,bronchi,196419.31,156275.94,363787.16,10693.123,453176.12,4134.6084,12097.11,20467.754,10964.344,34929.105,27236.758,606237.75,4236.8545,27680.02,1214289.2,162101.8,46454.145,12425.63,9725.641,7445.062,61570.367,342580.4,156849.14,15172.445,4462.6826,63660.883,18454.033,17435.92,2682741.2,20875.564,119601.484,388731.4,34110.16,41158.41,4918.993,138166.98,69628.375,11262.437,6775.6914,6241.7007,5867.917,10956.953,153327.38,134491.44,11096.669,55609.508,7755.751,5852.6177,4268.0806,17764.695,756564.06,8233.913,39000.332,9896.986,15005.384,10072.253,30479.035,4976.243,2886.6528,10024.621,7959.6157,4416.321,11563.262,4367083.0,843636.56,261487.33,6909.5537,10161.808,3421.1892,233847.48,15524.291,727426.5,302752.75,11116.88,8782.567,8258.87,89339.77,12399.455
bronchi_315,bronchi,492472.94,374808.5,252972.27,6437.912,335913.6,20279.453,93833.99,49329.566,97447.16,79375.73,43285.258,1156872.0,45539.94,66080.01,1754752.8,325278.47,317726.4,17611.889,5780.3174,4524.487,114583.29,925758.7,288293.9,29322.072,4194.454,40633.562,15823.782,106377.07,3766327.0,6495.9307,217224.34,542282.2,50514.824,73173.516,2641.7812,455390.4,101840.77,14522.16,13375.453,996.291,35633.465,2600.6848,275026.88,234650.81,123622.93,54572.82,7103.5264,8806.171,3962.7449,18035.74,1155800.1,2710.0344,240037.27,2222.6555,72945.75,14593.108,42069.273,1920.5754,2847.5613,6496.6743,13451.765,25504.938,2299.5847,8249875.5,97144.3,1070188.8,7127.212,65902.21,4913.492,691963.8,16424.303,1929438.6,151741.34,55499.516,103759.13,8625.585,299198.47,43091.59
bronchi_316,bronchi,114849.25,60947.94,272904.78,3608.5986,295512.25,5081.9087,842.4235,8939.627,317587.7,32659.318,13212.743,457841.62,89675.16,20129.537,1053851.2,175195.05,30967.324,4729.6675,4219.552,4608.629,26494.18,106020.26,468831.8,7603.5244,3749.9912,59174.29,18126.81,22716.08,2771580.0,36390.465,121855.56,379126.47,18419.148,34528.28,2100.6628,303481.8,65636.08,11542.679,5143.4727,2653.4282,3971.2556,5456.0874,122522.46,73640.19,7954.493,39001.15,5522.526,2319.9648,3552.6235,11520.682,572177.3,5499.187,64807.26,8432.351,12405.985,11437.454,87117.44,2477.2302,2574.8462,6038.351,3923.6746,3024.5806,4484.3306,5461296.5,3976.866,387639.7,7530.24,5332.471,3204.7656,231594.8,7643.3633,832365.9,41274.21,8865.365,5994.0273,9277.358,130363.234,13006.878
bronchi_317,bronchi,435013.34,402255.88,401350.78,8664.09,416218.34,33319.848,17569.629,21067.996,2816789.2,79481.55,49630.54,993992.94,8320.335,70274.34,2080405.2,357822.12,355367.12,5036.6763,2955.9067,8472.692,65698.016,315820.47,417901.6,24105.29,3950.8215,98206.305,19001.13,74736.26,1832636.1,22987.785,276644.12,564133.9,50181.97,121464.21,2568.4094,1004703.25,129458.195,24218.225,6670.902,2295.639,36380.19,14064.89,207304.55,207154.36,262771.75,94807.36,9303.249,3879.4197,2059.6875,23995.627,1538892.8,8460.732,456134.97,340.85147,60556.91,11636.757,53231.85,2466.3481,5809.7627,12229.544,72856.41,4020.606,8674.451,7986885.0,1162761.9,1442858.5,15346.724,19500.865,10179.841,809461.7,17340.447,1528197.5,27642.613,19653.82,126183.64,19263.168,316621.16,60784.652
bronchi_318,bronchi,75519.445,213673.72,187635.97,6583.507,419338.4,6888.293,13602.516,34517.848,10063.323,25504.84,35224.492,573913.0,8719.435,12781.112,1152611.2,88273.16,32757.393,10886.017,6092.508,8667.983,79070.414,382688.97,153602.1,11174.752,3800.1038,41100.36,12884.324,16769.664,2285499.5,13961.925,62604.9,346586.6,27384.205,26932.857,3382.068,288426.44,57893.035,6667.9185,5519.1875,5727.0176,10065.943,22675.754,136655.12,125121.93,33493.484,42556.375,7241.3433,7835.3687,6756.3823,22210.885,532170.44,13414.776,43368.562,5557.0947,28636.004,8704.776,34955.766,5888.4604,3217.1255,5905.644,7363.8594,3778.7258,10144.551,1962744.5,1952981.1,76429.984,7714.171,10774.356,4959.1655,83891.92,13100.076,143733.47,124875.766,9690.788,14152.421,11402.404,66826.695,14120.804
bronchi_319,bronchi,517963.22,143520.88,198348.78,14725.748,765583.7,10451.792,164103.83,51149.004,10243.176,53494.3,33402.7,979132.3,157160.58,26342.88,929562.8,131709.62,382978.12,18382.137,5229.512,12560.594,78899.57,1019100.25,497272.12,13149.71,7357.6387,48493.496,25620.422,23388.877,5130946.5,9388.456,30333.695,264940.06,41847.746,11511.632,5309.1147,398508.97,46727.945,59854.87,13164.994,3356.0864,4491.548,27500.25,166472.38,178585.23,33525.54,107349.42,14041.18,25501.24,3902.465,38606.473,739099.6,19486.959,104935.88,13359.071,26146.572,15958.184,102642.164,11585.539,4041.3623,7535.2266,13084.9795,6881.811,3114.7605,8292249.0,743925.94,76316.945,12831.568,8438.079,8435.641,15983.499,13711.682,1694735.1,411697.75,11842.988,10535.743,3980.3008,237632.47,32926.938
bronchi_320,bronchi,394726.53,313831.7,317589.78,19722.074,1087156.9,4512.7676,41699.582,45283.465,8671.439,55034.48,42302.54,1120345.6,84682.97,33456.9,965129.7,100268.74,102901.016,22488.729,22441.463,15627.371,43361.82,730247.8,682543.7,26355.145,7354.3203,42219.754,24297.3,32350.838,5166200.5,24593.055,62764.156,517743.94,39648.72,25808.3,17549.666,135495.86,84265.18,243271.27,16241.971,108966.03,14338.498,38831.426,144233.7,244298.19,76028.33,117719.71,14738.506,31783.03,5774.9336,59818.523,993593.0,33408.527,39887.96,25175.805,22473.355,22074.695,73691.4,23133.094,4728.436,5700.264,6821.407,20943.627,16344.031,8013963.0,1969706.9,254167.36,19265.06,8938.152,14852.055,119040.36,21107.172,1753237.2,827337.25,14314.573,6535.569,3606.613,253823.14,22057.775
bronchi_321,bronchi,168689.02,516503.12,192626.45,6494.5615,843564.94,12335.735,373851.06,45829.414,2318.083,37993.71,46511.555,971586.75,186718.98,8492.725,975026.75,129477.086,155107.11,12740.924,8768.255,13312.151,136340.1,1074763.8,600812.5,15983.148,5415.552,75355.484,23362.146,40784.55,4310360.0,72729.44,83188.91,478853.97,43576.605,33794.71,7358.874,463771.62,82635.63,13655.85,5967.9277,10875.546,7052.179,7588.339,248419.3,177148.16,57516.066,114364.836,15225.007,33650.176,11362.768,37152.38,989758.0,26330.297,58848.1,1460.4742,19129.229,8421.179,87088.28,12209.685,4830.716,10971.739,4591.4634,13762.528,29821.816,8152276.5,2758545.5,132912.89,16097.317,8786.673,14041.555,56828.082,14198.238,897586.7,251873.1,10118.943,31012.012,16348.553,80076.52,21325.703
bronchi_322,bronchi,249490.55,61259.65,180507.78,6973.1787,207074.36,4267.7183,2396.118,14289.12,2942.04,20559.12,11460.134,335600.75,27978.498,8107.5337,725771.06,92119.77,77455.15,10121.724,3366.4211,3485.8118,40494.72,399513.56,181327.5,7734.1143,4617.544,37085.223,12953.386,16731.979,2040232.8,13837.022,63410.09,296051.6,29873.17,17603.896,1892.8538,51170.57,50466.91,8374.802,5331.134,1924.4552,3349.5586,2032.237,188291.52,96969.54,3143.435,34254.02,4593.8467,4380.6035,5078.536,10663.323,341745.38,3312.3997,36002.938,9917.491,13215.238,8586.5625,69657.53,2527.3901,3108.859,7933.528,5236.9297,2796.2986,2051.4941,6050826.0,52170.633,74960.97,5648.198,22824.074,1102.4164,101434.15,13179.24,563274.8,138608.72,22140.162,12464.253,3321.9438,57476.586,9299.656
bronchi_323,bronchi,415854.12,52260.27,98972.305,3089.6526,384650.53,14486.815,702711.25,54261.28,2055.396,43198.695,39165.75,604640.06,285967.44,22175.137,322399.5,35789.52,459089.03,13251.234,3777.1616,3952.725,55369.516,578955.1,940638.6,11674.354,6824.0625,91309.14,30415.328,26844.822,2988795.5,10084.489,47021.066,158797.2,40411.85,15834.274,4649.623,373088.88,55568.633,18264.668,7516.6777,1533.3822,7125.56,17180.275,210732.67,66630.81,10993.412,115736.12,10672.175,16705.223,3982.1426,19803.102,643131.1,8859.187,88629.98,3210.4265,11267.121,10809.466,105175.234,5912.8755,8928.967,19195.367,5401.7617,9561.592,6788.8555,8310473.5,8111244.5,75690.33,10560.663,3824.1335,9214.315,12615.846,6530.6587,241344.95,34278.66,9975.588,8176.743,8649.509,59874.453,11083.627
bronchi_324,bronchi,93704.51,128956.555,233959.9,9121.044,377977.0,8039.0635,2101.4185,7440.632,903998.75,27696.234,23257.639,454278.66,25331.127,13121.559,1243280.9,112798.43,37325.086,4180.6567,10065.435,10154.415,22278.094,55402.316,312313.75,6762.462,4137.224,44595.004,11043.666,13255.254,2904563.2,59057.19,39933.484,313416.53,20967.83,33423.027,2515.4346,426752.0,77025.48,9380.142,5174.4497,24942.74,2552.6882,9069.966,100406.54,62067.953,5916.3677,33160.39,6885.225,1374.0763,2196.9473,25527.326,639404.9,25776.52,37729.723,9668.944,9418.592,8761.216,68715.39,4028.9602,2881.6958,4142.3184,2657.369,10972.733,16475.133,2350893.0,165741.3,137382.05,9016.652,2993.7292,5009.022,79835.26,7963.5874,247355.7,109217.49,5136.4663,4296.8184,16848.812,75478.12,13120.846
bronchi_325,bronchi,277442.06,280704.97,292043.78,11396.533,1144242.6,7059.8174,92098.95,49065.414,5988.947,48089.82,36836.188,913201.0,89290.8,14142.584,480968.0,80387.64,162412.22,16775.936,7457.9614,16676.95,89964.34,877722.75,360453.56,20359.352,5991.5864,45462.35,19965.623,28016.922,5431803.5,27744.244,67712.84,404461.6,43944.91,16870.713,8044.2026,339045.47,72135.164,116053.22,12152.78,20969.23,15912.148,11568.325,187843.48,213259.84,41791.71,114024.51,17741.889,31060.436,8897.563,49245.336,821454.94,28813.248,65820.94,8607.586,24013.896,11076.905,86608.39,15436.753,6549.3413,6607.6895,5633.735,15228.8545,13997.511,8149182.5,2213902.2,72008.14,18025.338,10938.523,12260.06,51942.41,17561.738,1359288.6,474545.16,11291.973,26651.66,6564.583,145402.8,26193.72
bronchi_326,bronchi,415963.22,100825.0,356553.94,11800.043,749618.4,12463.302,7843.0625,23477.557,32575.857,49024.58,30051.336,841447.8,130440.836,30848.062,1147962.2,78199.9,275152.25,14326.073,6178.3867,14139.522,41648.074,334809.88,650727.06,14485.517,7497.5884,58795.984,27561.797,49172.453,4048505.5,16525.885,44148.098,359460.44,28812.643,15701.217,10598.856,320468.9,53023.56,78586.27,14326.428,6040.1484,8275.255,11955.49,136514.7,164032.33,67687.27,89616.25,12266.609,9205.127,8082.1787,50084.434,632847.56,25304.662,88665.4,12965.931,23502.266,18239.773,97824.92,11510.6875,5208.862,6665.7437,8242.698,7257.641,9919.809,7819724.0,421477.0,71057.58,16456.32,5138.8433,8754.309,46533.74,14921.968,1293622.8,311537.62,12566.333,5843.1743,8346.397,191930.19,29094.268
bronchi_327,bronchi,351219.6,183653.31,492177.12,12245.206,887325.8,7119.439,8821.286,19132.914,146964.2,85471.29,30563.334,679412.75,34694.945,69731.98,981282.4,213625.62,206388.06,17532.803,9532.817,8189.153,36774.656,274007.16,524270.28,28279.654,6977.863,54584.895,15204.213,23098.262,4451721.5,25262.271,214364.2,502455.34,39941.027,75760.59,9831.439,179340.62,101366.07,76432.47,14794.741,10307.19,18688.465,9983.982,103633.734,187976.81,55055.582,61277.703,9187.865,9086.226,4638.23,21339.986,1184666.8,10663.74,63471.016,14515.209,23027.414,23240.72,63411.902,8451.675,5713.6226,5924.63,8026.675,4715.747,2949.3958,6154917.0,2086980.9,688454.1,11896.888,17733.684,3413.0203,551577.3,19825.117,1510503.0,402876.3,16034.602,17028.047,1914.1439,249630.02,18163.1
bronchi_328,bronchi,58855.844,301550.88,183602.52,7054.9644,561254.4,15106.574,885575.9,58568.543,4008.432,35603.27,42329.7,703944.06,135245.28,11490.768,703611.2,153264.95,78683.31,12415.431,15147.678,9086.694,121635.77,798608.75,234259.97,11868.034,3680.62,92812.625,32196.049,29468.02,4060685.8,70065.42,50945.363,327015.94,34330.777,17445.9,9526.31,605884.0,52735.953,18984.88,6874.208,7439.9297,3460.9116,39510.83,156385.52,161591.98,62633.324,116307.51,13652.269,28372.99,8959.575,36045.984,701552.8,24436.875,84142.15,9448.986,21641.623,6809.42,58485.21,17145.166,4919.5186,15884.537,3825.3813,8773.769,27523.262,8104703.0,5124687.0,136968.9,10109.046,20851.627,13563.303,40660.156,10772.538,774668.0,216744.47,13306.3125,26314.105,17989.031,30900.975,29268.234
bronchi_329,bronchi,82295.336,198947.61,93250.74,9456.253,380230.5,2464.1326,3003.2578,53641.023,4574.597,38888.426,31699.57,222612.28,4791.2544,47320.273,154052.9,148485.58,41148.09,20902.74,6976.066,7460.8433,28993.441,834332.06,561680.56,27306.592,6711.1274,50238.234,17519.297,10518.443,1872212.0,6451.8975,118511.94,384846.12,34730.633,35268.832,12027.451,31430.596,71696.766,16228.345,12666.422,24918.275,19147.445,10342.849,100783.664,180501.92,14723.866,110364.43,12133.416,30599.879,5727.717,28648.13,1106755.8,19273.955,17445.102,3739.646,11526.814,11856.403,48595.766,13486.59,3217.199,5224.1123,5016.074,9915.618,11195.661,5912096.0,431407.03,227050.58,6079.899,17254.908,7793.8076,391905.1,19411.389,1240651.4,528971.06,12051.392,18117.736,5175.378,204467.16,16941.965
bronchi_330,bronchi,276514.62,62386.996,268735.53,7873.523,304974.25,9788.26,1661.9294,9788.055,321656.62,42741.32,17978.861,737004.2,84470.99,15895.131,1470594.0,132768.72,87805.07,6500.7715,4563.4575,4227.0083,41375.895,201953.44,338767.5,7949.2524,3161.7598,31896.719,12887.458,29279.598,4086446.2,25024.969,80533.586,409646.3,29910.258,31010.621,2078.1277,489667.22,69829.875,21806.46,5774.3,1823.5437,2681.8943,12526.366,139950.0,104255.18,11628.325,48961.453,3897.718,5221.6016,3243.0183,12123.8955,465445.6,4022.3474,112841.36,10523.702,11035.548,9538.884,87363.55,1930.1055,2940.9443,5414.157,3820.2102,1884.5251,3317.9722,7096092.0,7216.2393,513041.12,10381.858,10502.695,1782.9387,228811.06,10192.208,1034100.9,84105.65,15292.021,7984.518,9595.815,146197.73,14261.577
bronchi_331,bronchi,214682.75,43097.098,173284.28,7262.994,199707.98,5492.0894,7484.385,10133.141,5001.5454,17900.824,12406.849,413861.7,25309.803,6475.3555,1069865.2,59121.66,64196.363,12109.623,4354.7393,4532.539,43769.406,404506.34,74408.55,6612.7905,4053.2224,22188.992,8241.448,13893.7,2906539.0,28864.322,19512.94,221669.12,29439.732,8629.534,2218.249,100082.07,32552.285,10207.822,7355.0986,7401.4473,2352.6294,1468.5917,101905.96,105558.69,3731.361,12413.915,3756.7546,3959.5596,4962.71,7794.4546,262722.66,4139.1387,17905.535,9198.702,9580.215,9286.096,22821.898,2720.1792,1991.9193,4358.4873,2604.6091,3802.156,1471.8706,4162341.5,2067.382,37289.223,4673.898,18164.434,732.93054,34979.41,11725.808,1009560.4,166647.27,22137.186,7299.4614,3136.1506,73981.305,9671.103
bronchi_332,bronchi,60933.35,459272.5,199567.3,2906.0442,541158.0,24873.78,1741781.4,30054.432,10224.758,23123.63,40040.797,537611.25,22941.332,11017.596,909927.06,270444.75,60642.562,7621.5674,19507.32,8423.798,136501.16,739967.8,45595.914,14928.388,3491.9722,115022.55,27527.75,16782.4,2799705.2,127629.92,82253.2,422303.4,40425.996,27664.027,8453.884,727771.4,47224.605,10038.763,4512.277,137299.66,7216.7827,10869.064,92779.53,199268.7,71062.46,100219.03,19077.795,23092.754,5576.593,21125.479,770479.44,24061.832,45063.02,2402.1323,12841.448,6555.7163,75.684654,21590.662,2743.0405,14921.256,2007.4236,16595.412,22176.469,7999043.0,5825463.0,155583.84,6108.364,14716.3545,14064.179,168890.08,6121.411,1715852.2,49471.0,12153.997,24255.047,14212.342,84097.47,37052.945
bronchi_333,bronchi,23709.205,211995.11,260398.34,8152.703,398443.6,3554.1184,17685.934,32901.164,1985.9159,26792.797,29733.014,467104.22,3057.4524,19193.81,839584.1,80624.73,10527.045,12663.245,12236.905,5919.094,90061.95,593828.6,54978.77,15890.25,4092.2275,40013.848,13031.141,19282.652,2742534.0,26709.523,88480.75,329944.3,24434.404,26725.424,5070.298,177350.16,58455.21,7423.0312,6448.0093,15248.5625,7991.7715,34292.164,150983.22,157925.78,17802.145,51064.977,8807.045,18883.521,7878.661,16285.4795,580161.1,10637.39,25325.764,6208.918,21002.693,9356.57,1464.0151,7212.344,4183.23,7181.105,5019.5776,2594.801,7637.6353,699595.25,464800.2,138435.12,6070.436,24701.678,3822.3538,97438.33,15581.191,223317.61,171827.25,14440.19,9929.341,4860.7275,44202.613,12474.564
bronchi_334,bronchi,436967.56,136348.94,396235.56,12826.136,531009.0,32700.459,61643.867,17607.305,318692.06,75477.32,35795.117,967606.06,215449.42,41510.434,1105040.9,233471.56,308012.06,11125.907,8779.963,13166.413,37456.527,311268.88,685443.2,19287.691,12118.646,118201.195,41218.0,104954.4,5289425.0,24967.398,132230.28,491422.5,33622.043,18413.387,9739.295,547785.1,66826.18,35248.79,13887.659,5244.773,11086.576,1715.0258,107870.14,178596.3,67512.82,116892.86,19683.646,3084.9346,4903.7114,41432.715,905351.56,23800.62,95858.9,3948.591,26029.162,23087.205,100539.54,12439.658,4179.995,16224.135,9307.6875,10252.197,16235.543,7887205.5,121693.086,244955.38,16109.0205,6859.4775,6540.527,210059.89,13280.739,1692388.4,328858.3,16673.451,5119.386,11474.986,204166.69,43086.207
bronchi_335,bronchi,269064.3,66128.99,275703.6,6947.1353,389340.97,6570.797,5607.3745,11302.176,21778.277,34783.97,18942.615,760701.7,16282.638,27235.51,1194608.6,118469.9,77772.1,9625.019,4444.2334,3481.2957,52835.074,276914.7,163504.89,8008.184,3331.2705,27592.041,9945.141,14764.505,2797172.5,27169.873,97838.63,384484.78,33637.375,47428.84,2093.3337,177503.11,71110.59,14086.865,4924.5703,2342.261,6102.2783,5878.6284,159442.12,110436.34,11303.933,15982.98,3919.2083,4668.529,3319.9478,9111.028,494459.38,3828.3418,41823.566,9478.203,14895.137,9971.868,41265.555,2057.8823,3220.884,4856.2876,4629.628,2957.708,1295.8099,4370491.0,191919.39,457152.7,6768.1016,8126.3467,1509.0422,212585.48,12982.092,727921.3,126522.125,10983.413,13259.768,2549.9124,95299.05,9394.136
bronchi_336,bronchi,131857.17,317535.6,280839.66,7923.251,737815.06,13483.517,901273.4,47781.832,2878.8313,32636.652,40674.08,919375.5,15068.802,12779.539,577173.4,99604.64,133790.52,11633.827,13761.242,7957.8623,116511.89,670744.7,31478.203,13066.498,5685.2666,54292.496,23392.09,34822.074,4123763.0,50806.45,67180.445,332257.6,39460.254,23895.145,6551.0283,485128.75,62655.848,34216.797,7839.106,8984.435,12457.538,8454.102,172937.27,169858.44,23781.697,81760.875,13657.53,19585.336,7120.641,37089.645,652926.4,23412.467,78113.516,5089.282,13786.058,9396.456,4056.75,11450.421,5665.432,8253.412,5295.591,20961.672,13563.587,7107477.0,5879238.0,103265.55,14925.882,5881.1016,10899.699,38153.043,11098.658,865808.44,299710.8,11085.678,9122.732,11825.46,119004.266,18487.135
bronchi_337,bronchi,317660.97,140633.95,431240.84,8395.459,239352.62,12364.477,13214.117,17096.686,39477.496,38160.5,29129.361,713639.9,52528.848,10011.512,1262297.4,124604.41,244741.72,9917.538,7237.587,6599.369,79278.664,546467.1,346136.03,10661.554,4305.225,49722.83,18457.818,38150.457,4794702.0,25060.531,66856.97,425547.8,32900.004,15815.424,4221.8667,468240.22,52265.75,15637.896,10533.141,2550.7954,5845.0806,1781.6011,160471.22,151979.16,21967.502,66022.37,6268.471,5214.663,7620.0117,23078.355,436980.06,7024.4,86188.0,8445.889,32477.645,9907.942,84456.09,4160.5303,3993.513,8288.636,5978.1885,5085.3516,15732.74,7555609.5,114246.016,96929.13,11900.179,24060.893,1829.9084,50125.242,13219.36,920637.2,131806.75,25619.273,17481.043,15668.382,91322.81,22046.566
bronchi_338,bronchi,261523.0,173923.19,374715.22,10917.23,600131.56,17315.113,443592.8,47219.156,8742.31,45565.617,45026.332,826115.2,83142.74,14675.414,1106943.8,71519.21,275941.94,14820.218,9424.666,13168.083,82490.914,807588.0,427881.22,16116.442,5017.8306,81165.46,29000.244,34475.34,4524112.0,35967.93,55828.438,393320.4,31968.318,20866.748,7719.8164,525407.94,60999.227,22666.955,7267.2764,3162.5503,10860.878,17223.342,197622.4,121785.27,84799.586,114666.04,10724.315,20834.592,9693.312,34565.94,720327.75,20257.938,70697.63,1443.3552,22586.162,8150.402,91222.19,15096.262,4330.89,12140.569,16807.229,7302.2397,24468.148,7354608.0,3459384.5,103696.32,18108.805,8104.3022,12645.601,39794.34,12917.792,589699.3,275594.78,10119.57,9384.061,21583.908,81819.3,28130.256
bronchi_339,bronchi,399568.44,180230.84,370525.6,14343.559,908379.44,9616.045,38651.305,52499.55,4517.38,58641.09,38643.75,772670.0,120081.73,32207.258,926300.94,57883.98,229008.2,19938.545,15607.367,17790.45,38035.875,479066.84,772579.4,16205.099,8867.961,57285.598,29779.64,36927.676,4219470.5,18359.326,35592.54,372225.97,32207.32,17346.17,14982.46,194354.17,54937.52,149426.27,15861.284,9439.726,8074.3813,36243.68,189310.98,170618.73,92830.77,116177.69,14302.892,14698.021,9512.536,66179.21,850964.7,33630.383,65205.52,22671.516,24445.547,18320.826,99855.92,20931.885,5419.0967,6888.2075,14087.296,17255.32,14673.091,7955618.0,1258352.6,101575.09,16692.02,7132.9517,12885.295,22649.473,17362.953,1293240.4,373987.66,12167.092,7720.0815,11050.831,139106.23,30787.78
bronchi_340,bronchi,387444.9,110707.45,467127.84,12459.012,241671.78,12629.172,41046.58,22269.363,19092.447,50250.836,32358.059,1157155.6,26968.586,31524.29,1400368.2,181390.98,214944.56,17292.24,17636.984,3975.512,102857.945,681834.56,146531.61,11859.355,3864.7078,39034.676,14341.124,62326.934,4504669.5,19192.31,150032.58,489207.47,43909.805,53260.9,3736.8823,378590.3,72930.66,58519.188,11903.221,1478.5366,13239.498,3347.4949,214274.89,179634.88,20549.238,63804.996,5799.868,5715.7974,6340.3716,11375.954,790480.56,2407.2207,74046.74,6782.416,32404.195,10682.338,6544.514,2265.3435,2865.199,10278.221,13584.677,15600.819,5473.8477,7223501.5,107296.195,529980.94,9489.872,56938.59,2031.4664,369177.84,16319.546,1528486.1,281731.34,41319.86,24459.61,5792.3496,154801.2,15143.69
bronchi_341,bronchi,346100.72,265143.3,340804.47,11094.055,217949.17,14206.434,666501.75,29347.588,18371.955,40974.92,36387.133,758256.5,22936.586,8024.96,1155623.8,155689.83,355941.03,9412.772,5599.005,7690.0386,104658.836,727436.25,196808.77,12435.921,4639.4556,58564.242,19523.475,31706.828,4812068.0,35515.67,61086.96,379743.8,35577.742,21370.578,3149.3333,592942.44,55028.97,8432.688,5621.775,3842.2297,3764.2737,2620.2449,167526.06,138980.92,28671.447,65484.582,7438.638,6796.5205,5816.5386,22653.793,494560.75,14817.815,120011.664,1232.2083,24688.559,7509.634,76798.09,7475.5737,4194.0737,10329.836,8074.7817,11166.56,18387.73,6878896.5,2043360.0,53224.34,15666.11,8639.631,4347.803,37693.973,10605.176,280181.28,94802.836,10089.829,12717.299,19692.434,60769.64,21476.578
bronchi_342,bronchi,88604.54,66223.086,180786.7,4698.7163,149399.2,4997.5156,2272.291,11822.9,2414.215,16525.965,10775.713,186300.62,29267.258,4468.787,682346.5,69507.83,63847.668,8451.199,3041.3303,3748.0063,48995.18,381478.5,155667.86,6531.531,3771.329,23615.012,8844.007,13248.075,1832548.8,14104.719,24014.012,195491.47,24525.715,9186.831,1421.1504,89841.83,33659.773,4147.114,5205.549,2595.513,1590.7914,1407.8839,124358.31,80162.945,3379.6716,21532.467,3251.261,4047.5234,5070.7476,7381.186,259017.3,3405.108,26626.586,7400.819,10558.296,7016.304,51005.645,1827.7664,2199.72,5414.8857,3407.4802,3144.44,2755.1218,4234914.5,1667.8777,13086.927,4586.0137,31972.16,709.45905,26423.223,10270.92,373123.03,87164.23,27003.15,8933.396,5717.493,37067.758,9414.873
bronchi_343,bronchi,90345.836,76364.56,127014.3,5049.4814,377740.62,2657.6592,972.9371,15286.437,2217.5981,15317.098,13778.723,211879.9,23805.66,12739.162,286858.2,113433.72,56142.12,10752.604,3995.2732,5038.8916,30868.574,297793.34,501864.38,8573.959,4231.4746,39572.977,11946.736,10409.928,1197873.6,6047.781,38440.48,209534.28,18973.84,11403.263,4107.95,48669.555,34712.688,7067.269,8725.508,4679.934,4259.4336,3359.1357,130778.64,64874.047,7565.812,39372.29,5314.911,5542.384,5151.913,11723.549,365038.28,5489.5913,20139.752,20052.451,11174.081,12383.606,92641.07,2531.1304,2036.8019,4934.972,4017.899,3168.2273,7160.1626,4930196.5,101020.96,43433.586,4275.774,7761.8047,1632.7573,32725.324,9623.981,1044094.6,124148.09,12243.151,6434.057,8341.916,163442.69,11252.698
bronchi_344,bronchi,98232.53,63145.527,171194.9,8062.899,213458.84,3563.7195,1386.3164,14272.722,2499.519,16745.914,12331.454,182159.64,10987.657,9051.773,316526.66,56156.094,83434.65,11334.215,3812.2488,4193.862,40717.586,361477.34,176691.92,7651.9634,4383.851,29740.133,10583.653,10863.085,1346958.5,6057.3125,37561.16,153320.95,23212.588,11187.88,3110.808,71998.39,34557.8,6280.0513,10994.1875,4692.8574,4484.771,3553.698,137731.78,64448.73,10661.991,34077.645,5108.6104,5908.788,4666.476,9640.169,332361.22,4278.271,30511.348,13254.217,11757.331,11503.466,67362.84,2455.9697,2416.2937,5143.3403,4784.7734,2273.6833,5685.592,4631186.5,248835.42,23943.553,4671.7676,17032.205,1019.37946,28900.213,10547.325,506936.38,104414.78,21083.15,7269.0786,5655.5728,94505.85,10238.322
bronchi_345,bronchi,49885.363,235907.58,463196.12,9277.535,545431.5,7148.187,86695.16,59887.99,4547.1934,48270.816,41532.65,638643.7,6253.386,20389.549,954683.75,116983.305,34524.363,13337.556,19925.562,12720.344,76776.71,622277.25,114885.73,16845.035,4397.463,60686.82,25196.39,29981.514,3371548.0,37288.758,86382.04,422466.56,19674.73,39981.234,10344.911,296725.72,75958.24,10751.2705,5832.194,32965.65,12207.739,26010.824,139646.95,159020.42,69172.16,90978.14,11456.812,14180.253,10170.32,44427.41,886240.75,25655.387,47294.96,3943.6448,25262.393,9832.752,18856.617,19994.473,5027.753,9401.477,8984.469,6900.2676,25873.066,648733.7,3661774.2,212948.69,12601.295,12927.492,12686.189,107418.34,16709.62,198200.53,202159.83,10555.679,7821.5923,16985.389,44869.355,23681.002
bronchi_346,bronchi,227981.84,242805.16,462815.5,9566.719,510881.62,14888.688,30069.396,28382.951,34683.863,40637.633,39636.508,658650.06,28652.367,17978.363,1187594.2,89139.86,214725.75,10972.566,9369.581,13656.098,74870.734,427567.97,493406.1,13311.631,4242.043,60224.25,20393.73,20734.982,3945763.5,24655.383,85253.36,375518.34,31273.945,32248.938,6514.2783,406057.03,64870.332,16628.033,8259.232,5895.9463,12735.87,14237.821,126079.23,132118.36,66194.17,69341.7,8794.655,10788.825,8591.526,38749.816,720036.56,22669.203,76989.56,8128.6333,34858.92,9774.043,89465.96,12251.889,4205.7803,6166.671,11321.79,5814.17,25638.24,5932864.5,2756591.8,142407.52,15668.785,7507.02,9042.308,65936.04,15168.843,500294.6,193458.03,8628.695,17345.078,18696.826,103617.73,23274.725
bronchi_347,bronchi,8498.0,38249.59,125804.664,3199.3252,181616.0,6592.015,5765.357,75425.23,710.6505,27678.885,13140.131,226540.78,45357.375,7918.3022,391341.88,156130.55,9400.759,20150.588,6516.882,3367.7124,103279.92,1188857.8,665.42645,8107.3867,3440.7815,33806.12,12114.094,43513.355,1933710.5,16684.713,20060.236,187459.08,8895.908,9453.214,1908.6743,320526.06,33184.78,4419.7046,7212.4546,2029.7421,7296.858,47477.81,129243.92,206579.86,12934.016,62115.86,11509.611,43931.207,5939.1426,9391.779,411475.6,7514.506,32781.05,1148.1066,15736.6875,7043.0034,37.457035,5651.124,4980.7686,7595.464,4412.0386,1968.2926,4664.6826,49098.79,1506.448,55979.53,3190.2095,64223.43,1890.206,60252.227,14534.978,16580.746,56430.324,27597.594,6332.877,5975.076,3384.1108,20138.6
bronchi_348,bronchi,108448.6,103758.05,115181.82,4312.8457,182170.06,5602.75,2063.9172,10876.251,9386.28,38319.324,18200.97,461439.56,62801.1,54141.46,667154.25,154892.03,77878.98,15800.679,7826.749,4933.6445,36202.637,331351.94,640256.1,21214.498,5702.1187,38399.516,12678.182,18801.738,1884827.8,32226.492,217389.52,465482.0,33495.434,53948.49,5932.6543,83184.305,84694.92,29220.291,14734.95,2102.0422,3660.6963,2702.2673,139461.17,106013.28,8665.52,46219.36,5531.7837,8575.619,6512.7935,8955.048,888208.9,2288.7742,24755.309,20130.285,15869.606,19075.102,87556.305,2417.1777,3048.3948,5431.6924,4035.4065,4138.9253,3291.5376,6254615.5,80507.016,752453.25,3228.3376,18564.842,1616.1569,305231.47,13834.977,1465186.1,94715.72,23128.682,9348.186,2784.0156,253116.1,11437.617
bronchi_349,bronchi,128154.016,190609.36,252298.38,11112.29,425601.38,7742.72,21824.207,40657.867,7510.0776,25717.709,28345.43,556840.94,24488.926,10358.457,720428.06,82905.76,169259.48,15597.725,3955.1504,7097.803,94724.21,753319.94,206776.17,7563.431,4339.467,30775.744,14240.184,17659.928,3296104.5,10001.472,36630.44,258659.36,27756.338,13696.311,3414.02,440317.9,47118.074,13779.209,10613.585,3048.5227,8826.639,23079.545,144676.61,127703.21,45849.83,59283.984,5323.8057,14014.128,8384.32,20906.967,398663.28,11575.797,73200.74,6271.8086,27575.521,10942.145,68623.7,6394.6743,3566.0864,5258.599,7905.21,2136.445,6655.661,6812209.0,975460.2,41131.65,12067.195,21555.047,2679.2485,27969.293,13655.173,647085.75,159984.38,16058.385,11205.5,7893.3887,115419.336,19863.537
bronchi_350,bronchi,181275.28,55213.223,124122.055,3820.7168,124424.27,4818.3315,11496.14,17513.031,718.8267,17660.18,13315.682,112585.74,10820.926,5182.9907,447869.97,98059.086,64344.51,8053.138,3542.5286,2846.1924,44417.03,338556.94,61110.793,6560.245,4301.145,22124.965,8837.261,18878.445,1110872.5,5676.407,32595.0,149446.94,30587.508,10921.573,1340.7024,30449.982,33517.13,5759.08,4408.2314,1239.7683,5169.477,967.7334,145673.17,93078.99,3245.8408,25215.623,3298.9124,2339.5496,3727.725,7279.3335,279160.56,2638.8909,38137.69,6775.788,15517.837,7006.4604,17720.479,1688.2617,2260.307,7748.631,5612.6826,12676.271,1175.735,3824087.8,23744.938,11446.086,3900.7903,45690.375,694.07263,74427.28,10403.734,238337.64,40434.25,40318.574,8478.917,1768.7809,65597.47,8924.905
bronchi_351,bronchi,315324.22,151964.38,414528.47,12815.106,512679.7,16827.197,6533.4873,22187.406,71750.6,50991.395,30517.139,608276.25,115067.97,17538.271,1227031.5,73778.945,218890.48,8680.0625,6182.2188,13550.14,50134.707,322339.88,622940.5,13070.324,5662.644,81192.555,31973.227,35024.242,3689156.8,20356.266,58128.992,364963.44,32727.479,21789.352,5949.1494,296818.0,64290.84,32864.223,7882.81,5345.7886,6173.068,12531.911,144043.45,122087.51,33216.86,77562.85,11169.126,9276.703,7915.2593,41143.066,639993.0,21588.623,69261.01,5419.417,23742.219,11392.001,100147.56,11296.141,4453.119,8767.201,11060.985,5456.1084,14163.669,7150383.5,1018808.7,95914.87,14085.656,5425.7065,8856.871,82597.74,13858.748,996882.7,217862.31,9428.1455,6619.947,14579.697,113482.625,25640.467
bronchi_352,bronchi,202228.66,177244.14,144017.9,6093.3037,234718.86,14932.802,16850.033,32596.338,2315.7686,26404.404,35498.062,502303.94,14138.956,6874.208,1066714.1,87214.2,152641.95,7646.7246,2836.6426,3470.476,95198.04,510715.03,197607.33,7016.96,3119.2686,28852.295,11189.545,24123.918,2664177.5,4905.9663,67640.75,308135.75,32987.38,25967.697,1463.9802,235671.9,50475.383,7419.549,4797.5107,1136.5679,14303.273,3927.6777,187900.64,115637.93,43498.297,40605.324,3438.2976,5659.275,7362.1035,10044.566,379262.44,4021.1353,84871.03,4145.8877,42901.734,6698.919,66483.99,1762.0308,3268.4988,8308.376,10361.658,6545.8066,3167.6077,6474357.5,836188.06,99136.11,10013.26,38402.445,1178.9602,91695.11,10673.682,411922.4,102989.375,24583.37,26103.27,8258.483,68383.29,11360.286
bronchi_353,bronchi,4417.7363,218848.33,436862.16,5903.549,756993.5,3061.5679,211535.67,79838.46,1884.9792,54445.87,37939.18,500227.78,14958.1455,33547.19,297978.56,90626.38,1664.9525,21369.293,52416.703,8551.394,41695.367,163172.64,5266.3945,29062.486,9260.164,39198.184,15869.879,45057.777,4083789.2,125292.805,79544.414,417868.53,3784.8801,32222.283,20667.027,195009.94,95696.86,28892.111,9119.922,287879.6,16918.44,43590.074,122379.055,226411.62,57000.688,98855.05,21083.412,14859.848,15679.967,62146.613,1105229.6,34729.344,30678.658,16044.453,9166.743,13131.124,33.78723,28879.385,13608.68,5959.6167,2559.8083,16839.35,37972.664,2080.3984,3629825.2,99125.71,16367.258,22998.531,14047.556,43333.17,19627.22,14342.93,156504.28,18010.455,5005.3154,13744.0205,6295.867,20297.312
bronchi_354,bronchi,8434.16,179057.11,247219.86,3054.0942,533146.8,36749.76,800828.9,73248.016,29150.898,91000.61,53245.715,1007041.0,4046.7515,10075.154,950789.44,203654.86,4811.025,7871.9834,34174.14,7231.9146,139817.53,186097.48,1160.9979,15791.354,4195.198,74807.85,19661.844,88106.21,4827332.5,94354.46,164630.22,473516.22,3887.1914,29116.418,11732.296,823822.6,69179.15,3789.7104,4147.838,51369.477,16906.793,21857.723,111258.05,170204.31,199384.67,76956.68,18049.887,3788.4526,10004.353,38899.773,921328.44,33242.02,161664.89,5396.097,35693.84,5344.575,33.182766,24955.066,7514.7065,13981.606,9816.008,7187.4434,35415.55,3839.2659,480858.84,254315.75,16710.162,21275.547,12380.832,19319.855,9921.976,10631.314,50436.02,21093.025,9167.076,24729.115,9112.288,47405.645
bronchi_355,bronchi,231574.92,42159.44,194537.58,7469.1167,183313.84,4597.608,17439.56,13575.61,3587.5518,40106.266,17036.98,459364.06,24645.72,46826.715,647740.9,130584.1,56693.67,16012.946,12161.905,4542.0347,34952.4,223519.38,268446.1,20509.336,7855.5576,43480.254,16285.914,21097.572,2633935.0,26273.33,196481.52,462406.53,37167.688,67995.05,7867.405,35461.348,90521.0,20207.69,14508.897,2182.114,7503.791,899.55646,112352.88,145062.22,4454.755,42794.426,5045.466,4066.9404,6207.5854,9213.349,648502.4,1678.2157,19705.152,14187.314,18214.916,14599.749,16574.676,1944.8708,3187.0005,10563.121,5862.5967,13348.2705,3122.201,5424742.5,357696.6,499033.72,3872.162,60477.15,882.4397,461706.75,17663.768,1470488.8,188576.89,49160.59,17473.574,1378.7422,146642.89,10079.057
bronchi_356,bronchi,123492.016,68915.82,123368.77,7229.3145,202794.16,5934.7935,9804.424,15654.953,1124.057,18242.35,14693.2705,253362.92,10975.947,12489.017,706166.3,41177.22,27699.219,14379.24,6223.1714,4096.977,60170.918,453005.0,44548.543,8600.545,5090.894,22562.027,7998.97,12257.861,2210282.0,13665.27,35995.52,197252.78,30674.416,11931.625,2793.8562,59690.64,37298.61,7976.9824,9453.214,11586.346,4110.7686,14981.488,131521.22,140860.27,9175.684,26875.793,5227.123,14208.588,5120.187,7827.8315,307619.6,4755.7114,17748.455,5993.6675,14827.796,9675.531,11100.765,2872.916,3374.4624,4839.3906,2960.2385,2033.7123,2559.231,1523825.8,49496.06,41417.78,4287.6636,44571.023,896.13403,40705.242,14298.322,616644.94,118322.664,27787.168,6744.535,3005.3757,47381.73,10378.571
bronchi_357,bronchi,132724.4,262682.06,263168.75,12864.96,557455.2,15970.044,219889.12,65954.02,5312.8535,54584.582,39398.92,1127801.4,107957.0,12417.988,1227079.4,104770.88,25068.78,16864.326,10847.813,7401.786,116221.24,749263.2,45154.48,15303.503,4897.714,88750.59,35365.23,60581.75,6204332.0,75182.414,42384.355,352825.66,32459.158,15141.554,8924.42,623310.1,60035.242,50216.727,8537.613,2825.9207,5070.709,41070.11,194575.23,202894.55,22623.285,97686.38,18633.648,19188.34,7536.0317,46726.52,788395.1,21943.652,134872.78,16025.9795,21076.256,7708.758,41951.6,13608.836,6417.533,12688.21,7673.963,12951.149,17528.338,8017303.5,901342.1,141395.27,14508.095,15803.12,10981.999,25672.545,16152.573,1114865.1,419880.25,15359.492,16942.11,11871.295,57783.156,21264.55
bronchi_358,bronchi,297563.7,95825.91,288702.47,7314.0547,759967.9,4436.372,4944.056,9566.336,274574.78,60035.527,22710.88,789580.2,11312.281,56966.613,1392797.8,155059.92,45815.69,6104.5137,6373.259,5451.5356,26491.629,107381.47,213086.42,11739.985,3433.548,30991.404,9525.074,12228.33,3282283.5,47867.535,196464.1,442960.38,31696.186,85575.195,3527.8284,170804.17,95751.18,22409.467,4032.3206,6283.3647,10847.9375,5013.08,106969.25,66005.305,10010.48,27522.553,5875.3657,2050.0159,1873.2941,13098.977,1207896.4,13444.466,24452.846,8961.328,9043.55,9554.883,35927.375,3444.8967,4318.8643,4175.3164,3668.583,7328.1533,1611.3861,1304059.8,584653.94,1027527.1,7569.5654,3006.2188,5351.916,411270.0,14821.787,301801.47,216247.3,4948.4062,12128.07,1704.5563,120248.125,8858.239
bronchi_359,bronchi,429496.53,186965.6,524211.28,9057.275,519793.12,25017.62,30297.324,15774.72,319753.94,88033.39,37618.09,989639.1,32385.227,46089.773,1674411.1,244671.7,234902.03,9257.276,10423.102,7224.1104,88418.33,375065.25,276124.34,13553.514,5166.253,54121.895,14833.383,76808.055,5855641.5,40255.215,175428.44,526458.75,38051.44,61331.902,4282.3906,663943.9,83352.66,16848.41,9249.438,5292.6567,12111.46,1399.1173,102636.98,191058.16,31470.127,54489.816,6237.9097,3819.5508,5165.381,21283.219,1013616.06,8993.377,203243.14,4957.496,33137.22,11839.194,49511.402,4165.5103,4036.1958,7406.567,13946.912,10112.325,8005.557,6844430.5,79629.42,708021.44,13220.307,14786.855,2428.8926,355928.47,17283.617,915957.2,177811.31,20356.227,34295.566,10782.704,147176.14,23624.81
bronchi_360,bronchi,256767.14,28967.322,67549.85,1354.3757,214667.19,10102.8,1188223.0,30743.27,1389.0061,19344.855,7969.218,278338.34,93534.16,28079.57,91368.28,195146.31,162937.83,12159.354,3293.1897,3079.4272,118397.836,923308.44,15731.886,8527.969,4294.3477,93058.05,31905.057,17262.959,900281.2,4893.1284,16167.955,82673.63,31292.742,9999.401,1528.9695,308714.34,28023.549,14593.024,5463.201,2167.4138,1503.6666,4509.054,80173.49,69533.35,6988.8,69490.06,12318.418,13202.275,2588.5652,10891.3545,611625.6,6301.1777,76922.77,2593.2012,5578.758,12278.514,5905.8696,5678.774,2225.3313,14676.198,2136.9487,6541.7935,926.0641,8281256.0,4716393.5,97399.22,2218.5378,4296.4126,6836.6685,91092.13,5100.2114,1237104.6,137715.38,6643.433,9494.726,2731.6816,76917.94,10874.653
bronchi_361,bronchi,416969.66,458973.47,97742.58,3526.116,400176.7,40879.84,1911902.1,29563.84,8694.803,17186.027,36795.703,247905.25,259284.95,9496.944,1155716.4,264474.3,447436.66,5183.426,3763.5376,13107.737,128958.16,1118134.0,439514.06,11942.19,5079.1123,183349.5,43660.01,13365.876,1276282.0,59385.67,59382.387,252073.5,50157.28,10826.583,2789.8782,669989.0,37364.867,9230.94,5551.585,102709.734,958.5346,2020.5146,176656.88,150570.67,52718.805,120311.22,27516.832,26670.451,4532.928,20198.402,736763.9,24565.604,36478.41,529.02844,13846.765,8576.118,102095.164,9009.964,4644.521,28729.887,2994.1035,10585.45,10957.413,8313081.5,5082377.5,20052.91,4719.41,11412.707,15623.303,45621.402,5842.5,2024521.6,16727.398,13429.14,78431.44,10986.253,67711.81,46496.918
bronchi_362,bronchi,45436.258,235311.0,264950.2,8269.984,415455.75,4959.3877,7313.9434,45747.625,6757.4136,46436.383,33994.836,428187.38,5265.189,37306.543,1306655.4,183783.14,11805.998,13344.681,11283.306,8932.442,85454.26,790669.06,73520.54,16548.297,3855.0461,51889.234,15312.292,30438.34,2751808.5,23328.016,144190.8,381805.3,31849.025,49277.42,4916.4927,238410.39,77078.016,9302.779,6324.197,7042.6875,12266.937,27566.291,127859.93,200355.45,52384.52,73278.69,9690.409,22553.98,8047.111,21105.723,1051681.6,10701.632,47426.625,2558.8953,36876.926,7945.197,7441.697,6675.7393,3895.142,8361.6875,8627.222,2702.1821,13524.215,2170141.5,300285.88,325417.2,5849.6377,24529.246,6779.848,307492.0,16754.477,755205.25,182466.34,14949.032,18980.555,13897.557,66373.26,24120.445
bronchi_363,bronchi,118013.43,72034.31,93742.58,5510.434,204433.81,4081.5886,2610.6233,12805.039,1006.8139,21113.273,13117.142,200649.55,20913.229,26421.56,465260.1,143281.14,108837.25,18396.186,6553.8784,5472.5474,35884.535,496012.75,512755.97,11979.699,6282.376,31017.455,10906.323,10919.906,1120797.6,9637.218,70404.34,294226.28,30528.666,18806.723,7020.984,27111.453,47124.5,8455.465,16168.125,6347.966,3235.003,1643.3256,122254.0,120823.81,6494.884,53865.254,5671.8877,8642.779,5578.5396,8495.617,456041.44,3117.1238,16680.975,18144.557,9574.733,17371.086,72765.375,2565.3423,2552.2317,4759.814,2520.078,5738.7036,4914.8423,5680995.0,45074.41,120524.59,2894.6611,23034.377,869.73956,105563.625,14124.831,1473207.6,161689.56,27294.303,6379.0547,3934.7542,202724.53,11389.524
bronchi_364,bronchi,452786.47,504944.12,749754.94,13947.138,925893.75,41197.723,164169.89,18435.264,4113248.5,78574.51,54183.094,415960.8,48256.82,54419.24,2154609.0,382802.12,159755.22,6177.462,14655.287,22461.035,45973.7,685758.3,374876.06,20028.98,4581.589,152385.95,28571.406,90591.65,4328485.0,85538.56,175596.48,556319.2,43066.69,92531.23,7739.029,1013422.75,117620.84,60478.36,5001.631,235189.4,17654.453,27906.918,70777.11,216735.38,269849.62,124407.06,16206.629,12500.087,2554.5752,30572.166,1448874.6,40930.008,227607.31,412.4238,20210.85,6731.6553,28243.348,21363.1,2525.4114,24014.857,31272.246,425.28964,28145.47,7699085.0,1321389.8,1097493.9,14131.986,21589.9,13302.684,787253.9,17696.041,1789046.5,688687.94,7884.765,18519.057,18877.436,275967.2,78093.4
bronchi_365,bronchi,151535.84,34675.23,64895.58,4169.223,83453.03,4237.796,1409.9197,14474.041,1380.471,19772.736,12017.383,495079.38,22641.914,33436.258,845441.5,143996.34,36245.37,15188.994,4875.652,2891.7712,18825.477,606036.0,209337.55,8344.065,5119.3374,27394.732,11057.072,12926.432,997617.9,21337.463,125140.664,403180.34,38770.59,41084.645,1995.9832,22565.6,58523.094,20936.098,5928.649,1367.3973,2945.8286,2786.2595,186211.64,108353.805,3238.6714,43220.54,4753.6255,6180.226,2986.5352,7043.084,613817.5,1775.0807,13971.715,12796.932,10815.839,12500.742,38084.188,1561.0049,2160.9868,6994.248,5018.2373,9231.028,999.219,5598271.5,18639.656,241016.28,2342.0286,32448.203,1318.2986,402215.22,12201.523,1469179.5,81532.11,30717.596,5518.0293,1452.8909,160691.12,9712.033
bronchi_366,bronchi,297724.06,110297.51,438774.03,12863.438,248346.1,7937.8574,7427.5923,9879.096,75088.69,40043.13,22383.623,723200.8,43078.07,21017.943,1349481.2,156350.77,121289.42,10657.619,11478.555,5255.485,72008.14,273653.8,285855.66,11026.121,4298.3022,39624.49,12301.6045,22101.07,3812639.0,40242.51,134626.95,416514.6,35978.703,36635.195,4395.7646,256924.4,69588.875,22538.025,11165.835,3749.022,6463.4155,5427.622,173754.08,130665.82,9589.273,51205.863,5491.288,5498.72,5446.494,10870.392,558701.1,3235.0986,49663.54,11844.4,16535.014,8926.089,49044.125,2538.7415,3205.2456,7723.0938,5207.2524,3675.2766,12600.85,6405633.0,40969.062,409437.34,9414.774,28087.63,1210.0605,216556.66,15177.12,1110930.8,208560.78,28593.785,13999.486,9049.098,114321.22,13878.417
bronchi_367,bronchi,7589.4897,67228.0,62664.516,1150.413,343534.44,8134.993,1278.875,108519.37,880.2002,43399.26,30296.688,35843.082,18424.314,33023.26,56286.01,266180.78,2193.8962,16128.883,5458.331,5972.1074,112279.94,1136517.9,1723.8925,25284.447,6603.84,59310.34,14753.962,58592.12,1124535.4,5094.2896,114019.07,170042.39,12178.26,25785.592,3592.37,98066.57,69459.516,5940.6836,9069.576,2546.2136,19838.678,35839.8,245275.62,251704.05,27230.42,70275.28,19736.506,44498.945,7464.1743,21259.035,1020723.6,20375.494,34590.51,512.0949,41242.066,10490.751,30.81904,17898.52,15448.477,6614.367,4263.503,7969.1646,5483.5728,5651.054,11898.17,129302.11,3478.57,65320.914,6975.2876,570168.44,16793.705,11486.889,9748.663,31872.91,23221.49,6241.32,3717.1787,45379.14
bronchi_368,bronchi,14601.921,426764.2,174276.84,4979.6523,404991.94,5834.074,222892.06,76992.87,1810.3423,34007.97,41977.492,405625.84,112043.01,9401.226,260598.08,241839.86,16677.586,12730.235,11754.214,12488.194,111092.33,972909.9,233916.17,12715.092,3713.181,64049.41,23740.793,30908.166,3370320.0,73345.81,73585.84,373893.5,24195.348,38836.723,9823.706,314825.4,66557.586,6364.4263,5211.342,16411.729,9248.248,30102.48,126351.51,206084.97,74867.45,117034.97,13350.346,34958.035,11280.271,34505.438,856833.7,25415.799,67643.98,1213.9492,24263.262,6236.648,6697.6284,18393.203,6112.059,11555.522,3654.8345,6186.885,37993.855,5760544.0,5507191.0,218762.77,9840.248,26100.158,11209.006,275657.06,12709.672,94338.445,156664.36,16102.446,20130.574,21271.348,14427.457,37135.305
bronchi_369,bronchi,157033.98,57381.832,132063.44,6619.631,262655.5,10747.579,754.51196,9720.994,583230.56,26519.283,12518.066,480833.62,164717.84,20641.576,853590.9,177637.58,115098.26,7070.3774,2750.6426,6670.6094,23863.557,157568.33,647264.75,6777.753,5126.9556,62627.89,24605.723,33643.406,3279345.5,47586.01,44048.383,303356.22,19299.836,11851.102,2957.014,558149.94,41935.72,18771.047,10575.793,1312.0858,1680.6581,5429.336,114556.95,75868.11,10531.394,85604.83,10119.783,2441.1846,4069.6492,26651.889,525521.75,11854.165,61310.79,11548.471,9724.463,18338.465,100543.27,3817.8313,2336.8447,6442.083,3747.6133,3478.026,5262.3926,7395168.5,1495.8164,185112.44,5745.5386,4187.6934,3409.753,65968.87,9175.465,1538674.1,158750.86,12102.049,3151.5784,10525.589,273972.9,19376.652
bronchi_370,bronchi,188639.66,90219.18,352522.28,10833.359,466054.12,4498.8076,3313.4016,16195.998,17779.307,34384.547,22454.096,701991.9,9726.28,33406.137,1215535.9,112740.46,70047.71,11966.327,7958.5684,4462.474,70772.24,420036.44,224753.17,10512.136,3480.4456,34071.145,11133.443,22150.385,3099990.5,23793.45,113161.0,394969.03,35607.785,50441.984,3597.3733,261012.7,72663.71,14047.488,8514.786,3102.794,8157.7983,15870.5,126729.35,122189.08,17627.55,37449.203,5382.7363,15570.881,6666.1763,10813.756,584503.44,2992.45,60929.46,6418.684,15997.819,9055.858,36422.754,2755.6028,3796.0315,6220.7793,5025.202,1537.4248,4522.6533,4937080.0,292646.0,517698.53,7799.0728,21316.309,2511.6074,290836.12,14956.99,847303.6,233242.78,18452.838,11462.888,6294.9844,120874.87,12395.447
bronchi_371,bronchi,371816.53,105249.88,367378.22,9809.568,430151.16,11699.734,10648.637,11198.908,81407.8,41865.23,20441.555,824920.94,42209.688,15559.747,1304595.9,127341.89,121758.21,7480.973,5592.6743,5119.811,52352.156,206244.42,278680.2,7489.398,3488.4497,46069.25,15623.794,26205.338,4349340.0,37208.938,76873.49,416808.22,31776.877,27965.266,2367.269,425097.97,63906.27,16289.083,5616.0137,2861.7637,4353.7173,4838.934,167878.72,128308.71,12521.564,35691.25,6695.176,3068.6177,3485.3994,16734.596,475327.38,8207.185,74335.914,11604.438,15198.123,9437.16,71464.19,3104.2803,3025.2183,6780.417,5567.3716,3248.4646,4020.6096,6318585.5,111929.48,225344.89,12523.786,9785.73,1882.4476,143069.64,13179.692,804886.1,276253.4,12121.502,11082.041,6869.102,103961.79,12685.052
bronchi_372,bronchi,4191.0063,245690.47,213255.77,6235.114,542190.7,3425.0264,105198.805,59333.42,2187.7634,23680.168,31033.078,399206.6,41254.97,9527.555,223534.73,103544.625,4072.1267,14071.074,16513.785,12429.577,106820.01,624123.25,6846.529,14728.473,3596.3577,33990.785,10184.356,20481.541,4174585.8,92079.984,89558.586,274182.03,7397.001,22573.822,11894.1875,516705.12,56673.348,4590.3555,8023.8423,70663.125,16118.456,45478.223,116661.55,203424.25,62015.117,100287.2,13416.76,38826.65,16594.004,26751.154,519160.0,27785.021,35795.87,5314.4756,20274.676,7373.537,83.13873,14617.318,8728.279,4845.696,3072.763,3445.0544,43115.76,17083.89,2774237.8,79600.72,10039.538,25342.145,7793.4507,48792.758,14076.6045,5762.102,19896.47,12054.771,13765.509,19143.902,10826.139,27847.523
bronchi_373,bronchi,151627.64,12322.742,112171.625,4189.9233,243873.83,6453.1406,5612.5327,7719.132,87847.37,30338.062,10745.191,376836.78,7241.5986,24417.05,1327034.8,96541.94,12501.136,4571.9146,4355.894,3327.383,24792.309,152864.11,6759.715,7088.6157,3285.11,19122.041,7367.0557,9634.103,1586056.6,47335.348,45469.465,272466.34,22153.258,49728.992,1147.946,129634.25,61945.07,7628.1562,3031.149,10105.701,1966.6659,25986.648,105682.79,51364.63,2651.739,23380.246,3646.1633,1985.8789,1537.7711,6969.681,658050.5,8020.292,13995.455,1670.0619,6680.6826,6364.7603,4848.942,1797.0452,3996.695,3999.647,3442.8992,5605.4277,1088.8704,131604.02,7724.8916,488563.12,4387.269,3167.4355,3120.596,223200.28,10570.276,85669.68,8446.533,4913.052,5396.8228,4363.234,36709.445,8708.206
bronchi_374,bronchi,263232.0,200005.33,360510.28,8171.356,563261.4,3744.958,3613.966,48996.348,56969.656,83873.516,31081.357,513055.3,5046.313,69794.25,1309155.0,300229.16,45813.99,19830.922,16089.766,6270.7256,65625.25,564462.7,369430.72,28198.32,5158.857,41142.715,12945.481,35798.703,3361441.2,23851.064,242528.14,492180.4,44957.035,85855.914,8696.42,169669.5,104231.52,47784.11,16532.98,4776.055,28416.266,26763.453,129451.16,233561.3,54435.85,79113.94,8925.629,38656.54,4514.0376,16539.936,1351681.1,5735.141,78130.35,7398.285,34647.4,15457.924,7059.2993,5845.672,5437.924,6096.4897,7216.7417,2709.6675,9401.028,5664505.5,1245987.1,897597.0,9256.993,51871.523,6030.5347,741087.9,20995.244,1586599.8,433560.44,27165.08,26426.398,5790.869,237804.77,26573.463
bronchi_375,bronchi,108983.7,251252.2,146339.03,2945.0278,467978.16,16783.553,14417.154,59373.156,6099.7354,54962.727,40745.79,384877.7,106895.42,18834.295,808817.4,204537.77,235255.14,11109.726,3346.1062,8605.107,134317.11,1103876.0,370711.84,13796.672,3898.402,39886.477,16729.361,64181.793,2723011.2,10983.634,117262.44,406382.44,43230.926,42657.676,1766.9252,567012.5,81760.875,8216.41,6795.5093,1154.4852,21286.201,2535.3467,272124.1,159941.66,53391.957,89705.52,6335.1187,25107.373,9842.031,13626.798,770418.44,5166.5835,260426.4,838.6879,40902.383,7119.663,73889.78,2752.3003,3089.526,8114.1636,13260.488,9445.499,5148.199,7709724.5,1393321.2,462166.25,10384.75,31749.553,6019.73,424872.22,11784.837,424028.62,45667.938,33860.395,52039.992,15532.584,75969.91,29950.307
bronchi_376,bronchi,389554.53,226179.62,382658.3,9565.853,567089.3,29428.166,2436.5867,9618.118,4180928.5,49999.1,35190.414,907230.56,217334.6,34465.543,1853117.9,112154.51,304539.75,4389.6343,3950.9797,13872.528,27040.621,40143.54,912407.06,7007.797,5334.1704,31167.44,11227.292,61927.47,6020445.5,113098.64,31519.268,305563.22,26022.238,33780.113,4469.746,869191.3,47869.36,23103.594,10273.487,4576.8843,3011.4717,10970.536,73047.32,131716.03,51465.688,73292.25,9704.598,1253.8555,2482.2766,59542.19,624295.3,36470.234,317026.03,19561.385,18078.83,18182.822,99487.4,5126.5693,3578.6135,3750.839,2223.731,9557.471,6693.828,7148951.5,48468.71,145591.78,15065.28,2700.422,8064.145,33262.285,6634.302,1460849.8,268060.3,7405.5356,2985.031,14396.1455,193778.03,29453.324
bronchi_377,bronchi,28048.764,291084.22,308077.0,2656.5945,646216.25,14224.574,106145.71,33262.855,13060.891,46385.395,45402.125,663437.5,22537.445,11984.591,1013224.7,86528.88,21998.027,10847.089,28351.73,10306.866,103174.29,163487.12,287988.6,11198.812,5443.1494,43427.0,12440.951,29049.934,4181638.2,70131.94,57826.76,445034.75,11194.637,43168.84,11004.4375,603378.56,82698.55,4610.33,4303.4185,60667.03,9432.994,16165.088,145442.73,123801.44,92022.13,85553.33,8018.1733,2348.3384,9300.446,39497.152,884163.2,25328.059,132802.4,7683.9385,15736.6875,6912.8496,29912.598,10333.669,4059.5374,7339.5903,5672.602,15096.104,37500.492,406340.2,2345815.8,86247.78,14008.608,8630.465,11303.254,20592.047,8453.037,40587.746,72750.59,11381.923,6421.3477,24496.004,11565.412,23017.775
bronchi_378,bronchi,366077.53,143902.44,574788.3,9696.659,961371.56,16463.447,82502.01,10996.987,277355.0,102429.97,40587.707,1001204.44,43112.594,39292.918,1468686.4,39430.836,168368.7,4057.7952,7866.9995,11440.945,35486.047,42517.633,499488.9,15832.81,5198.3047,48932.746,13452.906,37447.812,4718764.5,75844.96,105649.836,409833.1,24428.02,61120.816,5700.8896,322493.0,95774.65,28049.752,5304.22,54303.473,20274.367,1287.052,99439.4,112042.9,40532.625,27189.314,11000.03,1330.0796,2682.191,49693.766,978932.5,31123.121,138878.9,9666.437,15250.803,14451.723,76890.36,9284.413,5295.813,5235.521,5361.5576,17750.4,3509.1365,2388187.5,3771157.5,223390.67,19433.137,2997.1755,8453.344,130691.37,11045.268,116282.88,388668.38,5594.6484,7255.869,4066.339,34259.902,12371.767
bronchi_379,bronchi,223770.84,155726.2,318719.72,7214.505,504985.53,10422.873,325742.56,33384.227,2303.7385,39935.996,29230.102,994869.25,3624.8557,12322.437,549736.7,110167.57,284052.56,10545.605,10981.832,4979.334,117867.55,629529.06,26640.988,10235.666,3648.8877,31491.475,14685.817,74748.305,3499545.2,16564.514,64270.977,363481.28,41568.79,28521.502,2554.5862,372239.44,51421.973,13792.055,7461.398,1775.2196,21980.852,1556.9219,150164.4,162298.4,16281.736,33127.58,8205.134,6320.88,6169.3003,12685.621,429173.47,4184.886,117507.6,4010.4321,25563.504,8344.336,318.34076,3233.4634,2767.5178,6752.7163,7139.261,18638.697,2935.0164,6437036.0,1338014.4,219896.89,10278.133,27741.148,2214.1626,122618.664,9616.183,1029110.0,242885.28,28822.73,31081.445,5512.7,106648.49,12007.3125
bronchi_380,bronchi,14394.21,244594.25,177041.23,8297.289,368866.38,6391.321,17371.07,70934.28,1352.6293,32124.34,34929.574,542689.9,36483.906,11031.8545,434921.25,139995.52,5832.361,15218.372,4577.247,7166.0522,109682.41,704249.56,8262.675,15230.162,4420.333,44035.32,14853.585,27637.684,3057922.5,9427.301,68864.44,268915.78,14625.992,15493.141,4367.66,316155.88,49272.77,4996.481,6997.878,4070.6975,11251.1,51074.812,157470.39,182036.69,35908.395,67406.28,11527.441,26676.354,7687.2373,25584.285,541033.1,18783.205,34443.953,3954.826,32072.115,9736.639,420.07178,11138.553,6811.031,7467.179,6463.36,1883.931,7060.565,169859.25,1050768.4,60944.684,8186.7944,39586.34,2975.9976,86959.64,17139.215,58646.85,133472.81,18307.85,11603.642,9665.339,22392.654,19990.756
bronchi_381,bronchi,215344.86,45220.2,136542.83,6381.045,152360.39,3722.846,4556.9717,14028.195,2690.2148,23824.035,14924.672,273224.06,11854.437,27443.266,623271.5,170395.8,32721.922,15939.397,8625.972,3282.4412,27900.611,313404.6,205454.27,9028.898,5191.283,32466.713,11886.125,12763.156,1821898.1,12668.657,133190.14,307254.56,37887.87,35293.426,3403.848,23421.176,59716.152,14643.1875,8890.226,1511.7606,6150.3286,2863.4363,135148.72,101320.94,4974.6865,39841.58,4893.1606,4578.068,3032.3955,8393.826,498163.06,2142.4597,18751.828,14061.992,13246.786,11964.798,9262.469,2101.7083,2471.5493,8418.079,5578.2686,8311.61,1935.8922,3968372.0,236449.27,240787.69,3054.945,44106.055,945.2313,387206.66,14952.696,1088511.8,158016.17,40674.62,7134.238,1182.262,116404.375,9339.237
bronchi_382,bronchi,183679.23,178635.66,168146.14,6859.942,245769.69,26318.473,453177.84,43076.348,6498.9614,39853.586,32020.861,691050.44,21070.205,8933.081,573525.06,98582.68,368277.97,11442.418,4378.2725,5904.326,123146.836,1068601.9,55437.625,9213.727,3770.3542,43674.88,16148.707,52873.28,3358794.2,15230.729,28660.84,314210.53,35636.492,19309.889,1610.6335,698524.56,49710.832,8786.698,6997.2305,1143.2861,4308.775,10322.252,205172.5,121796.42,56713.844,80003.7,5978.7134,25047.08,12724.761,11835.954,473507.66,5717.395,234166.61,1042.3679,29830.691,6423.4917,32055.664,3174.8623,3275.4187,12794.32,12508.101,2999.0432,5849.643,7722609.5,372003.8,136936.12,9490.959,39390.957,2070.2847,52730.824,9947.54,232288.69,30516.15,27669.438,23125.484,13781.417,49588.43,30857.271
bronchi_383,bronchi,335154.25,107648.164,164708.73,9578.908,251520.0,7704.083,37608.906,18310.73,8888.937,29332.227,20661.766,679359.6,27675.084,14967.407,1072519.4,85510.83,110516.414,11197.541,3341.4873,2893.9956,58881.277,343982.9,142718.86,7607.8984,3572.467,29596.932,9636.491,19311.97,3153367.0,17122.467,75644.29,382078.5,41675.49,28232.2,1699.6333,155749.23,52791.91,16433.94,7143.8457,1714.6715,9775.096,3351.0479,139688.92,114415.234,10191.79,14639.432,3722.615,4055.2798,3842.5303,8601.292,316266.84,2311.3992,52534.31,9767.938,19463.277,8262.612,38383.223,1647.0227,3656.7002,6748.621,8574.843,5443.4976,1216.6896,5944951.0,270124.1,122952.74,9680.257,38747.746,846.95605,194220.95,15144.023,806712.0,319580.78,29066.645,19836.88,2629.4792,66001.22,9050.928
bronchi_384,bronchi,186735.89,65744.02,109933.0,8081.4697,265470.44,6233.805,808.2261,7914.4443,2278331.0,18938.586,14834.896,253856.55,147069.08,53041.312,495428.4,248384.7,147637.66,8125.5405,9202.361,10859.812,7697.01,61113.996,797647.4,7758.0005,7484.542,43354.5,17586.209,13863.494,3095535.5,35594.168,45071.355,219758.11,24588.152,14390.723,9830.812,398356.22,41919.363,111799.11,20271.234,4279.9893,1584.6718,25455.945,87094.84,62475.95,34031.46,102341.8,14536.142,1671.8174,3065.0981,35539.016,827255.25,29325.96,27727.104,23592.703,14853.698,27301.957,89218.445,7525.3438,2648.7441,4363.875,2296.8682,6967.4277,6688.2886,6910135.0,3625.9382,218020.89,3657.7327,3457.4104,4776.1597,67297.92,7596.841,1802141.2,215580.34,7321.3345,2680.16,4420.5815,324945.2,26894.844
bronchi_385,bronchi,120052.305,58654.793,121899.61,5602.0815,246816.33,5875.371,1213.6167,10304.448,27306.307,18153.367,10574.713,322612.03,49845.56,8704.254,779177.3,87061.3,48355.777,6425.232,3574.0862,6592.864,22703.994,136476.69,400247.28,6823.236,4688.62,37983.64,12173.638,12977.536,1597813.4,25354.305,19560.414,213142.31,17675.395,12161.047,2300.321,212842.1,45207.91,11382.074,5165.1987,6829.6494,1260.3693,5081.7295,119389.29,64922.137,2726.788,28549.287,5774.454,2251.0806,3157.1694,17456.252,383893.03,14964.838,25440.607,13017.638,8782.006,12421.578,89497.7,4398.91,2037.1138,4294.274,2669.0718,4648.0444,3926.9622,4399593.0,12967.935,31410.549,4935.3486,3920.6252,2502.4563,32389.459,8856.212,544124.4,66378.06,6457.66,4261.3276,7345.7676,113471.695,12111.9795
bronchi_386,bronchi,34898.64,91730.7,92118.984,6446.576,148542.94,3940.3245,13761.623,18523.49,434.0477,13335.584,19470.424,163800.66,3981.6602,5347.732,266607.1,22913.672,16939.152,8521.204,4333.824,3902.8672,57458.332,235436.7,32676.268,7517.266,5195.717,25291.633,8764.342,10708.912,1268345.4,5783.3286,28892.938,149492.12,20543.654,9131.289,3063.2126,67206.46,32440.9,4063.0278,5786.982,5532.8604,4507.6006,6287.4775,144664.75,84168.875,4780.212,26513.34,4802.7534,3811.2961,4738.708,11002.653,296527.12,8002.198,20784.361,7279.2085,17617.668,7914.301,5245.819,3091.0117,2594.316,5763.575,6390.534,7597.2466,4910.7324,320243.44,535073.25,10093.728,4806.039,16261.764,1134.5361,18616.277,11637.112,51269.438,62022.215,21344.545,8109.707,3229.5483,36771.78,9062.451
bronchi_387,bronchi,185008.48,380101.44,501389.8,17839.162,765484.44,12991.79,251324.58,73576.164,37958.473,84753.26,49944.203,1047745.4,55938.12,23947.229,1685282.4,147058.56,29841.39,20006.586,28078.283,20429.373,110097.836,813605.4,131071.445,21521.914,5284.5903,64455.92,27451.172,75153.09,6349416.5,81503.5,97189.33,516521.84,35053.348,29788.531,14293.469,554076.3,78047.91,45659.36,9155.856,22072.549,13933.63,46758.66,168484.52,243424.67,117762.375,106784.055,14818.493,22771.283,11234.8545,60250.387,953377.2,36603.098,91690.47,11014.339,41576.324,9782.558,16893.496,24826.9,4578.356,8167.6704,8012.1646,11120.369,26631.562,5522311.5,975439.7,209838.03,19764.742,19555.863,14953.638,92732.38,20897.676,1148180.1,568078.8,19757.787,15171.953,15887.431,144040.44,44840.48
bronchi_388,bronchi,409832.3,320868.6,408058.6,12369.2295,856097.75,31020.56,137031.23,53701.73,16600.271,65041.12,47155.656,746367.7,132074.89,18712.365,1433850.5,129212.984,316671.28,14582.799,5417.381,21210.35,78131.39,924088.0,714343.94,14037.712,6401.1494,78503.5,33204.82,31031.035,4673223.5,39441.82,73403.68,434040.34,39753.41,35708.855,6716.8076,614584.8,76992.72,30780.998,6835.293,7944.6514,9708.171,11474.888,205299.92,174892.22,128710.336,112195.695,13522.873,10379.531,12593.5205,57975.746,851736.06,35299.117,80284.98,1812.6455,47003.492,8835.238,102611.14,21372.146,4530.8184,10279.172,23554.46,12047.737,15676.05,7941443.0,1929497.5,169961.66,18460.846,9280.703,14209.469,64758.637,16616.951,1010455.2,284592.16,14621.515,25497.033,20089.338,91937.57,51512.68
bronchi_389,bronchi,387552.44,151856.88,374668.06,8087.654,407555.72,18447.436,25751.973,22760.254,35956.543,52730.973,38160.246,923977.9,76329.25,25225.484,928205.7,231282.7,327620.28,14101.128,3174.4111,6492.0654,86292.78,636479.1,549995.7,11273.765,6344.5337,64176.285,23296.934,37532.297,3435479.5,8462.855,130119.164,471410.7,41250.33,42130.38,4084.6616,385311.03,71830.16,11024.471,9604.651,1762.8859,15284.541,906.39716,173240.98,183558.75,29627.234,83640.195,8229.94,7235.1504,5331.937,20757.994,795711.5,8021.1416,103419.586,1341.4197,35557.797,11010.926,97076.5,4531.562,3787.347,10980.513,13626.499,9101.101,7595.312,7855564.5,1240817.1,302386.3,13995.388,19701.77,3723.954,276156.22,14037.243,1161807.5,150272.28,25275.43,22492.182,10620.309,148659.44,27836.21
bronchi_390,bronchi,329206.3,177617.92,493064.12,6559.075,418224.12,28324.434,4168.468,9700.202,1197416.8,75165.49,37171.906,948265.7,170840.98,11741.038,1691842.9,109236.24,218320.72,3343.0496,2755.0076,12465.038,54895.254,51183.55,744148.06,8004.5415,3619.2756,60661.36,19087.113,45891.215,5291639.5,83884.96,50201.07,433473.2,25384.814,42783.895,2092.8066,776975.7,74262.44,4512.6855,4533.516,4512.0312,7055.9,2220.3813,88766.164,109875.56,30570.213,78371.55,9333.957,1440.9928,2808.6052,47108.773,580852.0,31960.666,281788.3,6115.068,14933.072,9569.21,102269.11,5797.269,3511.159,5366.526,3698.0906,10285.37,10491.322,6950212.5,160604.27,123809.11,17686.238,2897.6077,7192.2783,77225.02,7563.655,410487.88,209482.33,6869.1084,3696.4363,20886.896,78511.21,22310.201
bronchi_391,bronchi,4981.2485,12624.2705,157194.61,3888.7566,180625.39,6823.0664,4042.349,61942.0,541.11017,16294.506,15257.626,54910.75,2301.7688,5749.941,24492.943,60908.195,2598.3584,10730.699,4500.237,3951.986,77503.99,483660.2,781.5334,11357.058,9408.078,32068.934,12795.224,37656.926,835021.44,3452.5623,34838.05,99747.33,5029.1104,8502.361,2581.4502,100089.8,33216.605,5119.2153,8040.766,1942.2875,18698.234,25262.488,154888.78,175231.97,8138.905,63182.633,11317.536,10738.736,7094.6626,12738.895,364665.62,9333.912,35900.625,1178.7183,26325.426,7436.7227,27.082977,6180.1196,8522.18,10633.149,6201.7856,3087.711,5254.4927,1872.8884,20131.207,7883.2236,3459.073,74023.79,1293.5079,63856.496,13883.659,10908.945,4389.337,40549.016,6085.3467,3925.7974,3034.0247,20448.223
bronchi_392,bronchi,114189.586,212796.03,280127.6,7417.9355,723520.25,12200.488,385026.72,34988.254,30927.244,36133.41,25767.719,876261.6,10142.752,11561.773,566179.8,134050.55,102234.98,13545.851,14893.844,14745.578,124101.336,902288.2,4212.9595,10934.31,3689.2642,36980.965,14776.62,33387.316,5544480.5,52703.42,33307.902,288542.84,33441.555,13527.813,4360.3174,714508.8,41662.496,29559.217,11637.534,14219.623,6082.393,32060.77,118863.39,216484.6,52521.03,91255.336,13957.624,30361.71,5171.4595,29308.318,542867.94,19046.234,84821.02,14257.442,19051.176,10297.63,510.52902,9414.873,2606.2473,5655.875,2963.0696,5572.9233,7910.097,7576845.5,361242.66,78379.99,8002.7476,18018.445,6838.2534,53446.62,11148.798,1323493.4,302754.78,14182.796,17486.162,10559.776,125825.66,44969.297
bronchi_393,bronchi,434742.94,102367.96,535676.2,7468.5825,693901.4,19965.719,5447.362,16209.071,93695.66,62293.06,24881.49,884546.94,138492.7,23869.27,1196396.4,160411.55,253558.95,6765.133,2622.442,8786.891,38950.41,282722.9,613187.94,8627.0,5368.2256,97463.234,30929.898,69499.08,4127560.0,34727.984,76505.91,483093.66,31578.752,23581.5,3039.0884,541827.3,60538.895,11776.286,7260.5835,2302.229,12773.764,1927.7891,108585.73,170291.34,28182.592,92373.76,14675.26,3533.3755,4338.3867,33010.543,659817.56,15976.198,161175.81,3335.1467,21442.605,13885.249,101262.1,7195.311,6099.357,9415.564,6488.636,2797.6875,3765.9258,7843699.0,28135.596,221247.58,17087.508,8132.759,5791.2393,196887.05,13512.805,1104544.6,276256.6,12804.281,7139.629,10064.129,157897.17,24455.246
bronchi_394,bronchi,133803.4,142227.55,534534.1,10273.918,555272.3,7032.042,6833.3696,13124.4,369220.1,54311.19,30711.797,686215.6,1855.7523,36488.707,1390212.8,170296.38,21974.188,7863.331,22535.512,9321.439,55032.117,164504.19,107154.37,12833.783,3276.6282,51969.76,11531.422,24114.234,3323911.2,45760.453,125478.74,375701.03,23890.564,65059.24,5511.2334,446174.94,89516.14,20610.24,7234.771,28815.83,10191.576,23928.713,146490.95,136438.05,28982.965,44819.957,10451.692,4302.068,3513.1692,22460.67,1053859.2,14660.543,60825.246,5248.5117,15489.447,7779.6147,3369.049,5344.713,3900.2249,5896.357,4885.0557,4648.7764,23539.729,633016.0,448349.03,588346.06,10355.81,5206.3384,6243.4634,295733.0,12729.13,338174.53,216335.38,7491.791,10093.438,16166.167,98978.25,18323.729
bronchi_395,bronchi,61196.0,45959.758,28268.328,595.5428,178884.38,31336.822,505511.22,35603.438,5596.885,15018.326,8114.8447,83165.266,14754.693,21702.95,93647.24,280121.44,145682.77,7115.624,2244.1829,3199.5754,131606.9,1145919.0,1129.7024,9240.048,2447.0688,78836.39,20561.629,15335.91,559483.3,5960.6973,13258.933,88698.13,24551.855,9394.439,1078.286,568059.8,19949.33,8168.784,4048.1414,1747.9237,3380.1262,1834.8119,75667.16,110405.27,22933.02,66943.62,18355.105,11251.528,2479.3855,9276.278,592454.06,6042.9087,91497.6,2469.3538,8382.577,8105.4927,34.703476,6213.5327,1420.6914,7475.9443,2079.162,6342.803,849.08514,8206348.5,90592.25,183463.55,1680.6228,7216.666,5996.4233,293906.28,4915.5923,1320453.8,7414.7524,7869.176,33863.59,5075.4175,77791.24,21320.172
bronchi_396,bronchi,326240.94,166052.19,310247.9,7479.839,411738.6,27400.48,66912.15,11141.761,264248.66,45686.363,30136.375,825303.4,46539.55,6514.806,1811668.8,83234.14,150336.66,5632.424,5516.603,7508.8604,74368.46,189608.03,144776.81,7132.7544,3338.1228,30990.754,10522.527,33352.688,5565459.0,78258.016,25830.117,345082.62,24729.941,14947.122,1744.5911,775634.94,51312.53,9264.634,4669.9673,11155.723,2067.0388,4849.21,100833.17,140224.95,13430.945,29537.264,4694.872,2125.973,3408.6797,20199.057,344150.56,19118.87,110218.125,8401.219,13970.09,7180.3516,63348.01,4026.336,2667.4807,4520.941,2980.7314,4215.645,11897.217,5505957.0,9548.888,33603.965,16496.533,5629.218,1717.3201,26021.395,11141.719,391708.16,164605.1,7980.201,11074.92,18515.473,67775.06,16495.385
bronchi_397,bronchi,32510.928,28613.727,90819.414,2273.6594,335394.06,11758.396,2110.2632,90202.92,3561.4119,27360.006,11993.178,194774.64,37803.848,30427.773,47371.34,219178.75,18555.176,16262.493,2991.725,4855.996,114019.61,1162673.2,3080.1765,13521.829,3643.427,33049.29,15559.258,47438.703,1615903.5,5876.739,49067.145,181550.89,20885.264,17733.158,2447.3525,333928.2,37632.117,15519.568,9968.083,2775.8035,13519.572,8075.513,114055.83,252713.77,16290.652,57908.66,21974.48,32271.797,4996.786,16742.943,715009.1,9142.252,45576.566,797.7521,19414.574,11452.966,30.20034,13336.983,3835.766,4522.252,2345.9119,9418.654,1185.5978,3542796.2,62154.613,280209.1,3133.6863,36122.867,8337.375,516833.25,11227.538,521776.8,115870.414,25195.07,16643.297,2442.199,38252.07,29879.068
bronchi_398,bronchi,275231.25,101298.62,257485.62,7747.3745,248713.7,9258.645,1533.7123,12337.595,31763.484,30276.295,13038.215,468266.12,55046.5,11936.349,1194187.1,106580.67,133271.33,13325.743,4154.566,4752.1157,56318.44,671871.44,260306.47,7704.3696,4131.963,32152.232,10851.787,24102.232,3813031.8,22108.512,33663.5,334893.22,28360.438,14874.069,2109.8413,401416.62,47693.465,14645.269,8722.762,4712.9277,1482.647,2295.33,138980.66,113888.23,11136.916,29008.627,3898.696,8553.466,7900.612,11087.274,350750.66,4066.0288,64474.242,10556.242,10321.159,9319.2705,81938.15,2775.7676,2694.4453,4955.279,3020.4858,1128.789,4198.4087,6934911.5,1867.206,109600.32,8179.637,19550.12,987.8518,48920.8,13180.347,1086851.1,93918.51,26004.748,8540.057,9913.595,89825.375,15406.763
bronchi_399,bronchi,5265.9175,353855.78,129334.8,2900.5781,364371.2,7022.8926,345225.8,71913.78,1913.6426,34693.99,43963.984,451570.38,156800.53,10520.952,278315.5,150129.19,5003.993,12444.084,15398.581,9077.486,128934.55,758582.7,22029.373,12683.189,4183.996,72948.25,22991.293,35374.945,4093654.5,80443.39,101733.12,350655.34,8940.429,20684.734,11865.442,598244.1,64741.965,4452.27,4763.098,16699.105,5945.406,53557.957,203483.25,172556.53,51689.94,108295.02,12441.331,33995.13,8468.136,44295.793,806102.94,30117.096,64981.23,3307.821,22310.541,6355.818,2316.2668,15303.883,7526.715,11765.576,5243.3877,7780.0747,35885.047,811739.1,4386572.0,149284.69,9557.99,23031.852,10912.39,31231.531,14680.09,8748.015,28417.322,15098.407,18145.11,18673.605,6014.066,33201.88
bronchi_400,bronchi,113408.945,173698.42,155040.55,6044.592,334583.25,14886.231,9365.954,10876.323,108812.445,28032.877,31022.662,652483.2,48857.95,8678.828,1382255.5,36523.49,48763.684,5547.4663,4298.6304,7628.367,61007.258,85546.805,168323.27,7048.736,3533.9316,25403.78,8499.556,15490.806,2922992.2,46265.58,18858.63,293273.22,16605.166,18553.248,2407.702,567694.8,55645.527,5676.867,3939.4448,45340.38,2744.78,7205.3037,105453.04,88891.04,7945.4165,19075.467,4355.167,1779.5895,2752.5405,32006.756,440085.3,26142.559,75599.79,7766.4995,12512.683,7618.2095,76225.875,3745.619,2383.9607,3602.6758,3053.9368,7617.0835,9028.761,1990909.6,549909.2,22718.701,12563.625,3337.139,3397.227,18791.0,8651.398,26600.39,130050.44,5760.7666,6708.28,18258.764,37303.77,12730.259
bronchi_401,bronchi,163239.25,47585.285,106962.21,5379.492,118609.74,4634.0063,2080.6555,11712.205,720.1023,14805.822,9233.273,100384.71,36538.086,5058.5444,462884.34,54898.656,64289.0,9414.649,2765.3127,3419.0752,30553.338,399735.75,136755.64,6521.3467,5079.568,22232.885,8514.137,11860.158,1208931.2,5881.825,25939.652,133228.25,28813.633,9446.733,1462.9126,25728.184,35110.09,3906.417,5163.583,2181.9526,1741.1543,1141.4995,148589.84,85323.875,2272.0754,20888.75,3376.8325,3480.897,4006.4595,6938.2817,265139.75,3462.0342,20913.287,7495.8867,10330.407,7601.9795,58499.156,1980.9509,2224.858,5607.4116,3343.6843,5783.8145,1369.1681,3917884.8,30406.598,9087.361,3364.3247,37212.38,683.5074,32617.92,10613.17,389456.47,56169.81,29333.037,8141.8706,2304.1814,51991.375,8646.639
bronchi_402,bronchi,49456.33,172591.6,127211.164,7551.444,345898.44,3005.4475,3398.2708,26705.576,1237.8682,17374.416,20850.455,275959.56,1862.2809,18468.473,284034.97,95274.51,32482.168,15345.318,14522.16,7839.2183,29585.98,380881.22,184068.52,9279.553,5883.8286,32207.504,14104.558,9962.941,1240559.1,14614.446,23558.1,245760.78,20392.076,15806.15,9880.368,61390.01,43336.56,8314.552,9562.869,63650.504,6264.2095,23856.434,116038.39,90335.5,15894.721,66252.78,9147.137,7987.923,5774.7515,25415.773,609977.75,15671.61,18098.271,10647.134,13228.025,13733.302,47106.797,7690.2954,2510.7007,5141.7065,4002.4866,5430.04,13929.976,1974546.1,986745.9,81153.93,5909.566,6449.1226,6006.825,30459.857,11500.032,409958.97,120755.96,7925.042,3912.365,10887.076,91699.04,13331.896
bronchi_403,bronchi,8229.854,27383.865,94862.164,1419.0985,348325.56,20484.842,29604.863,101575.58,1891.5015,28809.758,18508.252,231610.48,1363.9949,22509.434,24341.137,169886.45,19449.396,9884.478,2896.429,3686.8752,128398.69,1021119.9,587.7388,9764.911,2752.366,55312.305,22114.016,55703.83,1115617.1,2628.9775,21638.611,129846.32,6644.187,11835.784,2381.333,399333.38,27944.844,7773.5103,5697.606,906.0515,20742.676,31506.586,116849.945,150920.88,72606.08,32292.3,9066.843,37935.816,6162.3433,10057.364,403977.03,7283.3687,93380.23,2201.6506,22798.947,8340.914,26.056154,10532.418,2440.911,6798.2515,6559.0874,6961.934,1934.6356,38615.016,296614.8,248615.77,3852.7742,40188.89,4346.244,369723.97,6398.14,30876.229,6339.9424,25461.701,13521.274,5691.4087,10922.0205,43326.188
bronchi_404,bronchi,551306.44,190791.05,280832.4,12559.707,952685.56,12220.169,1035625.7,49984.754,4567.499,42205.1,37644.97,861044.06,167663.67,26436.633,683661.56,116776.31,466539.72,17545.566,3718.0652,12477.384,70972.24,978000.3,813745.06,12857.478,8921.255,64181.914,31340.977,29042.205,4182336.2,18935.932,62936.605,330873.56,48923.508,14501.081,5020.6074,435460.78,65695.07,104949.29,13463.547,5681.6396,8950.292,3811.598,266452.03,127469.35,49653.64,116668.555,14096.3545,25193.916,4610.638,31919.27,730913.9,18257.492,58704.656,1329.329,16513.848,17125.473,104058.41,9360.337,6540.3394,15744.419,8467.481,10369.805,6243.1714,8308286.5,6832678.5,82993.88,17278.887,4950.1196,11984.385,40722.285,12150.033,1818395.2,401907.72,12175.821,13745.921,4826.773,181108.02,27898.51
bronchi_405,bronchi,4385.018,41562.844,150265.12,3720.627,407180.8,7302.79,5346.9155,96777.555,555.2774,34114.484,22972.203,150171.72,2996.798,15197.065,26497.996,124834.2,1670.6956,14323.695,8313.37,5223.649,101594.95,799584.94,499.30554,18291.652,6690.4136,43094.344,20058.955,74384.14,1830922.4,13955.894,63135.832,150906.06,3563.0125,15473.367,7502.4746,189572.05,47181.207,4844.379,8732.135,4033.3015,24509.486,30954.361,128950.04,241227.38,20481.521,47024.43,22002.309,31162.594,12045.256,27396.848,620817.94,22149.18,31514.248,912.5011,31805.256,9825.037,23.523602,19113.29,14326.934,7000.268,3999.6165,9719.492,5398.1357,1412.637,54198.598,59367.098,6235.7974,53473.44,5056.914,217319.67,14786.573,9831.064,15533.3545,29776.941,11872.336,3570.038,3249.9246,30746.143
bronchi_406,bronchi,72669.81,427235.75,226500.81,8846.773,628469.06,18000.375,1273007.2,52598.727,8594.108,28513.914,43130.24,376452.44,88678.336,10008.867,830904.94,231055.62,161402.39,11485.19,13794.948,14214.836,132865.61,1071063.8,118857.5,12358.581,4512.819,111279.484,25524.453,24113.246,3854746.0,99965.31,52915.254,386331.0,30810.486,28761.111,6254.848,807016.75,58478.35,14242.344,5739.059,34344.04,3069.8591,30145.402,159700.38,177979.1,97062.8,120153.67,19742.455,52618.496,10929.586,27597.174,970250.6,27724.934,67628.49,778.20276,21606.338,5873.4214,21883.023,18438.676,3380.0264,19663.363,5141.1523,4355.674,32031.643,7975893.5,2697456.8,108734.75,9403.996,42881.812,12006.259,90827.03,11417.585,977316.9,80923.54,12795.736,48242.37,16787.78,35906.82,61090.28
bronchi_407,bronchi,220856.73,246694.66,196233.2,4596.5815,343382.12,28128.834,1170856.1,52515.523,3728.262,27734.773,38680.477,717692.6,66464.914,7112.4824,579563.3,146594.52,349242.28,9417.7295,4027.0466,10591.338,118572.65,1061339.1,95076.55,9579.849,4223.8164,78409.3,24413.674,27764.123,3614136.2,14995.541,29162.94,296132.06,34674.14,15082.475,2035.8577,640717.25,48432.023,6886.0986,5013.7827,1861.0898,5583.24,9360.176,196488.27,103782.29,47568.996,87598.734,8576.445,24927.545,7542.4893,22298.309,515338.5,17637.068,127578.805,1553.4462,24621.639,6542.9854,80768.64,5398.903,2863.2341,14515.583,12272.952,6717.064,10504.048,8048928.0,5455175.0,49432.516,9420.541,7996.941,7210.3633,30740.162,6959.6636,416480.8,57215.875,10907.177,13723.796,21357.62,66247.73,34899.67
bronchi_408,bronchi,251553.1,80024.766,333327.78,6759.154,183758.78,6809.602,5103.3604,17812.045,14486.401,38694.754,27511.32,551301.75,30254.186,20090.314,1022373.94,144008.16,167653.92,13532.163,8267.011,4370.8154,85312.81,589722.94,345111.28,12456.659,4446.5527,37037.156,14782.484,38414.535,3468988.2,13536.5,146540.7,476352.5,38731.934,34527.164,3117.43,203998.34,65214.785,17817.566,11376.247,1291.3844,14665.578,1331.8795,156503.53,150380.81,16725.771,61466.11,5313.188,5321.44,6056.937,9929.568,624494.2,2319.7944,81996.15,9471.39,28813.166,9364.936,57322.324,2107.9128,2909.6284,8539.168,6923.678,7182.4272,5532.892,7153807.5,164188.52,186416.33,7315.4224,58812.64,1420.73,228744.73,13759.55,1302293.8,286088.28,44822.05,19757.713,4519.3843,152526.27,14307.216
bronchi_409,bronchi,230751.08,61503.402,151684.34,5440.798,398415.5,6298.9004,2318.8816,14934.383,21373.023,25461.361,17039.549,626158.6,125829.26,13978.3,482306.0,88200.28,171923.62,10183.278,3795.7996,8178.2876,31494.027,199070.22,624715.2,9060.022,5987.2563,40388.42,18474.46,24014.057,2649593.0,26104.639,30980.352,286205.1,15476.305,10086.942,7047.6533,247825.36,37766.047,22624.406,12225.497,3064.2795,3542.0723,2502.5374,114009.39,94240.79,19599.668,64958.18,9814.744,3532.469,6686.1455,30517.926,394782.62,17397.531,48353.75,26281.55,12894.982,17811.994,98530.05,7211.2437,2690.021,5320.8916,3275.8093,6121.067,4681.5815,6714999.0,43981.68,35540.066,7373.368,4465.1484,2937.941,25750.768,9274.89,1394492.4,111735.375,11114.05,4445.0005,4942.4243,233587.81,18597.607
bronchi_410,bronchi,307925.72,87461.83,96817.805,3465.5598,132613.7,14303.109,5902.0737,16968.986,32691.541,67173.66,30138.215,958676.2,135656.33,30852.621,1470400.4,220547.11,117183.51,16620.424,7423.343,3561.232,47905.258,585693.6,480311.6,8770.287,4781.972,32326.443,15543.788,73763.75,3983755.5,31381.115,176130.5,559874.0,36575.113,32402.836,3961.9663,249394.2,68684.984,52639.88,11470.216,1034.6433,6815.19,1698.9126,139724.22,135292.89,18123.283,51023.01,4182.308,4932.6704,5946.835,8951.452,621387.75,1765.0168,84715.68,16668.459,23720.922,13905.419,83895.04,1590.3755,1953.8276,8161.028,5001.9365,9050.851,3294.0852,7783008.0,19313.627,508187.16,5973.7197,58635.61,1140.7866,251597.0,12202.105,1693738.2,98983.914,47982.848,18414.617,2993.3523,211294.12,17150.3
bronchi_411,bronchi,54166.15,225448.28,184366.12,9190.748,425476.38,14817.674,144922.69,84869.49,4949.728,54610.098,43234.223,592118.0,67052.3,13841.378,361105.22,168587.53,104996.445,13539.741,5920.3813,12667.087,110685.5,1073491.5,46354.305,12483.6455,4401.265,91788.11,34975.676,45366.2,4979590.5,26418.812,44254.242,290208.6,25850.744,15195.123,4396.972,705335.1,58512.83,20119.594,6668.822,1890.6976,7229.156,44207.207,172059.44,148546.34,87566.66,101907.03,12473.445,34827.918,7108.8467,39930.285,575867.0,28743.453,202097.17,3721.9653,33084.99,9124.499,44777.062,18311.865,3513.6787,14236.64,22858.102,3106.917,8576.331,6874647.0,3209872.0,94322.7,11754.809,19753.021,9164.575,50351.05,14284.215,291197.5,194131.33,16166.383,13878.854,9570.826,69829.336,50046.617
bronchi_412,bronchi,3054.1292,90037.91,78365.12,1590.9485,298909.84,9980.983,1048167.1,98436.78,1110.0673,22088.111,36246.168,344412.6,16889.838,6796.183,62157.402,120050.016,3183.2205,12067.345,16579.625,4207.3774,119074.42,681300.9,434.7569,8313.869,3290.2568,51669.98,16226.41,30729.316,2830015.2,87371.875,39486.832,233186.5,2095.429,16554.533,9479.704,662635.7,36894.305,3631.5286,4103.72,29045.832,6117.7866,46146.73,121562.48,126498.96,86368.61,91756.69,10310.101,33630.832,15970.668,20187.443,507822.8,15552.106,49562.24,1207.9961,12486.289,5178.5874,28.581907,10919.781,6604.6523,13204.869,4945.0938,3437.8909,37114.555,2625.2605,4176226.2,61144.312,8515.176,38547.24,6590.8203,17268.887,7712.832,926.69684,7960.542,16031.91,17293.725,23764.035,1784.0662,31973.531
bronchi_413,bronchi,87099.664,103622.27,282788.97,2559.4897,400979.7,8010.201,16033.837,41998.637,3674.7683,31955.973,27454.209,454922.47,18322.084,9995.988,301683.75,110654.05,244528.94,8820.537,5223.2656,3388.2263,109716.51,798062.9,90486.48,10185.727,3732.0623,34145.016,17780.053,60592.613,2969323.0,9926.613,93371.5,318321.2,28531.404,27481.19,1703.6139,287864.75,46471.78,5775.688,6949.534,1073.9912,20794.691,1200.1599,133200.94,99609.96,14676.6455,56659.188,5552.2095,6022.4985,5079.631,9263.123,497984.94,3072.7483,157964.19,1721.9343,31485.078,6669.795,7263.0977,2215.379,2782.3547,8505.168,8387.567,8419.074,2908.589,6290957.5,458874.53,162391.77,6943.108,45217.395,1488.9403,121072.266,8005.4424,420118.97,91766.76,42580.895,25186.373,7436.9995,74408.266,14554.079
bronchi_414,bronchi,248305.83,100358.29,269130.78,10036.513,253401.58,7217.072,16393.988,14469.624,3514.3154,41618.098,18326.053,657210.06,53144.96,16182.226,949961.94,120449.67,139171.39,17820.541,10858.973,5571.9985,57935.12,482793.34,405034.8,15374.118,4851.44,27808.8,11233.568,42878.992,3534036.0,24839.975,65153.99,430571.03,35620.59,19958.941,6643.078,203977.72,61656.332,15126.139,15264.685,3011.7761,4382.7393,3527.926,119670.625,163132.8,11447.155,40515.89,4438.8696,9189.89,11131.469,9387.534,371060.25,2440.4126,53184.05,16077.755,14193.459,12217.279,54598.64,2596.3723,3356.647,7233.881,3100.4326,3843.1719,4216.204,6445618.0,36566.15,210765.62,6173.097,63137.7,866.1265,155572.42,15679.848,1500012.2,218480.27,45166.668,14459.167,3121.4265,151622.0,15181.521
bronchi_415,bronchi,103280.62,313350.2,100096.58,4115.936,331599.16,17780.594,698549.2,56228.55,2538.8467,41611.31,29352.682,544321.06,122566.516,10504.008,449513.56,234879.4,107599.92,12265.86,8088.6797,8962.704,128690.94,1066732.5,21780.957,10446.23,3264.2454,75260.97,21939.885,26320.883,4005538.8,73790.984,39389.906,369775.1,26843.234,19172.352,4067.5884,534735.0,45217.223,6929.0957,5531.958,41076.14,2305.5327,8696.553,132138.64,191028.83,51679.44,97866.35,19339.672,30442.49,8594.002,20025.828,786010.0,18463.1,86150.94,2372.5544,15666.783,7110.0337,14269.387,14535.227,3140.6836,9524.329,3457.1794,11123.042,10826.057,8091396.5,789268.5,78128.484,7194.5015,17118.287,9400.804,48613.008,8915.164,864163.56,185983.75,10091.514,22976.146,13339.985,36149.54,25872.203
bronchi_416,bronchi,201956.33,60232.348,160384.31,7574.2817,200466.69,5864.0786,3640.5781,11023.398,9847.581,23142.318,12315.81,413121.9,16610.455,17209.516,1197397.4,110588.84,59044.86,9814.557,5183.5293,3798.3423,58982.836,403512.7,66134.54,8283.965,4031.782,26403.6,9369.152,12436.336,2571647.0,25126.992,48801.6,244893.25,34451.082,21124.734,1610.5114,106231.484,57342.117,11432.775,5073.4326,3848.6675,1256.9528,14899.754,182685.03,110941.35,4550.148,27755.36,4702.3613,7242.621,2587.8875,8131.867,462995.16,5634.0576,21866.043,5755.11,9625.688,9691.148,48324.246,2611.0344,2550.416,4763.4297,3358.9788,2507.8098,1814.8738,4697365.5,3836.1138,139255.56,4859.5684,10971.29,1131.5522,99663.46,12606.692,587113.0,59669.81,9741.664,4846.5557,5342.3735,96903.25,10108.419
bronchi_417,bronchi,7231.5835,342478.8,328711.9,12941.617,613743.2,4941.8213,8983.604,96245.1,12643.876,50027.484,35806.9,307070.3,84176.984,30609.336,592693.1,163534.22,1929.8641,26759.676,37807.562,16788.947,74130.89,794874.2,7387.9688,21984.332,8451.514,36432.83,14331.307,52300.055,4971689.5,95458.23,78802.336,486093.88,11489.508,35673.285,19205.184,283720.38,86033.12,41191.2,14087.779,198556.02,12052.1045,61614.832,130653.11,267497.22,69861.98,118073.99,23359.406,48692.4,17412.305,71727.88,1140145.9,41178.71,23404.117,6820.314,18142.705,14342.957,59.27917,31741.984,15290.184,5185.216,2171.4885,9810.3545,41126.434,48769.59,23212.92,73835.47,10130.492,51559.766,13927.465,110703.125,21776.45,136565.36,221574.66,21565.904,7923.1377,13872.422,13259.211,47572.72
bronchi_418,bronchi,329383.75,104012.37,39921.11,1621.1615,266317.66,17601.797,1280572.4,24505.678,5144.807,17087.621,21251.719,209532.88,113748.195,18706.994,496471.78,205908.95,368095.4,8631.658,2386.5664,4356.0186,103471.38,1023986.94,216507.52,11425.689,5067.131,124049.51,29311.168,16372.285,386507.88,6172.7437,35658.047,141094.61,45510.547,10537.12,1858.0513,368827.34,33390.723,8886.504,6847.195,15272.359,2477.7173,1023.22076,156033.64,59620.605,14083.198,85224.74,18220.111,15230.961,3326.2817,12137.166,752692.25,6356.1997,40115.22,214.97488,6912.2563,12219.271,94337.01,3472.314,2858.2986,18849.316,3531.0876,7917.6226,2202.6287,8311710.0,2854919.0,18651.162,3416.379,4978.3413,12380.643,39149.953,5171.356,1680520.5,5838.3496,8262.407,64192.016,5695.514,60726.305,16358.285
bronchi_419,bronchi,369116.25,383395.47,578595.25,10990.288,858151.9,21978.902,121454.59,46780.383,48238.785,68923.97,50641.152,807876.1,164194.47,21457.498,1561668.1,161504.62,293873.22,13323.431,13211.798,19607.65,82189.45,703953.44,861998.0,13837.3,5529.294,91976.86,28957.379,42854.953,5601673.5,68087.26,62324.434,462452.8,37658.758,37053.37,11443.455,637628.0,80330.47,13444.492,8879.963,27436.803,14089.728,14186.313,127011.39,148194.44,148233.45,121912.28,12794.406,9868.981,11287.03,57815.68,961022.3,32064.807,124480.41,4131.0684,29155.766,10576.569,100935.445,21054.115,4158.9233,9579.593,9538.548,13914.135,28503.146,7885054.5,2207459.2,353899.3,18096.684,8877.363,14726.576,36867.117,15823.888,1315338.5,454264.38,15457.718,10742.937,23390.416,104036.77,41259.414
bronchi_420,bronchi,181809.06,122740.22,125233.31,1856.3119,554449.5,9803.424,85457.27,41458.37,6379.6875,26590.676,17112.836,332410.34,194463.75,13481.922,191965.52,121094.555,411011.62,8834.488,2421.1997,8383.889,98612.68,1110215.8,540889.75,11120.55,3506.1516,40192.61,15729.935,18752.186,1629969.4,12592.464,35784.266,266571.75,38365.805,17004.207,1603.7075,307857.0,42409.02,10792.386,6652.583,2347.1577,8380.555,2911.9985,133218.1,111866.09,23510.809,102228.16,12501.815,22589.803,3890.0254,15559.184,788036.56,8208.218,103908.56,1501.9298,12873.957,9211.819,94006.77,4179.2573,2489.724,6525.8203,4026.6086,4613.9995,7244.01,8295959.0,4106283.8,116429.805,6349.819,6834.426,9385.968,95118.36,6668.9487,559054.5,158990.4,7905.278,20460.045,13029.152,104332.664,16974.133
bronchi_421,bronchi,145612.61,130582.98,247557.25,6136.0493,337983.66,7620.0483,3866.3267,19392.016,15184.243,23353.592,21737.025,418802.06,16614.59,9915.713,902934.6,72492.95,103771.805,8508.811,3734.3914,5838.2886,59080.117,304987.66,279684.47,7148.2827,4029.3792,50587.426,16686.672,15398.698,2956229.5,15889.219,43845.32,273053.2,20906.566,15539.46,2880.2544,332316.53,42009.094,8656.829,6289.1987,3027.9526,4374.227,9026.41,129190.195,84223.32,21267.35,44941.258,5292.5757,4983.839,4650.1597,21038.398,364418.1,11610.272,55101.703,9024.628,19966.176,9482.48,86021.96,4265.5,2836.5398,6045.722,6545.151,2614.3845,10820.11,5081955.5,674090.2,42127.207,10423.28,6996.243,2694.6973,27737.232,10274.486,377038.44,94791.625,9996.036,8528.75,13812.155,78190.51,14216.477
bronchi_422,bronchi,203624.17,78332.54,39898.043,656.22766,256430.42,3707.9636,485208.8,17877.688,1776.5168,14617.081,5976.005,232684.69,211336.44,15658.283,60995.68,147813.33,121425.64,7066.743,2657.1497,2631.5107,108133.62,807244.56,438186.94,10628.8,3302.5115,75822.25,20131.705,9996.541,389094.12,17359.477,26878.895,156763.89,37142.637,9528.327,2095.855,133422.28,23796.422,20750.096,6509.3774,46314.492,2209.772,291.6439,58240.027,74749.875,5286.496,102655.58,18330.998,6438.545,2140.6248,9869.725,709059.3,5727.99,38129.508,966.2305,4568.5576,15022.839,19400.322,4987.5005,2571.3516,9334.794,1536.0638,9192.028,1266.5403,8311718.0,5783366.0,116803.71,1802.8168,3084.1606,12323.471,201023.8,4933.278,1833503.2,119781.03,6088.662,19049.904,1595.5691,64612.926,8566.644
bronchi_423,bronchi,15067.551,139658.14,42467.664,5469.0044,149166.0,3430.857,2718.0923,17073.123,1667.156,12701.129,16127.929,149657.6,3450.1292,8277.252,300701.97,68888.22,5446.733,13413.395,4257.216,4371.8413,52318.465,465802.16,11021.526,6754.2046,4771.8564,26252.191,8203.49,9149.135,712733.9,10199.298,22785.969,188684.83,18201.734,10971.133,2854.0996,72712.66,34483.1,3472.029,4503.702,51398.93,1213.831,15795.225,137042.34,74704.41,4581.9253,25110.295,5550.277,2728.4443,3743.8042,14359.218,437196.8,14830.582,15526.764,5072.247,13411.36,7382.622,6546.4746,2883.3638,2104.847,4668.7827,5455.2656,4135.3457,9986.964,204935.48,138439.48,23360.143,3007.2112,5821.173,1943.4183,19327.596,11332.982,28125.238,16070.948,8671.315,6089.219,9796.535,22733.05,9888.259
bronchi_424,bronchi,119838.85,161569.48,147839.42,7460.43,367298.7,3854.9543,1578.3031,29398.6,1333.2976,18205.434,25622.988,383922.7,43377.164,8253.633,390920.0,79410.78,107936.93,12675.836,4120.4697,8956.448,44123.18,557586.0,664385.94,9096.493,3921.0405,49450.86,18813.2,10658.27,1774181.4,8374.21,38485.746,276123.03,28771.922,12097.976,5255.3296,83989.34,38205.766,5848.6333,8485.219,4133.575,6654.6772,9427.525,137963.56,89243.55,16738.314,68724.56,7036.8726,7238.4155,5458.3677,29903.64,434584.6,15500.22,29396.834,9845.74,22781.69,8907.719,99222.94,5377.4404,2420.6013,5257.034,9219.053,7595.645,14487.341,7264620.5,830377.4,41651.332,6803.772,5192.4565,5330.5386,21090.633,11146.533,775451.5,128232.99,9025.954,9121.775,14427.938,145559.58,14305.634
bronchi_425,bronchi,191210.19,26864.287,219686.86,5093.376,140880.28,4321.164,2324.712,8990.881,7035.336,17570.584,10060.405,358552.47,68537.305,5520.7563,717283.44,117696.92,63099.473,8387.056,4141.0776,4018.4817,34640.69,274086.34,220252.42,6516.5776,3825.166,30174.654,10318.777,13894.521,3032358.0,21696.781,33944.137,275617.38,23627.312,9878.53,2101.3804,66001.41,36755.582,7692.929,6565.409,2497.3354,1780.358,1385.1447,145287.33,81453.69,2254.8884,33735.297,3838.5042,2944.1458,3402.5525,8337.486,299688.5,3672.2102,22506.924,13494.851,8119.7686,8697.474,61620.297,2424.8037,2263.1326,6390.376,3538.5903,4895.715,2631.36,6035847.0,2185.3726,54497.25,4128.9604,23899.816,790.5753,60632.613,10852.491,884181.75,124921.14,22842.912,8927.025,5524.4595,54072.883,9790.081
bronchi_426,bronchi,19094.56,37962.527,101526.19,1720.1459,138035.81,12856.337,8776.346,105209.34,527.918,35479.684,23848.63,170490.08,77702.04,8786.263,174925.25,202742.9,96735.3,10666.995,2901.1926,2670.2803,112148.945,1218232.9,7808.734,7492.2627,3175.559,43751.71,17155.127,44163.89,2564148.2,1718.4799,21980.936,140927.98,7574.195,9983.23,977.30255,428078.78,27042.324,2942.5552,3903.8167,890.3613,6489.862,26253.62,122320.48,86189.73,20528.611,62826.62,5321.511,19165.385,4179.0303,7631.839,402989.28,3700.8396,178509.28,956.41034,25518.1,5619.572,1068.1298,3530.057,3697.438,9571.985,8507.5205,2794.02,1729.6422,2771498.2,57117.957,120547.695,3743.1187,50444.68,1355.0635,48867.83,6374.937,4768.162,8016.491,24452.914,16960.443,6531.8984,4415.175,17924.074
bronchi_427,bronchi,415457.72,164706.38,566307.8,10765.595,981708.25,12175.682,4278.5566,18790.498,304122.7,80815.56,32295.412,766694.3,113432.09,57152.45,869829.0,186193.17,250293.19,11825.821,4103.2935,14297.858,24181.783,190637.72,633203.1,15635.138,8987.923,75658.07,28347.809,42292.133,4640749.5,42300.965,138996.44,426983.22,34018.09,41278.07,6631.626,326741.62,78509.04,61904.383,10763.798,6491.6943,15048.02,5622.5312,96034.77,152000.89,72277.23,83447.78,14047.261,4278.7646,4304.9624,40668.96,1027218.5,28308.176,80555.25,6035.253,25120.043,18215.176,97291.06,14544.587,5104.139,7127.103,9141.424,2552.1318,6638.1313,7211834.0,560476.1,301529.6,14005.349,6532.989,7102.3135,301401.94,16564.908,1507453.6,422291.72,10782.303,14536.128,4915.0063,242798.9,29536.053
bronchi_428,bronchi,280110.75,69784.664,222338.6,8682.902,266820.0,8211.93,40155.445,18945.795,8589.012,28230.475,21036.012,453712.78,31647.283,7058.9287,798196.06,65323.844,217016.05,14002.972,5658.616,3710.0193,98269.35,550084.4,120271.984,8977.514,3859.5906,23099.055,11309.584,21422.184,3127771.0,6146.0596,31295.637,237321.52,33474.195,11146.13,2153.306,272583.56,45395.33,11979.402,9365.132,1873.177,6520.4883,5052.401,149319.14,80775.73,9489.447,32280.262,4307.5215,4575.479,4669.1343,9263.158,278644.56,3487.0557,100878.86,7517.7534,13913.816,9460.764,45445.316,2222.4126,2571.505,6490.598,5179.21,3298.5063,2110.7012,6524278.0,519588.44,18699.234,9890.7295,31942.535,861.81433,29769.332,10451.153,391115.4,295791.94,31915.951,10893.641,2797.1003,86414.336,10426.572
bronchi_429,bronchi,71308.625,51732.5,42377.2,3659.415,104745.21,2739.1873,1264.5088,16868.652,656.33887,15776.436,6935.4165,34708.22,7331.621,27886.805,198009.14,84917.74,27192.92,19991.002,7539.4106,5242.2573,16427.748,621618.3,284246.6,11570.62,9490.189,28734.9,9138.634,8720.009,320355.53,7607.0205,48241.914,227933.8,31262.404,18306.941,7620.877,9703.932,45656.832,13626.239,15035.726,31349.975,2060.5583,3276.9534,111030.26,122056.89,2352.1885,55774.1,6249.9277,13715.67,6280.926,10254.349,525323.8,3515.687,11926.403,17219.68,6948.699,16564.672,38381.137,4575.994,3349.5137,4408.084,2411.0007,9092.364,3573.6873,3006390.8,59739.45,56881.547,2054.999,27408.818,1071.5488,108739.414,16986.408,1038303.7,105854.98,26697.555,5975.7144,2461.1992,103681.086,9646.433
bronchi_430,bronchi,228821.98,196462.03,276208.62,7859.597,588562.7,9254.8125,220366.3,37643.21,11773.805,25630.1,25042.875,778414.56,14963.354,29717.395,443058.4,262775.28,162601.9,17707.86,7054.1904,8814.675,102408.97,1073860.1,113788.67,16630.62,4288.6533,83978.13,28949.785,26013.281,3078721.5,16092.805,30472.584,391168.38,42735.125,22763.9,5836.713,368402.34,46996.5,45025.215,10075.952,7508.853,13339.96,9115.635,95066.03,197389.03,48889.785,107079.08,19327.281,33508.34,5117.438,24512.854,866024.8,16438.094,61428.02,1509.4808,12215.462,11160.001,5016.1797,16551.85,2461.6772,6918.7734,3254.7273,9143.264,9738.134,8196227.5,1622585.4,146258.11,8836.359,10217.057,11164.888,290656.47,9349.166,1835341.9,412097.66,10644.89,22738.602,7056.5254,256787.23,26709.78
bronchi_431,bronchi,96563.67,451018.62,428838.38,4478.252,1125864.9,23546.42,1696565.6,37393.207,7204.2656,109848.01,54635.777,923900.3,199852.03,26405.01,1530512.2,85182.81,27846.143,18578.107,52625.773,11891.046,92893.21,155472.16,471685.0,27841.973,6925.2964,85000.06,21575.162,86503.72,6736467.0,302398.4,123210.625,605188.7,19254.426,60119.695,21669.754,344735.62,119651.11,17386.467,7386.468,283083.06,11626.661,4416.9106,109874.414,207989.53,229143.2,121658.05,12648.507,2837.518,19150.842,72773.56,1096388.1,35908.566,106041.49,28895.006,14762.591,9172.332,7710.412,25103.375,21985.465,18032.973,2255.775,44005.848,58456.215,1448200.5,6619908.0,119321.67,19438.826,8298.849,16509.549,13935.77,14772.491,526133.5,189955.72,32303.36,3091.702,27013.145,7432.376,28308.123
bronchi_432,bronchi,212118.48,308094.9,254821.45,4827.694,591079.3,8427.293,25617.22,39808.42,6851.108,44873.418,37009.12,522731.1,124315.15,9599.102,597761.7,231652.89,266114.53,11633.428,3016.0286,12412.151,102284.42,1059886.6,611243.1,14384.754,4076.324,39041.49,16055.275,33544.312,3197583.5,12581.96,75855.74,396572.78,43772.83,37296.44,2176.6245,305527.1,89103.91,5976.347,7808.123,2030.6642,18732.148,4609.1123,149877.27,202420.84,28683.918,109088.516,9608.279,29185.645,8641.42,19679.78,697146.25,10691.45,189330.67,1968.8063,33650.434,6461.856,98425.984,4195.6465,3511.2727,6974.0967,6845.8433,3877.0889,9493.91,8202835.5,2197696.0,169412.25,14913.559,22583.836,7114.158,171927.73,15721.986,821599.06,231569.17,22288.38,32712.438,15719.347,104924.57,26280.623
bronchi_433,bronchi,154595.11,260249.38,340763.5,7228.742,440022.38,6175.8594,16527.588,31728.729,6634.4224,57157.19,36231.305,590682.06,4581.2305,33548.855,1366310.6,157305.44,75247.62,9986.6875,9189.758,8215.008,100995.44,712415.2,221230.9,19483.13,3681.3577,43512.816,14353.576,31434.883,3605994.0,26989.041,142188.89,406362.28,35665.223,54322.69,4374.3564,347211.84,79305.66,13079.977,7422.224,5311.2217,12770.4375,8712.958,135095.75,196448.73,43253.566,53567.254,7527.332,17675.9,7042.103,19912.701,922041.3,7675.5737,85943.484,4278.732,35588.26,8330.165,44983.926,6886.8477,3624.5134,7444.8843,5724.2104,4373.4927,10233.528,5224691.0,1061581.0,475790.88,8774.4795,15949.692,5056.046,308282.72,15543.743,657220.75,273197.22,18579.756,25100.43,11930.271,96421.125,18378.299
bronchi_434,bronchi,195198.42,70428.26,168757.08,5961.6694,198327.6,4085.671,1058.5322,17290.08,2194.1685,20331.314,9824.278,172240.36,15548.5625,16238.733,734509.75,108997.11,37998.75,18966.332,6252.8555,5181.0977,49561.527,693191.06,231155.69,8528.001,6249.284,34046.297,11347.595,15292.707,1879224.2,10880.547,42682.703,231535.17,29729.725,14010.88,2544.4749,57801.344,39498.28,10088.415,10345.335,4324.6895,3878.0913,3687.8425,122558.69,130933.516,7689.738,40926.77,4638.128,10776.926,6284.6895,9624.376,432931.16,4395.668,28338.16,12764.228,12762.864,10955.448,57421.47,3327.8147,2273.8223,5479.2227,4156.1274,1850.4424,4255.766,5528134.0,5381.6377,55644.254,3421.6365,23276.566,1226.4437,68816.58,13173.623,1345035.6,135979.88,27117.426,5765.401,4756.165,127449.66,12652.585
bronchi_435,bronchi,271005.78,128647.13,346456.72,12038.273,354243.4,7385.411,26455.65,20913.566,11244.963,38648.47,28278.28,595710.1,16916.438,10918.917,1126438.4,69070.445,168933.4,13085.055,7353.8926,5932.5127,104753.2,616968.5,152988.52,13852.273,4115.83,29692.973,11663.368,33070.285,4167473.2,7931.697,66893.01,377284.8,36916.195,20944.465,3443.6743,373789.75,56041.6,9319.849,11316.608,3016.5122,15022.825,2167.1658,159274.2,166653.61,16649.059,64872.13,6353.5874,6266.128,9068.867,11423.902,405203.25,3929.4653,97256.18,4781.1924,24353.746,8858.958,24918.846,2394.3435,3200.4944,7652.8394,5601.505,7066.319,5291.657,5853933.0,205613.42,71641.95,10564.22,55747.62,1309.6912,111432.73,14228.942,893714.8,359634.28,41946.758,19854.143,6081.1924,105776.36,14511.624
bronchi_436,bronchi,224480.69,98011.59,253123.58,6518.2686,302534.84,7577.4756,1781.8281,12514.103,18390.8,27442.951,16803.959,478056.84,44003.957,11917.318,1290704.8,116560.01,140593.86,10973.581,5350.2676,5576.002,52174.465,504482.03,363947.47,7471.739,3991.2698,33290.31,11763.287,18436.83,3003058.2,23474.062,36544.117,333282.97,26604.68,15710.414,3113.8513,278820.8,51659.977,14354.179,8055.4736,5566.803,2511.0193,3147.9426,154118.73,117815.17,7583.4404,29958.734,4414.017,7151.972,7803.9243,13261.07,382255.66,5611.1787,41200.16,12417.006,13591.156,9766.094,83736.53,3307.6223,2772.5415,4907.745,3300.2249,3134.6492,5787.7935,6476760.0,14131.501,88464.46,8331.27,12952.261,1259.7817,45381.562,12781.466,925809.0,110631.78,18100.723,12487.825,8433.228,101662.31,15011.252
bronchi_437,bronchi,52516.574,94390.1,85494.195,6487.4478,346968.9,3325.6663,884.8145,20011.758,3221.7998,16229.103,12233.276,182223.58,14284.501,18884.693,197815.67,81987.16,40510.21,13013.331,6930.0806,6974.0435,16346.4,250681.14,543727.5,8162.6626,6744.31,43570.496,13952.313,10030.321,930299.8,6213.883,20850.395,154084.94,17644.521,13118.143,5321.12,61240.254,37052.418,11359.159,9629.527,9777.716,2977.9814,11462.91,149905.58,59938.5,8327.067,59970.004,8881.141,3484.103,3905.5786,26464.33,630923.44,12790.245,18351.062,13881.224,11424.437,15261.512,88135.45,5430.6255,2153.2205,4577.225,4975.0615,5437.0107,8507.902,3839944.8,124548.09,79237.695,4109.1885,4012.4946,5765.588,28847.396,8398.126,702069.5,61573.36,6733.1455,4018.106,8559.521,121711.66,12232.145
bronchi_438,bronchi,9680.109,109234.266,45900.23,5218.594,243759.66,5598.7964,5656.2905,107130.35,895.73846,40646.004,34038.73,124870.05,94697.2,20725.334,30744.854,220029.47,5224.611,20572.691,3993.814,5424.739,73777.33,1114928.9,17582.988,13470.933,6837.2295,73921.71,30862.363,30139.91,1697965.8,5387.9194,42147.34,268534.2,9033.912,18280.857,6728.0737,99020.17,48574.496,8520.497,5924.2905,5796.4727,4443.805,33386.42,209261.48,144399.69,15181.405,110822.805,20356.246,43172.625,7795.473,29212.21,1122527.4,24266.293,34426.94,183.39665,11748.017,7895.896,1572.828,22800.252,9161.43,12641.826,10447.805,4414.783,5889.1064,442611.6,143685.9,98098.56,5391.4873,45676.953,8389.912,205341.62,17768.508,6487.739,164169.58,13774.898,18660.396,6240.695,4517.7334,24793.064
bronchi_439,bronchi,12043.269,467282.44,116718.86,12438.59,1016025.94,16799.729,960550.44,52050.664,18750.111,41968.887,36230.785,333121.22,59747.652,16181.516,896481.44,224314.83,1332.1548,13910.221,43091.18,18313.611,121090.516,796620.4,415.22012,22546.97,6196.0327,108860.19,25902.174,48393.055,5427516.0,244845.84,92551.52,481631.25,21814.447,20818.523,18829.266,587301.1,65776.32,197296.81,10431.038,346984.78,5067.3003,35216.934,74049.28,272889.44,124588.13,113115.04,33407.125,44652.414,13905.685,58502.28,948294.7,44474.043,39284.45,8245.277,13694.796,8475.853,24.279102,36119.832,12160.514,8885.673,1831.3364,19626.285,33455.43,3671656.2,23401.037,47360.543,6852.4087,83946.74,14327.877,196086.36,17588.893,1740688.8,316265.06,21310.8,30584.123,6812.545,11198.631,67057.09
bronchi_440,bronchi,334284.4,229545.44,281697.22,7874.274,379380.03,8203.913,19563.326,21009.426,7651.0366,50158.477,33444.934,887276.75,42282.453,29544.193,733606.0,109045.766,277995.88,14669.789,8031.346,8409.894,102275.94,780702.1,418347.0,25846.035,5085.9434,39390.73,15941.937,52894.766,3766050.5,19827.31,188234.78,489856.84,48509.13,66579.36,4274.726,203901.86,105763.85,17223.178,14609.304,1741.9786,22443.904,614.55597,248005.75,221858.84,16756.906,102584.625,7638.429,6409.1035,6761.9526,18730.594,900711.44,3121.7334,149396.64,3547.1545,29276.61,11385.299,77853.06,2056.323,4549.293,7800.0396,8863.378,19043.092,9542.797,8061234.5,1381467.4,463152.8,12858.594,38087.02,3339.8428,353376.6,17339.654,1541995.5,319846.34,47606.08,42867.91,13066.286,153493.88,16091.407
bronchi_441,bronchi,311959.22,185097.08,572655.5,7851.4824,517080.25,28445.277,907.15857,8193.513,5739350.0,72230.58,27528.12,701213.0,146769.8,30407.584,1935876.6,248309.86,240657.06,3759.2498,4550.018,11498.3545,26749.316,65247.57,732444.1,6316.643,3929.2292,58696.875,18608.484,78721.664,6135963.0,121710.38,60249.7,401661.34,28209.24,37069.137,2136.911,1017919.1,69785.664,9413.302,5946.971,2552.0527,3430.8699,10086.789,78625.48,110610.37,43256.164,75271.086,7090.9487,1682.9658,2351.762,36123.59,885474.5,29842.33,376317.1,5300.5786,12858.557,11418.761,96871.836,3236.244,2988.1538,4374.0894,3509.565,2014.9325,13076.995,7314702.5,1867.9447,636805.8,16645.154,3146.2612,6005.914,245646.66,8019.879,1422528.0,204633.75,6570.2705,3849.343,20771.717,244581.89,42170.742
bronchi_442,bronchi,385647.03,105348.0,197924.38,3992.9033,179764.1,12909.27,2837.131,18165.438,18181.922,56746.414,28868.314,935306.4,77236.88,29955.363,1608212.0,170157.4,172037.3,10833.979,4532.7505,3067.8948,64262.58,589291.2,418203.4,7961.818,3251.2673,29907.662,12391.913,44751.49,3748374.8,17850.463,151742.66,515680.7,41013.24,50173.07,1893.9839,346260.84,58942.742,21007.662,5148.1943,1131.0598,13542.814,2636.5605,166630.73,130662.33,21726.145,38543.598,3775.9944,5472.276,3657.4675,9975.73,704564.6,1973.5197,114699.4,6351.273,29311.447,9751.714,86870.2,1454.7744,2517.384,6088.0522,9325.032,7984.533,1632.0587,7726654.0,38308.984,678981.4,10783.085,25006.36,2236.17,413186.12,12033.36,1371501.2,66475.31,28016.014,28569.334,6616.5635,136965.64,11992.0
bronchi_443,bronchi,213657.0,188126.56,173522.58,2958.93,551328.0,5001.0015,844.2489,14500.901,95214.47,58502.56,23072.37,650285.4,38045.453,65449.06,1365750.5,240308.69,84176.34,8425.372,3727.1313,4792.9414,34739.38,311698.72,454331.94,11256.509,3773.2578,29977.598,10111.3125,15620.621,2417382.8,34273.203,177455.89,476154.9,32694.908,89621.81,2750.1375,233023.33,93195.53,14329.735,4974.4062,3310.779,6635.1816,6313.0713,124813.13,99727.06,29870.35,22692.219,4242.913,5714.086,3426.559,11850.819,1095621.9,8286.873,77369.734,8879.769,15700.049,12563.337,78901.305,2571.5774,3801.5469,3503.3667,3304.4873,4228.4077,2394.1792,4007793.2,145844.02,970569.94,6169.2065,4172.4297,3110.7546,370618.53,13139.104,630364.1,37821.23,7163.995,21039.201,6080.6006,186342.73,12884.46
bronchi_444,bronchi,160378.05,127192.6,240781.94,9550.09,283817.8,5668.6265,4256.6963,17196.014,2644.1604,21660.6,22468.96,341302.75,9288.948,11551.71,813338.5,70723.06,103200.47,12812.186,5622.998,5616.71,66371.55,476970.25,332370.72,9340.449,4703.259,35775.324,12379.698,13029.476,1852386.4,14418.941,52065.21,289616.34,33690.637,21456.883,4092.8445,84272.086,52969.074,11450.803,8574.131,4155.517,4343.227,4856.172,173659.33,109876.086,7809.1587,32696.686,5588.547,7762.545,7258.354,13009.533,385739.75,5792.178,35562.41,8689.937,20468.574,10351.237,70152.74,4057.8647,2865.076,5816.8213,5104.436,5828.479,6913.5815,5229267.0,854404.5,107580.12,6252.766,16940.672,1733.1827,63360.94,13934.108,623984.0,165088.52,20926.555,13972.581,7117.144,92471.945,11292.263
bronchi_445,bronchi,147374.73,37447.133,111573.516,5049.9585,146041.52,4735.4727,3046.4382,12400.2,3507.4597,29060.768,12420.985,470631.3,56823.53,43308.383,673965.44,137616.5,32453.309,16830.969,6510.2656,3474.8987,19586.195,364110.3,336569.03,12381.528,5663.0005,34884.63,13061.202,14891.6,1885712.2,40459.59,187340.05,434152.53,34386.484,51230.68,4181.399,27030.256,72346.875,26069.633,8950.719,1542.1564,2626.7012,1691.8396,163087.69,106885.53,4076.8567,38520.043,5052.772,6094.5884,4940.6567,7728.51,678069.0,1861.1165,14354.37,21516.72,12219.599,13707.209,53633.043,2027.2725,2710.3784,8056.6187,4539.3057,8221.42,1636.0271,4744155.0,24541.203,476686.5,3124.349,34059.58,1141.8329,392602.0,14783.626,1441277.0,127177.32,28687.092,8329.959,1420.0238,138627.1,9518.826
bronchi_446,bronchi,68391.766,16251.097,137857.16,4696.53,200292.98,11369.63,9663.523,47124.86,1406.2329,25632.666,13586.011,324656.78,20742.023,13381.361,492851.16,115961.17,60983.234,18516.744,7154.9062,3185.748,74063.76,1017575.5,6451.436,9688.506,4166.1025,27359.9,11891.602,67525.375,936458.6,5664.7456,38296.676,253821.2,24541.836,15866.353,2771.296,233723.97,45466.34,14559.868,9668.29,1166.37,20381.207,18626.275,175163.3,185809.84,10022.661,56954.83,7327.4614,16457.732,5369.363,7555.017,405992.75,2826.2996,46982.7,2053.2722,27978.55,8269.519,53.135963,3014.3315,6384.253,7804.847,6558.7183,6854.337,2025.3246,245211.55,46572.984,71262.87,4423.3784,89006.49,1619.0806,369889.38,15619.102,200077.44,21569.73,49764.953,6363.546,1794.3867,10339.564,14267.781
bronchi_447,bronchi,419541.22,218929.11,368625.16,9740.995,396301.3,18570.402,100994.95,40693.637,31829.502,67164.875,43856.36,860094.5,63896.945,26047.092,1232090.0,234651.72,363822.56,17546.219,5174.44,10030.981,114981.414,995424.44,420943.94,12802.914,4697.076,44334.293,17461.63,61625.527,4362009.0,12234.583,134066.92,481671.7,45686.8,40259.44,2805.6245,472780.28,83129.98,16165.92,13259.325,1301.5487,22412.887,3077.5476,189725.61,206564.1,78420.37,90165.42,7225.392,15400.666,8466.989,21992.658,840413.25,6129.79,221383.28,1662.4442,50941.72,9482.553,88564.75,3215.4316,2857.599,11247.6875,16325.913,4435.42,6455.3813,8216630.5,1305080.0,370729.88,13163.086,44478.836,3654.3567,295495.34,17321.654,1526082.9,315361.2,42171.707,29892.15,12077.374,210374.64,40861.95
bronchi_448,bronchi,315449.94,138471.7,408785.4,11295.226,435147.34,8092.2295,32227.537,19857.04,22492.588,38340.676,28171.305,664398.0,16887.164,19549.709,1102496.8,78080.516,153773.58,11743.256,8203.74,6558.337,81797.84,344498.97,308116.06,12622.272,4621.3906,40161.04,15909.083,30915.271,3931737.5,19431.875,84027.16,391258.28,36238.32,28474.646,5434.6777,253672.39,60763.266,21482.848,10412.49,5084.6626,7895.7754,3370.8782,140439.08,147109.48,15335.677,37981.14,5799.3706,6579.427,5494.8193,21175.041,475765.47,6193.7812,90479.83,10051.917,25336.611,11236.258,65720.7,4426.236,3665.253,7591.14,6464.4946,5170.0586,8038.5957,6571718.5,1436564.6,146127.2,10287.892,18887.432,2263.0603,125034.734,16082.524,708717.25,304958.28,20976.451,21114.219,7283.1807,109134.195,13163.387
bronchi_449,bronchi,100289.78,199088.44,149027.08,9332.07,511399.3,9044.688,99624.78,55586.336,1938.1046,36344.992,23214.447,695847.06,77067.14,13981.18,181486.67,118789.39,66733.71,15923.307,5409.274,9047.665,94440.8,966972.3,50683.863,14483.983,5479.7817,74776.33,24530.533,21771.092,3635028.2,16749.125,30560.156,233403.2,28794.375,15643.162,4915.424,254169.53,49191.168,25048.441,10420.2295,7250.7773,3563.3489,20316.35,151884.83,178043.94,12248.641,91967.48,17185.389,43477.395,6169.489,41071.44,713175.9,21262.809,98332.82,4630.2773,12528.589,11104.45,41462.88,11079.262,5691.425,7595.341,3970.8691,3996.6035,6328.813,7750255.0,3556469.0,84878.31,10100.825,15318.588,8624.161,63755.727,14185.285,263206.16,390288.22,10668.766,15526.941,3802.029,59755.516,21297.146
bronchi_450,bronchi,138980.0,126706.15,200135.08,3749.3367,388585.75,8376.215,315928.3,67346.14,1398.7609,24857.96,35943.824,664539.94,66983.59,12444.144,193090.12,106834.266,390805.56,9585.205,3145.808,4639.8936,105845.28,875693.56,117499.086,9843.102,4255.417,66341.36,24862.941,27566.791,2656961.5,6449.418,26887.637,220040.38,25157.852,11780.623,2158.341,444752.2,36300.48,10275.418,4935.08,1172.2322,9343.113,17742.684,154290.22,71640.99,39670.316,79136.27,9822.947,22700.336,6624.1157,15515.055,593208.9,11156.446,150683.3,2072.179,13186.243,7322.347,88315.34,5016.6772,2949.4182,12625.198,11811.528,3096.4275,3926.0596,7982902.5,6079492.0,43103.305,8070.1006,11108.952,5192.1646,25940.814,6568.867,119976.65,49865.863,9397.254,12763.911,12769.658,75980.85,18885.648
bronchi_451,bronchi,206091.06,140163.98,353403.22,11573.601,474573.66,9072.284,1828.1326,27199.041,157169.27,46759.73,26897.922,455688.84,12715.31,33897.617,1397435.9,184781.55,127376.63,9063.722,6378.1787,10263.732,45296.77,426815.9,572975.1,11160.32,4256.1846,51776.184,19950.11,30945.684,2742178.5,35075.484,56238.684,382610.16,29462.707,48497.15,2968.4285,450111.97,73440.516,15001.992,6863.712,2241.2021,5484.577,20835.586,141997.14,130698.34,36547.566,58152.78,7732.4917,10879.603,4430.8022,24586.113,922468.75,15465.386,127745.6,3975.1858,21436.041,10672.308,83837.29,6472.12,3726.7578,5551.156,7613.9893,1676.2263,6488.667,5587923.5,131240.05,478858.53,9052.474,6044.949,9216.363,303454.03,12710.884,824592.1,181637.48,8367.567,7994.394,13853.885,164481.75,30509.137
bronchi_452,bronchi,134919.48,337802.88,219300.66,9002.886,549980.0,10533.573,65734.12,58781.465,3107.2935,34164.07,40722.363,655463.1,34252.29,11148.787,915242.94,52706.035,82916.44,13007.833,8096.7456,12759.858,85479.52,599843.75,447197.3,17660.988,4751.114,46359.39,19099.75,18491.42,3047229.8,17785.225,68406.836,369469.47,31217.744,22729.342,9069.836,257402.39,57750.434,18807.387,6901.716,11885.671,8604.886,20514.266,199009.67,152488.3,42913.97,76446.97,9052.18,10951.708,11443.739,50819.87,641509.7,27888.506,57726.15,9333.343,40528.758,9678.799,83561.02,13395.267,3151.2175,6012.196,14717.043,18769.543,20371.355,5812444.5,2753425.8,71190.32,13305.614,8758.651,9073.929,26408.889,14978.474,199087.69,107254.05,11334.085,24368.73,16151.1875,81283.2,20011.623
bronchi_453,bronchi,200705.23,93915.1,128746.67,7932.234,543062.6,8355.541,38003.715,25669.412,16351.718,39354.31,31696.307,810219.4,2744.784,28628.822,1457507.1,109597.81,66128.55,6276.5005,3333.2224,2969.7795,59538.445,373461.56,37179.67,10012.944,2741.5623,27175.16,8597.084,14939.34,2700733.5,20396.182,146854.64,411984.06,33874.8,68262.94,1606.7052,188312.17,62148.984,8931.82,3853.0242,1912.5345,19951.69,15001.448,144580.34,90513.75,34463.01,23376.1,4693.22,4861.344,3342.0322,8062.484,650221.5,3630.867,31705.436,3626.1145,21123.848,5974.8936,7975.3467,1676.048,3899.3691,5281.572,9239.123,3367.8408,1531.1611,1596173.1,451010.03,583984.7,11018.5,8046.167,2545.729,308341.25,12575.505,236962.61,233606.08,7120.6753,16565.463,5091.9526,68533.445,9439.861
bronchi_454,bronchi,41806.02,228964.3,138996.03,6323.3584,533022.25,5710.2993,55551.15,81866.29,1392.6935,54511.336,40586.777,745819.06,117679.3,15670.549,350420.3,93205.04,34113.836,12801.876,12110.2705,8320.645,109857.23,873189.25,198845.75,15944.005,4548.547,62998.816,22748.84,30738.285,3575080.5,27428.064,56097.855,289204.84,22052.916,20816.479,8863.944,357229.53,58663.242,22867.826,7598.5073,4141.6704,9806.519,34488.0,213288.31,146556.08,33465.45,100643.24,14006.498,26457.996,9220.944,45268.57,859932.1,25452.717,90377.375,8567.093,23247.26,8832.154,57362.957,14098.331,6112.2515,9417.173,6548.3545,16477.602,9851.855,6848087.0,2088492.0,159185.06,10507.915,15686.803,9291.217,33472.727,13128.006,141819.45,145657.61,14537.958,24632.49,11657.008,26234.07,20996.445
bronchi_455,bronchi,313090.6,247695.16,557124.06,10190.964,525916.8,14246.392,24597.3,32170.512,75574.125,67362.39,42190.17,647149.94,68742.66,14560.257,1234789.6,142028.02,204521.17,6159.3228,4768.503,11288.235,73046.9,417639.44,518477.2,14111.218,5211.0635,110802.836,42225.793,37209.113,3535583.5,24468.266,111777.26,436891.3,39049.273,37502.42,3293.1646,429523.97,85131.0,8937.777,4632.3804,2418.6196,10899.751,5610.247,154557.06,117391.336,57093.56,98352.61,14336.816,5441.68,5210.2036,34636.164,880165.4,21439.047,117589.55,675.2814,37960.39,7991.8325,98756.766,12488.671,5011.0527,16759.256,19579.303,5085.143,13653.493,7372353.5,1443307.1,259774.03,13613.704,8772.053,10815.602,304987.66,13331.299,601598.0,197374.16,10826.314,15476.57,18850.791,83500.41,29646.793
bronchi_456,bronchi,40723.53,90848.87,134277.8,4797.2314,207580.14,2438.7915,975.11017,16869.104,923.62665,17624.408,15750.712,156002.53,5187.4517,18604.12,580795.0,159523.95,11703.483,10865.25,4137.512,3942.0952,37381.016,467045.0,180469.73,8620.848,4346.949,41740.96,11264.801,10589.913,985194.44,11347.801,105039.61,244928.98,26546.738,37471.426,2505.594,31409.379,55682.637,4844.1753,5533.921,4252.171,6357.6855,4188.121,150730.72,91880.59,4381.765,39825.32,5234.762,5004.089,4197.1675,9489.293,574145.7,3313.3289,19451.4,4274.563,15605.715,7571.8833,23828.396,2287.199,3251.0503,7114.7554,5004.5137,6685.0425,7340.115,2168674.8,175031.05,141466.2,3330.3206,18600.127,1904.7527,163557.45,11571.382,429964.94,77511.38,15584.074,11754.641,5431.0034,55569.797,9581.484
bronchi_457,bronchi,530576.7,128399.055,276003.5,7192.429,341205.75,29897.852,9441.923,10704.164,261030.88,65586.086,23963.793,1061433.2,115764.05,8599.094,1815896.4,110412.23,242666.27,8064.1064,4334.519,4830.7803,63158.656,385086.94,330214.72,7474.1123,3117.4004,29037.412,11295.9795,64925.973,5866770.5,43536.312,40955.0,488215.66,35812.363,23710.969,1638.645,736801.8,63258.844,15508.16,4449.391,2966.795,2867.8748,2147.6182,123933.16,140412.44,12621.466,33264.855,3612.8147,3390.2146,3940.129,16687.371,385455.84,7457.279,172472.47,7838.3135,11347.984,7875.979,87738.52,3063.1484,2847.9497,4757.486,3452.2625,4655.437,2831.6013,7645941.5,3528.1785,286769.84,16551.975,9962.998,1458.2863,129134.88,12540.818,774948.06,129953.85,12652.26,15304.978,12124.104,106650.12,13990.33
bronchi_458,bronchi,52210.254,113986.016,235174.38,7189.672,273781.72,13274.737,16595.666,41656.613,1803.4431,30568.436,24835.828,409124.7,18673.34,5906.275,768531.0,81496.04,47356.254,12834.946,5912.2725,4063.9272,125046.9,805964.56,12074.16,8899.999,3536.9973,31034.646,10185.94,57458.61,3965795.5,10344.358,33964.117,270790.84,26447.477,10322.853,1942.331,398317.47,40074.492,5911.7817,9368.661,1337.6624,13265.511,16319.592,138094.27,180497.97,28236.885,50752.887,5611.398,9275.456,6013.085,9806.257,324827.75,4594.3066,95339.5,3530.377,31826.496,7313.1553,311.3664,2818.1885,4319.9316,7729.0996,5269.8164,2974.4622,4743.235,1864080.8,20728.734,41903.098,6736.2285,65780.15,981.96594,59810.76,13908.311,361714.25,98491.34,47911.926,8869.89,5120.27,19608.418,15015.247
bronchi_459,bronchi,279820.8,165122.84,288973.25,9840.558,557640.25,11732.027,43423.11,45758.05,11746.896,39466.277,35895.35,623160.4,47106.305,13149.2705,934385.44,90833.36,184528.31,13868.149,4864.002,11363.256,79565.35,765419.44,430532.84,11283.887,5355.818,68520.97,31346.148,29643.4,3911168.8,8252.822,60266.54,334244.25,33745.496,18028.639,5000.9775,335559.78,58073.086,18691.121,7484.035,2765.0515,6570.9287,18705.512,187140.77,149040.02,58605.926,89700.99,10362.518,19816.479,6183.032,34283.727,604790.06,17780.781,99478.0,2321.0806,35298.344,9477.553,94339.26,11354.6,4114.476,10807.456,20191.969,3656.763,11145.428,7456262.0,2344831.8,111490.875,15499.584,10642.646,10242.365,93534.77,15207.736,538210.44,236077.94,12429.293,17450.043,14268.679,109203.64,32809.918
bronchi_460,bronchi,130208.414,370714.7,177670.61,2842.1711,499362.7,24229.893,125884.836,46427.97,34000.188,31208.188,34206.324,309113.22,43532.08,10923.021,544930.3,254260.69,291116.7,6149.977,4051.0154,11852.921,136138.45,1151613.6,206408.14,10176.715,3206.631,92216.29,23880.154,50071.54,2601171.8,16643.613,43013.453,266125.97,37018.934,22112.92,1463.6212,665357.4,55189.11,5351.7476,5122.566,1226.5321,12893.163,9482.625,183265.25,136329.56,94183.47,98412.47,11800.617,26183.953,6229.4365,21620.004,842540.7,14123.309,239178.53,793.5992,42071.68,5722.775,54870.023,6063.943,2074.45,10927.032,13740.81,5826.984,11311.741,8168798.5,234104.1,271282.47,5860.3716,19026.627,7601.864,249394.67,6706.7764,1040176.9,19031.418,17923.305,63510.855,23165.879,96917.484,57731.71
bronchi_461,bronchi,297038.0,185620.86,505209.03,15510.335,659576.6,24075.102,1687.0717,15842.387,2045116.5,53951.367,33818.344,397739.72,155089.94,21141.281,1438666.4,129271.91,217096.36,6237.4155,6845.706,17693.998,28156.88,79154.84,941482.25,8350.944,5675.2754,82005.06,28297.406,48793.504,4608966.5,50902.67,40501.867,301417.47,29108.617,28711.945,6323.5215,743572.75,71329.57,28094.57,10953.85,5554.2437,6303.234,36868.312,107638.305,115420.766,63488.57,108003.96,12709.987,3035.2927,4430.219,54430.555,750032.44,31937.812,197127.73,7998.1006,19473.377,13780.733,101620.63,9683.147,4906.935,7120.471,7461.9604,4409.0303,13899.638,7452189.0,326125.22,204196.48,16565.035,4125.6846,11510.819,71859.96,12252.216,1183640.2,379291.75,9615.623,4498.756,16277.017,170658.11,42819.367
bronchi_462,bronchi,217151.03,72677.984,128505.016,2638.8882,299799.12,8144.8223,1198.5012,16207.942,5039.5933,40818.33,17199.344,632632.75,85542.805,31841.13,1062178.5,112834.8,83168.12,11297.121,2802.5896,4317.5093,42949.223,532664.5,496302.3,9731.598,3754.5623,32254.627,13631.27,28366.85,2437441.8,19023.977,87807.336,428226.6,26090.152,30261.861,1689.2633,216800.5,62633.863,21009.084,5296.813,1521.4459,4004.7476,3460.5813,163977.73,117525.65,14582.215,40178.62,5344.4375,9872.926,5004.571,11198.919,656412.06,4466.392,66943.93,9774.872,12725.634,13288.76,98731.81,2595.679,3301.7522,4841.732,4610.7173,1727.8433,946.2656,6951074.5,6193.988,411140.22,6980.146,10808.394,2218.6946,256201.38,10215.02,1127740.0,72724.79,12887.913,8788.584,3375.9822,166638.52,12581.407
bronchi_463,bronchi,305063.28,272036.62,251281.69,14329.872,648150.56,21386.338,735942.25,50378.668,11445.682,29743.111,31572.277,614930.1,222303.81,19962.71,489534.62,141522.2,337462.53,19324.223,5156.0327,18069.09,90067.62,1048030.2,755423.5,13527.092,5125.689,107664.28,36215.1,20534.996,4959916.5,33122.97,39617.42,302043.62,44754.18,17813.473,8164.7104,473708.2,53461.816,63329.832,14850.851,2542.645,2472.1624,44683.895,174002.48,167571.28,36233.066,123121.125,16174.402,47284.453,8053.3228,42212.266,751900.94,28515.084,70834.03,9327.736,27712.457,12673.395,103804.96,15488.619,5712.3477,16859.084,8429.327,4085.1292,14773.929,8308120.0,5112629.5,153735.16,12355.328,12370.764,11842.176,32411.613,15517.881,1625894.0,314385.88,12890.593,10656.562,8962.644,154099.92,39707.07
bronchi_464,bronchi,285220.34,69550.4,160023.6,6615.068,191151.47,7091.003,2380.379,10602.931,18632.441,36732.418,9785.114,566052.94,87957.02,24877.574,1116168.4,164842.94,92970.49,15742.768,7874.0635,4607.89,29659.973,572197.5,394528.97,11222.2705,7160.6953,46577.516,14461.773,30397.986,3002674.5,40368.05,103998.38,431493.84,31918.752,20574.713,3550.181,78288.85,59396.152,23082.67,10030.0625,2459.1794,1977.7516,668.4375,170885.47,134281.77,3747.095,44415.42,5449.446,5023.975,7670.1216,10440.713,570473.0,2609.4443,23178.256,20849.44,10217.446,12830.344,81722.445,2959.3364,2434.0483,7639.821,3586.597,5660.5596,3210.258,6675832.0,1128.0123,263833.44,4493.6865,21370.62,976.9392,162681.94,14415.051,1500501.5,134737.8,27413.418,8111.463,3614.7485,135158.12,13283.032
bronchi_465,bronchi,173851.38,142027.48,380823.84,9743.541,398929.16,7619.7505,42123.27,18346.984,19469.068,25827.926,29499.85,601178.1,16855.129,12213.004,844865.2,95727.35,185120.73,8921.757,9421.484,8147.666,64993.316,373419.56,249457.47,11357.004,3639.7725,43355.285,17338.611,20003.057,3874338.0,18343.066,63354.598,314241.38,25803.477,17896.027,5351.39,315856.62,46586.668,9473.784,9879.058,4145.5356,9969.662,10371.12,118720.984,117005.17,39518.78,56001.53,6575.769,8758.727,8425.75,19506.893,405190.9,10107.233,61842.836,9176.681,26805.55,9563.344,65096.91,5216.3745,4168.4077,7438.865,7049.5024,3366.4275,20661.686,5234591.0,912331.4,81341.59,12589.534,17761.596,2724.1306,44998.215,11941.143,624952.4,172602.61,13236.266,10691.746,17155.307,100811.63,19514.986
bronchi_466,bronchi,289537.66,291907.9,309726.72,11990.318,441470.84,39578.184,1625604.0,51655.79,20015.135,50485.83,43338.09,728713.8,64994.926,11144.057,1702908.6,108405.695,184180.03,19632.22,28136.855,14008.502,116506.336,954399.7,53870.133,16645.043,6529.662,121707.83,32015.549,44796.797,6099504.5,128030.875,43564.055,474601.25,37002.098,26786.436,9753.881,832689.8,78877.15,22291.506,6457.925,17180.555,1534.639,30867.16,181751.84,171214.17,62958.816,113155.71,13546.135,35038.742,10337.888,30502.299,645248.75,26169.475,61257.08,2694.5854,17317.145,6411.378,28703.785,18438.57,6749.0977,23612.826,9101.301,12831.36,46369.605,7249305.0,2397834.0,80672.875,15033.561,15494.485,13292.258,23785.621,14783.739,720336.7,98671.1,9842.21,8013.5864,24730.342,30180.785,41640.05
bronchi_467,bronchi,9526.546,21387.908,87539.77,5134.9673,312172.0,6494.9087,32646.986,50136.86,725.7455,17251.535,20045.414,260297.28,6399.971,13024.767,222349.19,83490.93,2952.9165,12564.8955,5629.4697,3638.6963,63492.87,419922.28,2716.533,13193.54,4562.2173,32777.582,9844.078,19243.19,1098595.5,4118.509,69227.06,172788.39,15269.665,17306.512,3569.5784,68655.98,39894.848,5772.334,6877.7754,1970.102,19914.941,34723.812,160192.16,181049.83,16553.223,53673.418,7383.904,17336.53,4612.6353,9465.502,436937.97,4414.51,16653.586,2473.7832,26126.63,7277.2993,41.069756,3500.7175,5905.892,8104.944,9380.177,3851.0251,3529.4038,6569.356,369496.25,74439.35,4468.9917,55494.543,1702.5137,230903.19,14664.585,44084.902,45572.266,30453.438,8231.102,3081.59,4969.0474,11599.857
bronchi_468,bronchi,251022.28,32746.898,187323.61,6399.092,234914.14,19236.09,475561.78,9884.317,62451.523,25846.973,19771.379,610549.25,19083.617,4286.7393,1183156.1,27504.684,65790.56,5579.7583,2673.1555,2994.4263,46424.25,135451.17,5789.1567,6293.982,2942.0134,20914.904,7462.4443,14328.437,3844598.2,41507.31,18960.672,207122.55,19299.027,8953.263,1213.9231,177489.23,33436.387,5319.6787,4219.0645,6292.547,6850.2715,2056.0337,111418.38,81696.03,7265.0933,11210.76,2913.5908,1942.0197,2856.5457,8284.392,242162.05,3936.4136,23964.387,3332.7295,11284.049,5851.1943,2762.502,1915.1798,2166.2117,5629.91,4739.7974,2688.433,2229.6243,1809474.1,5102.893,14575.624,13532.821,14997.2,725.2591,30974.916,11229.498,33889.566,154434.78,17325.271,10968.831,7558.8516,28379.35,9324.285
bronchi_469,bronchi,302603.25,210426.4,369034.6,8279.85,374566.25,20015.994,364172.47,29131.057,28182.107,29518.959,29386.602,652012.3,10748.112,6841.0454,1053341.9,114780.92,359244.53,11025.501,6550.6157,9302.256,116803.266,982344.2,48579.918,9707.856,3363.0444,36882.344,14698.092,36344.23,5137209.0,27883.268,40477.383,352017.34,37745.34,19163.996,2262.6025,545332.7,55765.754,10953.327,7516.965,2700.1387,7340.7876,6317.9385,136319.94,149417.86,51199.664,71066.46,5449.6797,10246.244,16263.548,16172.705,353816.3,8268.218,145742.23,4746.1313,27771.67,6454.4023,33559.8,4358.683,3292.2285,8970.709,10473.106,2683.2454,12808.044,7557289.0,135880.19,86318.3,12852.328,29803.023,2161.5767,35002.87,11288.235,748681.0,166689.06,24980.236,14507.016,19520.553,92705.234,21757.621
bronchi_470,bronchi,221310.25,245146.08,177800.45,10158.629,347001.3,36364.44,514710.8,41378.695,6140.259,52299.855,35635.844,630804.3,46919.832,6539.3164,602770.1,84187.42,283341.0,11667.931,6815.281,9586.512,125154.39,1005186.3,62012.043,10829.392,3220.6536,45411.78,14419.23,37907.246,5083381.0,20278.234,20989.62,266227.5,30692.06,13550.554,2176.9194,574043.25,42196.086,12082.95,7272.8374,1602.418,6394.0464,22567.234,191025.19,122692.35,55302.176,73516.69,7265.738,26876.229,12654.179,16761.205,452998.53,10316.563,110120.83,5961.999,32318.643,6888.7725,35041.516,6016.8545,2419.9536,8196.49,9519.634,3205.793,7967.6143,7825394.0,1040285.0,57093.887,10574.985,28644.416,2971.8796,29649.055,8789.908,287055.75,88564.58,19978.977,14547.195,14367.82,69074.13,32917.582
bronchi_471,bronchi,157824.6,39887.39,83983.734,4064.5474,124262.52,7348.066,2752.1008,10312.127,2041.0935,16612.943,13381.604,217858.56,45359.582,5702.0264,900355.9,75927.83,51087.043,8877.499,2126.2822,3037.387,34650.734,387206.28,89236.23,5644.4873,3507.4731,23034.398,8016.499,11875.53,1853492.6,17299.646,24163.594,216224.81,29540.588,9831.674,1203.5687,57564.902,36266.566,4970.9014,4228.9805,2771.1519,1282.2384,1967.8954,151471.55,83343.44,3701.4504,14291.246,3137.126,3392.3271,2947.1006,7629.808,271972.56,3793.3853,24373.658,6287.0215,10772.733,7344.212,61660.977,1723.5996,2326.71,4579.3213,3378.8818,4632.0093,1764.4368,4681802.0,4778.6255,19061.809,4411.0454,21713.633,705.5135,32325.518,11403.644,363082.53,42717.887,20185.596,12037.768,4813.7974,32031.643,8601.874
bronchi_472,bronchi,61167.06,109577.64,94009.195,6150.8745,236811.47,4256.513,4315.78,19748.406,2099.3804,17460.215,15962.187,407941.84,8758.752,14099.688,329257.5,43875.73,41409.45,12677.408,8484.952,6424.6133,47705.93,414137.28,99872.78,10128.387,5537.29,41446.906,13165.434,12741.471,2026273.5,7384.8125,23249.035,216999.08,15067.12,11763.894,5694.368,150169.56,34168.992,10529.294,8484.014,17255.041,2718.292,10242.824,165049.0,76844.1,9584.4,63809.863,8790.789,6027.314,4936.9966,19456.094,584737.56,13296.214,23421.758,10697.917,9087.058,11154.744,68130.65,4558.446,2049.0566,5444.0737,7123.888,4748.8936,14274.723,2904416.5,86746.766,68365.02,4947.7407,5237.474,4179.046,20822.316,9714.8955,334574.62,46722.555,8328.401,4358.209,12839.562,87992.17,12400.922
bronchi_473,bronchi,246228.8,254656.25,59781.68,1498.7148,321067.88,18493.254,769885.2,16408.896,10231.147,15608.483,14738.196,536254.8,45666.195,18169.77,591214.06,299701.66,15793.191,11620.065,6717.8716,5810.555,125075.76,960024.8,1687.5876,18893.467,3305.4048,66381.17,19053.502,11209.412,856050.4,30374.252,31734.932,370161.1,45971.418,15397.788,3105.4412,535324.3,28321.354,99572.63,5860.623,214917.7,4770.764,664.40173,63494.625,235811.08,25466.873,81055.93,24636.79,16420.967,2315.5144,14872.651,695293.1,11976.192,31495.2,2922.4614,6694.869,12173.44,26.308826,14535.296,1968.2288,5046.4624,1620.1199,25074.254,2337.402,8293340.5,333943.78,101424.86,2140.1235,6720.6274,11927.928,497217.12,5254.8984,2023583.5,224313.12,7740.5493,72605.25,2120.1855,144246.77,21769.701
bronchi_474,bronchi,330750.84,242106.17,369069.78,8795.418,428127.78,13894.959,57865.324,38988.47,49143.152,54123.65,43738.027,785134.25,44466.746,26388.066,1265783.6,230389.8,388899.0,13816.068,4578.9106,6601.6357,112477.24,1025748.2,586814.06,12595.804,4427.393,44575.527,20163.7,79296.81,3069715.0,13149.2705,157766.36,508142.06,48347.71,65744.71,2164.6055,712288.1,100945.266,12804.013,9675.706,1006.2508,24072.37,5757.597,244601.25,172608.22,56306.414,94838.47,6480.657,15811.805,6754.385,19696.021,1014376.2,4386.1646,325707.16,555.7357,46115.977,8134.621,69796.12,2467.4226,3205.533,13086.977,22070.822,9702.849,10213.812,8184730.0,1078301.6,740157.6,9788.643,41515.938,5157.538,469645.38,14832.931,1329710.4,131726.45,38029.31,37574.773,16080.807,196868.84,38762.344
bronchi_475,bronchi,22144.217,420343.8,313346.6,8050.8804,582742.94,8860.166,538998.9,86424.23,4787.7046,42034.14,47757.73,704144.8,13794.436,11428.6,1018258.94,129718.96,45753.56,11043.192,14391.615,16574.027,127764.98,1010363.7,16561.229,14772.646,3338.852,65180.465,18812.016,41739.25,5258588.0,83656.87,77391.06,428530.53,19547.361,30693.846,7387.3696,687783.44,70466.95,8010.629,5377.2144,9777.119,10793.106,37419.25,156637.61,195097.73,146221.84,97629.38,13399.981,41263.23,21020.389,33596.85,658860.56,29211.123,64992.26,1725.8807,37187.934,6253.0225,2260.9062,22018.598,4899.924,9843.13,9489.212,8447.638,38276.48,1612258.4,2787487.2,193328.56,13737.271,30157.94,10321.583,68467.79,14205.756,204580.67,99019.6,11735.317,29222.91,21149.227,31487.51,49907.207
bronchi_476,bronchi,327849.7,74579.125,286695.72,9213.313,340541.62,5781.1943,8484.847,14626.201,7042.755,25515.447,17739.977,538008.75,32514.898,10967.021,994694.7,51849.363,129947.29,14488.709,4575.3916,4684.3555,55948.63,366033.2,276635.16,8552.544,3943.528,27208.432,9873.557,18527.236,3326213.5,21513.582,44446.82,324223.94,33705.52,14156.268,3437.717,185316.62,45787.734,12691.551,11342.109,4457.569,5753.458,2798.7727,133968.77,135355.61,8886.436,28170.258,4423.184,7082.4453,6805.628,10870.246,295009.34,3181.4536,35032.56,15857.276,13148.066,11354.936,63904.32,2580.613,3025.4983,5769.29,3854.8992,2376.58,2125.843,6383648.5,89592.24,60222.47,7831.924,32577.287,877.96466,58826.16,15883.795,1118256.6,381662.25,32282.94,12733.101,3224.4534,105712.32,10521.344
bronchi_477,bronchi,407756.72,108014.88,486542.84,11745.843,558089.75,13067.956,2315.2097,11813.938,1297665.8,58445.4,27397.215,829793.94,141316.4,36284.35,1268767.6,204013.9,279693.8,8948.439,4025.902,9610.864,42616.93,172510.62,476635.12,8253.437,6348.075,76910.97,29246.441,62542.477,5423796.0,36167.332,91197.66,414535.2,33126.062,21523.412,4562.8525,677296.7,59088.457,42583.98,11458.701,1648.5731,8127.781,7273.2124,127659.375,128036.74,46514.438,100640.07,12740.827,3384.227,3403.9875,33259.652,792567.75,15538.659,136775.98,8901.493,16551.266,18602.203,99150.766,5573.923,3459.195,8134.4346,7334.314,2346.109,7132.251,7883821.5,22426.572,345075.72,13914.162,5617.1924,6182.944,204391.12,12466.477,1610735.4,388625.4,12274.38,4871.589,10164.657,253296.72,30453.12
bronchi_478,bronchi,21124.713,121893.22,187976.45,3216.7388,445395.66,4471.9424,1733.8708,82797.75,784.81573,48739.926,35116.254,438074.97,3853.05,18084.814,204301.1,198197.88,18088.85,11911.08,6900.103,4631.276,105288.336,812856.2,76858.02,22433.375,5345.503,51684.863,18831.258,57202.29,1385680.5,5154.243,135341.16,298180.4,27422.309,45461.05,2760.056,141996.88,62211.25,6888.746,5401.066,1790.3188,28421.848,7442.151,186028.45,166772.06,17081.152,69859.05,11009.676,14964.281,6432.492,11804.737,911377.44,6265.584,64325.246,508.04422,31664.643,7209.827,412.44547,5115.603,4976.7983,9029.94,11738.619,12677.577,10396.464,1163718.1,143241.11,333884.88,7427.6704,50847.895,5805.1265,592838.44,12607.942,230042.69,40175.33,29104.62,34106.35,10528.45,16370.084,21010.547
bronchi_479,bronchi,473841.94,526376.44,357876.4,15960.694,741406.0,38405.156,1123036.0,30682.285,55963.145,38503.258,49872.473,632558.56,91226.54,13815.739,1980896.6,262273.78,369441.28,9940.654,6801.585,22833.828,103290.17,1191121.9,466504.12,21595.13,8644.165,149794.95,38309.496,59539.92,4009555.5,28165.906,81120.19,487417.8,50804.56,39199.195,4012.5254,756207.75,99780.72,25364.172,8410.976,30664.412,7716.3716,2122.6943,367902.03,216527.33,132220.58,122115.57,20251.602,25293.25,6234.84,46118.97,1020719.7,29181.33,82254.766,219.30592,38404.133,10922.886,98856.94,9175.719,4145.718,21802.156,29523.295,15121.335,28157.178,8309491.0,2248095.0,113043.75,15590.288,10954.811,14585.984,259800.78,15268.033,1941993.5,62769.664,18791.896,59789.434,20493.068,185247.36,69799.11
bronchi_480,bronchi,76767.63,45509.895,36954.945,769.7357,189093.38,11892.929,118051.92,36199.22,986.71136,16730.094,10414.665,254614.0,12337.348,15396.862,65155.168,187257.53,208822.7,5859.673,2028.6191,2747.721,124062.88,1006042.7,27816.068,8374.642,3143.0183,57171.53,21292.719,21092.402,261607.06,10209.068,20513.014,115976.66,20137.256,9914.682,1033.2561,306594.78,24629.13,7391.5776,3693.8174,1167.9474,4020.6633,1505.006,153526.23,64814.676,6867.34,47065.484,15732.141,7631.191,2982.6484,8031.3613,672285.5,5101.754,70040.1,599.2885,7351.7812,7087.7163,268.8637,4130.237,2143.4739,11017.491,2867.2456,9464.87,824.2669,8037614.0,1321891.4,110516.1,2451.578,4970.688,8143.626,147697.08,4938.358,251287.19,8143.292,6815.164,19426.41,4693.9634,32055.082,14949.517
bronchi_481,bronchi,184832.48,86291.305,77661.59,9405.001,93511.5,10576.711,11039.274,9973.809,784834.8,29043.451,17941.416,470707.62,171311.67,45919.406,623490.25,176948.58,238069.81,14997.043,5682.805,9012.182,27167.879,191893.58,508015.12,18522.625,9123.054,55112.74,23065.152,20625.54,2045063.9,18747.984,169597.34,434536.94,35061.438,20693.299,8312.173,233793.97,67656.875,126110.49,20677.93,1424.8212,1504.26,6853.9707,127506.68,98510.125,16023.243,93410.336,10395.67,5387.498,6020.264,22651.74,788902.8,7989.866,25792.012,23561.695,16536.291,25220.361,96561.18,9044.818,3179.3691,7539.864,5167.554,8533.559,5626.324,7356382.5,88964.055,258746.95,3625.7341,15097.126,1625.1259,103134.94,14781.821,1691484.8,182466.86,26100.531,3926.5015,5693.1353,338128.4,26663.61
bronchi_482,bronchi,329586.44,79032.64,175507.6,4572.874,191282.6,14043.055,2272.1208,7366.367,914441.1,71896.98,22116.463,1084638.4,201691.48,57359.67,1475524.9,252801.27,135668.22,8875.603,9511.992,5819.8237,16143.733,166555.11,413768.16,9254.106,5207.739,56896.9,16927.977,38172.62,4789304.5,106932.734,238891.52,570893.7,31104.605,51020.97,6353.6904,258930.11,85880.234,38023.473,9981.65,1729.2808,4863.306,1039.7399,115903.57,91139.23,15040.774,82692.875,6738.6836,1970.8503,4027.5269,10592.621,1171831.2,3676.8057,25992.35,16454.201,11494.023,18994.191,85711.19,3161.9077,2888.504,7920.153,4909.9927,13405.414,3168.4026,6926808.0,787.3085,1097961.8,7726.2915,14817.49,1397.252,500090.4,13239.625,1793484.6,117890.03,18287.588,8384.464,3834.5588,244719.55,14761.887
bronchi_483,bronchi,278095.3,129106.56,357715.34,7357.365,394452.97,9212.856,45560.53,35131.9,12370.881,44520.383,36280.37,647585.2,71127.08,21923.32,592667.1,114396.69,425206.62,11040.054,3215.8152,6036.8535,108771.875,1034823.0,338791.75,11220.9,3447.178,36132.098,20489.375,58030.066,4375650.0,8035.683,114787.82,388732.5,42353.848,26650.467,1995.2529,388594.62,63661.613,11587.616,11502.445,954.95465,23782.74,2845.3767,171736.81,181642.16,68203.13,95925.94,8344.566,11643.984,6322.816,14785.741,653932.8,4260.1284,265498.06,1101.8346,36270.996,8044.3867,93653.23,3064.1946,3290.9724,10969.814,9027.649,2751.627,3433.9446,8207154.5,1149457.5,246777.97,11307.578,53016.984,3076.7756,159455.36,13025.052,1039431.1,343017.84,42583.617,17707.674,7211.6426,142510.1,24674.342
bronchi_484,bronchi,459985.7,333886.12,99521.086,9326.393,411843.84,13632.895,1272758.4,28186.193,3903.4182,20198.98,16803.03,589856.25,251843.78,16293.512,711423.94,278446.4,100793.37,16794.457,4003.636,5404.086,134616.3,1127501.4,370772.3,10461.636,4212.626,139207.77,35146.31,15038.393,1173205.5,50096.664,26392.32,277517.75,46410.75,9757.808,3815.3374,285989.28,29371.248,52998.586,9351.217,73036.31,885.6183,1123.0692,79248.125,165775.28,21652.174,121980.2,28387.281,25531.854,3488.819,15392.208,858309.9,14571.19,34398.72,1481.543,5723.856,14209.753,64563.65,13356.153,2281.6313,17817.805,1780.0055,7902.0586,2789.9834,8312288.5,1151372.0,66039.69,2844.7673,9528.3,9394.494,201071.73,6599.451,2032743.9,659271.0,8253.42,33207.58,1446.3239,93983.47,16694.965
bronchi_485,bronchi,82059.44,442234.38,243030.56,5723.992,462167.56,35766.59,893512.0,51740.543,30106.586,37514.297,48055.8,885038.06,39227.28,6570.8784,1534793.4,139517.83,140183.23,7653.7734,5031.7637,14156.052,113812.87,504153.06,139113.94,8994.209,4267.2256,56373.254,18769.99,30125.686,5146845.0,36193.316,91311.75,432620.78,25910.354,29130.055,4697.448,932021.7,73972.13,5118.2437,4182.859,13733.04,5172.8853,19439.568,125781.03,139510.39,143462.03,99366.41,7363.81,6432.333,10472.776,40298.43,526114.94,31561.38,102194.72,3087.652,39152.457,5802.679,62749.074,13624.459,4667.5312,10075.193,14373.083,10891.345,40118.316,4378267.5,4749152.5,67464.23,17624.525,9618.889,9830.427,24120.123,11339.4375,181750.64,85793.38,8698.402,18490.96,27557.984,43472.457,41173.17
bronchi_486,bronchi,200246.0,231717.4,533757.8,8602.317,819953.7,6843.7866,4814.142,31371.18,152430.44,72648.88,37151.246,573412.44,3319.2544,56055.98,1314769.1,205212.81,137662.19,9805.724,10034.704,12374.221,63559.633,364974.22,403285.7,17489.396,4582.6333,52939.53,15292.75,31701.959,2821830.5,38988.99,175544.25,478067.78,34566.6,89523.66,5137.5054,407349.75,96780.6,20538.246,7132.0605,14450.179,15013.958,14627.471,107259.164,154257.84,90887.516,60451.027,10603.629,12732.384,4620.108,31747.95,1240025.8,22710.773,189336.81,3016.9927,26044.857,10436.033,42429.043,9816.897,7507.972,5082.1025,9249.756,2471.5706,11657.052,3055803.0,1680004.6,678640.9,10375.127,6611.5415,9152.46,505035.12,16830.68,608432.94,254375.17,8235.813,28085.46,12582.199,154930.28,31316.924
bronchi_487,bronchi,147051.83,256727.23,597041.0,9144.127,853770.0,6398.86,237664.88,28864.57,10716.095,49762.53,45718.402,824996.44,28927.65,25885.852,911348.75,115377.19,147948.3,9626.148,18702.283,11683.6875,78693.07,201131.19,517978.53,21485.45,5024.823,72990.914,23216.707,23938.506,4302684.0,46689.86,128027.46,468184.4,31536.527,47300.734,9796.311,324298.75,85763.69,10564.914,6302.7227,39555.582,17883.383,11408.408,109427.16,132323.89,74337.97,88198.94,12872.423,3996.8132,6544.652,41855.61,886836.0,25626.752,82222.3,10396.146,20108.488,11785.455,65061.53,15932.012,5364.2075,9342.65,8792.197,15371.201,19939.383,3217521.8,6134781.0,193538.67,14503.807,7341.502,10573.705,106480.805,14042.854,372069.8,360176.25,8717.397,9685.235,15081.972,66924.15,16510.793
bronchi_488,bronchi,38183.984,505326.6,392441.03,11156.105,956159.8,30725.271,553590.94,90670.65,57007.65,76384.516,53053.35,635603.25,77521.516,17285.414,1550044.2,259422.72,16419.807,10056.539,19984.465,21645.01,125396.56,1033733.06,41720.902,15160.975,4316.4263,87939.16,21642.16,70357.5,4829695.0,85581.81,120108.53,465946.12,15141.105,46105.16,10320.953,817135.7,88837.81,10110.936,5317.944,39310.723,10623.966,42963.355,220835.67,233622.12,280883.6,110819.74,19491.4,44193.465,19467.176,55288.57,1130965.8,42844.164,85689.45,2015.2285,57766.74,6869.148,1437.9725,29282.557,6785.781,15948.719,17924.775,4137.5356,36386.82,3113875.0,1244126.5,318402.53,16427.404,48439.74,12365.408,167914.27,18128.918,488162.6,118028.4,20086.598,33958.35,22565.406,45247.81,76565.76
bronchi_489,bronchi,157715.97,396766.47,188498.48,14129.345,1206503.2,9558.902,954042.06,20055.148,8942.68,25860.73,29599.33,645581.1,20614.979,25211.559,898327.44,217267.66,25759.98,19620.129,34898.375,16909.293,108964.37,1025260.1,8818.863,18250.65,6083.0195,44261.375,14532.011,24384.818,3149075.5,114396.69,72455.63,494458.88,44343.598,35913.156,14766.829,353369.5,71476.59,188303.55,13550.191,298371.0,8441.017,1174.9795,84708.33,263210.2,56496.234,110435.18,28609.088,41660.31,5944.6006,29546.477,954691.94,33915.336,22774.52,1817.4117,6994.0947,15382.684,35.203384,25596.488,4321.374,5078.173,1772.0117,22630.924,22491.602,7551633.0,655903.3,141863.69,6415.128,14616.872,14524.64,428535.03,14883.364,1945363.5,602767.8,9322.578,23075.979,2864.935,150817.58,27035.645
bronchi_490,bronchi,14597.326,41895.664,111977.1,5114.32,158252.8,4324.104,1581.3597,31765.455,971.492,15685.891,12641.513,69661.984,22470.162,11098.732,285959.28,104864.85,6642.679,17006.104,4452.941,3562.0676,74443.4,963116.06,5932.456,9329.827,4934.454,28967.352,9641.87,18742.209,1268871.6,5671.8066,58025.75,171583.42,21657.998,14294.777,2347.3447,124458.57,40285.02,5589.8,6535.544,2567.0498,3996.8667,20798.678,203256.9,141504.8,5985.2407,55431.438,6254.5317,12009.981,4929.6934,8770.681,460672.28,4327.9004,21282.244,1903.3519,19047.725,7638.6333,165.7127,3286.0786,5466.5737,6975.9927,5042.8823,1495.1663,6216.6987,59311.754,18964.795,36436.305,2911.7234,55755.383,1077.6764,95095.23,14114.031,49917.344,9893.636,30755.352,5189.085,3241.2026,8724.941,10951.886
bronchi_491,bronchi,224718.02,109694.54,174038.67,7140.4326,322931.88,5284.9077,3799.5166,13657.777,12357.072,26747.709,19117.756,472453.03,29627.148,20231.736,853218.94,112244.5,136441.03,15640.925,5827.612,5127.7725,67902.836,493364.22,255893.45,9125.299,5345.605,35577.234,11288.3,14356.328,2385369.5,14576.444,54487.582,330062.97,31632.104,13284.362,4557.037,96563.39,44570.004,16607.24,12328.514,3952.744,3801.275,1921.1573,165662.28,109220.83,11929.668,34942.234,5416.642,7005.578,5616.2227,11692.851,460707.0,5103.365,27526.307,16920.342,13026.903,15970.79,70738.17,3327.126,2019.5277,4958.205,3549.8694,6286.1465,3898.469,6837169.5,22375.299,82081.27,5360.0547,11827.434,1114.1409,56108.934,13800.317,1272855.5,193779.5,24462.664,8582.951,4460.606,177448.95,12119.571
bronchi_492,bronchi,507283.12,178010.84,433708.9,17658.865,951309.2,16543.785,220884.33,42529.598,12609.325,59758.938,50476.44,975800.7,249151.23,19123.027,1527300.0,107568.52,440938.56,16628.525,6553.7593,14115.391,69457.0,895090.6,1048990.1,18125.012,5347.344,97659.0,36546.453,35374.574,5245690.0,60268.723,59292.41,448792.22,45844.67,31939.61,10702.4795,505919.72,80445.92,25981.717,12178.7705,3869.6143,13757.332,10637.42,166330.81,136808.47,100212.34,127232.27,15830.092,13759.366,5977.442,42175.887,856495.44,22045.283,53589.176,3339.5178,26394.938,12708.145,104944.586,21023.156,5050.175,15774.796,10245.863,12571.1045,25504.96,8295262.5,4494461.0,200144.81,19816.855,7696.8633,15501.624,34206.062,16225.837,1633646.6,486404.12,13225.086,9000.628,16132.683,154310.23,28081.873
bronchi_493,bronchi,232076.78,97824.55,161301.3,7739.8926,207123.34,6403.983,6922.569,14035.984,7284.5635,21974.773,13802.621,471839.78,53312.33,5593.128,913685.3,59549.234,58212.43,9383.596,2312.8672,3628.6719,47840.016,414252.62,85727.625,6790.6367,4016.7532,31843.104,10623.773,18732.559,3105272.0,10160.209,37059.062,258579.95,25743.795,11887.928,1433.4955,126778.43,40699.34,8744.52,4299.5903,2855.4954,2614.0154,2328.1045,163316.95,96967.13,6267.8794,19693.936,3416.0562,3937.7993,5727.504,10328.683,290696.66,4510.723,41861.4,6863.725,14434.118,7453.1187,67515.08,2546.1711,2374.8496,6032.9624,5408.103,3440.1677,2131.5798,4577353.5,30885.918,17657.553,7500.5786,17428.969,941.86194,30843.236,11443.717,258248.72,73750.32,16339.091,12803.097,5339.4795,37068.395,9417.667
bronchi_494,bronchi,178808.31,136016.06,288919.25,10136.533,319898.8,5232.2114,2940.1826,20247.197,27245.408,33521.0,22143.879,481886.25,22068.045,29659.746,1431642.4,119808.45,44124.863,15285.255,9263.564,6169.542,79263.39,544465.4,174893.55,13501.558,4145.5317,48735.695,13406.526,18987.398,2939886.2,26891.791,100490.07,381798.03,32238.88,31487.36,4340.1704,149317.86,73461.664,17390.73,9393.32,5225.7524,5993.5356,17571.656,135314.83,160638.27,15039.855,49433.035,5952.6914,16448.365,6819.325,16548.219,604047.0,6140.9497,34329.17,9394.404,18582.45,10529.425,31499.404,4949.53,3951.3303,6627.3574,3844.1838,2370.0894,9910.258,4245124.5,131096.06,234086.67,5864.4478,18927.012,2070.0586,192617.64,16494.172,944030.25,274528.97,19251.707,8065.068,8046.9883,116171.16,14359.3955
bronchi_495,bronchi,382590.44,244741.25,326870.97,10616.602,1155143.4,10082.307,445701.2,37403.16,7491.5913,49382.617,40001.41,814448.44,209031.11,18221.691,1658480.6,50236.367,305277.78,16905.133,14457.03,14693.775,97455.62,906450.5,755934.44,16280.712,5304.0835,96176.74,34324.395,41655.504,6344247.5,120848.586,53451.566,415165.03,42749.434,20802.328,11680.39,488944.4,71910.35,62587.168,9458.823,11971.521,4419.924,16636.87,148737.14,186580.14,63339.254,123300.91,17714.92,32019.885,8686.754,44757.848,859180.44,28442.809,87315.65,5165.312,12346.046,9809.344,102644.125,16621.834,7650.7446,19667.32,6042.58,11963.417,28835.213,8271240.0,3881727.5,116325.03,20864.299,10395.997,14001.035,38446.457,18453.26,1443553.6,502564.12,9241.238,10206.158,16016.169,114628.76,17960.47
bronchi_496,bronchi,367461.97,82528.29,156089.89,5070.825,472299.44,15819.21,996396.06,16051.433,135561.14,23215.223,11734.803,860033.0,118617.664,49831.727,678815.0,154968.42,319780.75,13830.479,3920.3936,10951.039,130882.33,978843.8,124360.445,28959.506,4566.876,46396.277,17753.094,24332.201,1401479.8,11858.01,126642.36,459244.03,50822.49,30217.45,1967.1125,690163.3,62062.98,98722.586,14937.701,11642.485,4775.203,273.28485,121569.32,237439.23,16116.688,114040.38,19686.65,11439.047,2553.0183,14490.657,918237.3,6017.038,47043.63,821.2416,6236.0474,26611.607,22465.127,4866.9443,2745.6467,5001.779,2060.0532,16760.47,1387.2759,8305862.0,1936565.4,332143.84,4784.874,5486.906,8644.214,366462.8,8591.134,1992704.8,202093.12,10668.593,36458.48,3245.4321,301475.53,14762.394
bronchi_497,bronchi,576769.44,285762.72,354406.28,23489.246,1008575.94,8187.9814,39345.266,47715.62,12202.746,47757.73,42316.664,1076258.1,213035.02,26100.68,1375034.8,85814.164,287603.53,26073.611,19762.764,16599.576,77873.336,1005496.94,959889.3,23732.1,7714.5537,44172.1,26313.904,22661.658,6208493.0,59239.168,44942.074,479278.4,46472.312,17825.777,15024.816,326662.78,67335.99,389743.3,17444.068,31085.744,7643.8228,29250.459,244324.98,225909.5,86538.21,127717.22,16106.977,31149.045,6678.8857,62088.14,993548.44,31810.596,43870.918,17362.938,29874.48,16527.572,103291.84,19569.969,4782.757,5361.113,5859.1025,25887.8,19111.32,8300454.0,376722.88,123944.03,19818.557,9549.553,15482.52,29550.084,19879.72,1943440.5,784554.2,12647.386,15961.364,4918.9883,265531.22,32912.62
bronchi_498,bronchi,75152.95,52825.805,117999.586,3984.852,166339.55,2826.4167,1510.2004,14426.4795,396.13785,16519.535,15225.747,139210.69,13683.163,9513.054,416239.78,105888.39,20791.975,9365.248,4328.561,3555.6343,31381.354,258265.22,249153.14,9604.386,6018.955,36390.6,12045.566,13648.076,999871.44,12413.205,67021.23,290894.66,29695.805,27372.898,2323.0146,19592.678,51189.117,4890.4824,4747.9517,2287.5144,4093.5083,886.4824,144252.95,95181.79,1869.5084,30675.645,4027.3655,2793.138,4787.823,7911.3574,382928.1,2806.485,19189.053,6769.5283,14865.362,7985.1504,34474.09,2064.3691,2921.912,7957.7715,6023.475,15454.961,4026.5242,2038391.0,134692.06,66323.46,2896.538,19901.12,1084.3811,201902.98,11122.862,429510.84,70999.52,24205.18,9890.277,3858.755,43282.04,8499.45
bronchi_499,bronchi,17888.654,163142.77,52265.95,719.7475,228324.75,11007.996,84167.836,24396.193,2285.7734,14347.034,6283.053,144899.89,49209.37,13151.49,22910.94,213669.84,6944.843,7832.7534,5782.005,5513.7676,121835.46,912421.9,5120.47,10253.938,2679.9849,47308.945,16226.379,10643.185,668078.7,31952.986,32001.994,176741.12,15728.63,16079.119,2716.4138,165728.97,25101.746,18444.568,4794.7705,49736.914,4300.226,2269.1323,52206.32,204508.7,23234.027,82762.46,23071.379,21974.898,4560.52,18311.377,667792.7,11610.859,43064.15,4781.352,8215.173,7195.277,28.181784,14927.817,2496.721,4590.2505,1650.4486,9201.599,3611.0608,8043756.0,1419343.5,102079.49,1940.3573,9543.652,10953.933,372726.8,5224.581,973226.4,92600.79,7795.867,26635.855,5987.839,26043.465,14824.911
bronchi_500,bronchi,260729.1,254530.48,239475.47,9446.526,313449.72,13498.507,7343.834,20909.459,44599.258,30270.752,27739.771,652109.3,56409.395,15825.246,1472426.8,89303.484,172432.98,12631.461,7722.3574,8361.775,76922.484,621811.0,256385.67,7635.421,4519.91,32790.273,11902.528,20812.607,4478275.0,28945.977,29666.988,345127.72,29018.67,16378.923,3040.93,647736.5,46203.625,20260.912,10307.574,7846.616,2556.5195,14681.434,136391.47,138531.53,44542.383,49505.17,5247.6807,9132.16,6846.294,26818.158,452747.6,15690.244,74918.305,17743.783,24059.217,11651.539,83408.95,5526.315,3190.0725,4127.0547,3809.8022,2656.2979,12297.957,6969919.5,62534.31,57175.67,8846.875,10995.006,2607.3267,22742.07,13404.046,904033.25,122758.95,11012.312,13048.701,16530.6,117584.836,22837.684
