Patient ID,Disease,240,244,460,998,1303,2758,2879,3102,4133,7147,7222,7410,7500,7602,7720,7874,8133,8194,8343,8814,9231,9268,10914,11006,11169,11170,11172,11230,12053,12160,12388,14257,15600,16663,16821,17100,17835,19602,21205,21630,22568,23229,23284,29996,31236,31355,41209,73219,75084,85781,90232,103653,136569,137353,141033,146102,160669,520958,537332,551986,557859,558880,567717,574439,575987,622436,637516,5370158,5370325,6041429,6429350,9602988,13544681,13596727,91713521,91726212,91731726,91742720
asthma_1,asthma,99964.45,96617.09,34137.656,4593.9956,409656.47,14806.768,1571.2296,44867.77,4483.21,53795.332,23310.312,304176.94,34847.188,21444.957,418914.72,4214.7,16285.401,16733.717,6842.3574,13038.575,39702.11,554256.5,47851.15,22949.758,8373.858,62482.742,25894.766,22639.775,1369757.6,7182.3584,19067.045,246258.62,29671.092,13602.802,8568.638,27309.51,51218.81,3204928.8,9022.081,3871.656,11136.258,16934.857,305617.12,168935.5,8308.328,95610.29,13415.595,16000.642,7687.5894,57745.973,904530.8,27915.275,145944.19,4019.6663,14078.323,16562.223,27121.125,7971.377,4488.52,7358.909,32405.71,33389.957,7481.052,5858462.0,6121.2593,33437.887,5891.179,9313.433,11686.908,31757.973,17725.736,759066.1,66173.28,12479.0625,15218.082,4909.5806,154753.08,18028.123
asthma_2,asthma,28408.705,19678.785,16223.036,1624.3204,53122.918,8968.818,39920.46,19421.777,4644.0337,14887.453,6312.8906,163969.3,21810.682,16580.29,191371.27,4110.0435,59463.88,11095.06,2609.6147,4849.2007,25832.113,294745.28,20500.652,28076.865,5901.8037,26701.502,10227.322,9613.275,290874.97,3327.6084,39700.215,302469.94,13396.314,17267.01,2115.4531,184151.39,40099.418,297632.34,5734.069,3394.535,423.26685,4968.9053,134590.62,82142.27,806.01807,36152.676,5401.5454,7159.8145,4139.3755,12068.727,504204.03,6861.1855,19243.43,1342.1702,6334.424,12362.955,19896.773,4443.7163,2060.7383,5873.2925,9841.74,5252.157,816.94745,1963263.0,326044.97,134377.84,1867.0386,8829.257,2497.7478,178011.34,11589.783,179096.39,4977.9854,10144.31,5374.543,1660.3649,127196.73,9585.763
asthma_3,asthma,316418.6,84341.72,188312.89,5992.3125,140952.72,17938.285,58232.977,14736.468,205421.94,73673.625,31906.242,612888.06,138877.58,12548.632,1241388.8,8434.506,134366.83,5616.5977,14727.8545,9374.498,42557.754,187615.39,183688.69,37396.383,5827.0283,101714.39,37596.57,34074.977,3680806.8,11982.064,54967.08,447310.34,28830.62,21684.535,4896.471,112967.34,72369.305,1090137.6,5531.177,3253.0823,3486.0344,1597.5367,181877.56,135460.86,14066.11,75487.91,10288.745,3851.319,5302.662,28485.32,632386.06,13815.87,46380.574,4164.084,18548.807,13373.425,68758.39,11575.168,3704.1243,17441.309,6521.384,14950.644,5204.5806,5872956.0,96752.83,141486.86,8741.384,8577.01,5061.6963,158378.4,12119.652,856491.4,195292.45,11533.952,5681.4717,7085.9727,112183.07,18674.176
asthma_4,asthma,119557.01,202097.75,87154.336,4999.4893,521480.8,11639.82,2756.8098,24534.814,4068.3606,58310.168,26241.453,265601.62,23775.64,10989.806,623225.75,3251.6829,54934.062,10434.202,9426.4375,5630.1304,45668.94,430488.9,174004.98,26426.223,4039.8474,27658.277,11047.996,18645.879,3321040.5,7470.2993,22588.682,263059.6,18846.244,14982.746,4164.8945,23279.72,49896.26,496397.94,5039.0547,7216.7,8197.335,7229.4043,200343.98,96091.94,32942.266,33927.113,4099.237,15735.262,9917.358,12944.234,409464.28,5087.1177,24919.652,2413.9526,18719.594,9097.325,49811.96,3206.9524,2455.016,6043.6694,5143.3696,4276.0107,2360.698,5599056.5,45436.82,109304.4,8375.24,14914.967,3335.3662,59637.098,9296.207,336978.22,95210.836,10381.363,6320.036,4757.3403,102207.0,14054.148
asthma_5,asthma,252955.62,62175.363,141640.89,9821.374,91235.586,15260.492,21333.088,20995.283,1059229.8,81069.23,30837.12,786198.94,287731.66,36172.82,1110103.6,12383.288,201949.02,8636.995,20510.197,9128.103,40627.637,62013.28,1034348.44,33880.613,9520.679,128788.8,50141.785,108091.96,5244634.5,30217.736,41455.13,411717.0,33622.363,14827.457,11059.034,413860.9,65895.68,3652751.2,16207.386,978.65533,1599.5824,30663.037,221947.08,129511.79,19696.152,118017.48,22147.09,4152.165,4420.122,63444.75,846156.94,31018.46,92038.9,35916.207,19355.984,29940.025,99723.07,17597.566,6534.204,19069.99,11407.266,30698.268,13722.802,8116583.5,357521.28,44702.395,6065.4644,3685.3633,12788.318,40822.688,9906.723,1742125.2,333860.66,26069.832,2460.1462,5269.545,230522.55,31366.184
asthma_6,asthma,145516.28,143221.72,51063.906,6656.582,103940.875,24366.361,32571.354,23438.717,11658.119,49978.652,16193.187,754584.7,156157.5,53036.81,627037.06,7698.6104,145439.4,14505.8125,5859.874,7050.699,48506.676,713921.7,125226.02,77789.61,5017.5195,32556.54,15248.214,32902.137,1671340.0,10857.439,198104.72,561217.44,38969.992,77670.92,2698.2332,228165.64,103464.77,950645.3,9906.959,1585.0272,1245.1722,557.3431,289503.7,164125.9,5271.8174,93689.49,4604.1777,3604.7488,10032.637,12987.479,883269.9,1856.7468,51556.668,1492.811,12266.387,11793.214,82770.984,1925.515,5452.8413,10871.003,6360.348,9131.507,2052.2656,6155028.5,149938.17,748183.56,5315.474,77777.44,1555.4331,415952.1,19013.855,862446.94,69836.664,53872.035,27480.246,9496.446,104882.555,13361.964
asthma_7,asthma,454757.2,231529.88,160874.52,9729.018,921614.94,37141.89,49959.59,38456.727,43549.31,137483.23,47778.777,685848.56,97262.86,22551.658,1477520.1,9522.931,131089.44,20735.457,34620.15,10187.835,59694.97,511594.9,634625.06,39319.457,5998.214,41680.695,17450.842,49760.113,6852869.0,31440.309,26196.719,481111.6,37219.832,30591.475,14170.4375,29765.643,73012.7,3682537.8,8967.133,4470.872,25429.254,23362.57,307229.34,169560.95,163190.84,101866.61,7646.156,17924.262,6849.612,30878.143,887632.2,14306.438,25570.186,6638.9736,34993.19,11438.927,45527.305,12815.791,3500.8877,8241.723,3637.166,21879.04,22237.02,7864769.5,81427.75,130935.266,19356.834,10906.844,12679.415,26907.852,10741.359,1376728.8,300234.9,11394.109,3194.6865,19530.832,172365.1,38390.4
asthma_8,asthma,564596.75,448678.38,113765.125,19911.732,843022.94,32950.906,3821.4314,43266.52,83434.65,83104.93,39206.86,588260.25,255887.84,17277.88,1627373.9,16879.805,208445.06,23666.078,23590.475,20395.87,42647.914,1118135.0,1057257.8,36527.32,6522.8086,133588.95,33292.31,21561.01,5176157.5,45666.633,31304.71,485035.3,50859.633,31587.818,14505.314,94632.92,97025.32,3869035.8,13953.352,1920.1183,5144.39,33500.35,355464.06,215267.05,55070.758,120762.18,17707.572,56454.44,21057.229,54971.48,871896.1,37314.62,35338.188,5688.125,33526.527,10825.106,104717.945,13883.209,8379.355,13832.972,7720.0522,34421.133,35731.406,8312051.0,14877.177,57692.85,17182.62,14550.109,13985.087,23289.002,20175.568,1909076.2,280292.22,12457.277,36711.125,13028.134,205322.44,41204.914
asthma_9,asthma,149248.25,93063.99,93722.65,6286.626,776302.44,25697.188,6004.5166,45076.13,31534.873,45196.098,9862.281,183732.31,67326.484,25202.303,215166.67,7929.1626,113243.914,16652.395,8740.325,14952.312,56553.0,979722.6,121082.08,39573.465,3414.2058,54668.457,18779.463,19645.555,3002124.8,5395.7983,28107.326,405934.66,41067.016,19564.855,3969.4868,116086.43,63120.66,2436602.8,10782.951,3137.123,9343.951,4731.391,222285.58,207827.94,57363.613,114135.37,12175.589,37582.66,21860.684,32512.355,736334.0,13419.959,124492.516,4150.4937,14784.6,11322.687,64728.258,4185.2417,6274.2617,7111.5596,6458.9536,14297.586,6367.3345,8143907.5,54534.63,48675.914,8905.748,37325.19,6650.9336,92584.805,16072.267,945712.6,125617.875,16370.849,34565.383,13906.812,77042.52,31643.117
asthma_10,asthma,82586.08,158195.45,81942.37,9852.786,106087.72,30514.693,47949.137,23048.53,49446.094,40656.355,14029.279,368941.3,168282.5,47430.785,556692.3,10125.547,168082.33,14577.111,7633.135,9688.025,50316.39,604442.94,323565.06,76626.164,4907.8105,53122.715,16374.659,19922.863,1106668.2,2663.05,197165.14,504208.84,40004.383,77071.18,4367.4355,278888.34,112774.984,374439.1,11924.617,1895.3732,866.65924,3457.2322,228903.39,161429.02,7333.5303,84884.305,5120.9,15042.51,22200.254,19887.932,890715.44,2714.5732,56137.355,3516.4114,13882.667,12690.255,89555.25,2369.1162,6713.0864,14648.174,10175.716,6769.2446,4353.676,6214405.0,1834713.6,560142.7,5014.381,86448.71,1498.9143,415697.5,19419.777,604743.3,44494.957,54995.812,17676.441,11614.26,109577.44,20110.176
asthma_11,asthma,452400.6,198808.97,215143.08,13044.408,1031820.3,23971.77,17266.432,20964.41,8918.388,127349.91,33953.914,684526.0,53269.89,16186.053,988898.5,4992.3125,208394.58,9657.811,13192.319,5442.4434,37963.36,418363.75,187797.62,35651.348,4528.3296,43894.48,15696.291,32581.139,5904669.5,22318.883,55362.02,399069.56,30657.686,34195.723,4171.435,14046.403,67425.51,986542.6,5873.074,2863.2397,29516.65,2672.435,216732.89,122528.88,70235.08,48317.703,5414.359,7713.98,11633.239,10950.173,528661.94,3700.8855,16873.592,2079.8625,26918.145,10127.275,69327.69,4182.5195,5278.011,9862.592,2953.5305,3615.9075,2970.7612,6444689.5,77217.15,232140.98,19841.213,12571.775,4133.8154,141434.9,12171.328,605445.6,372239.44,9331.679,4724.613,5536.4185,106864.23,13298.51
asthma_12,asthma,206338.86,38266.227,81347.336,5115.1978,299350.6,5480.681,20574.613,29803.904,22238.652,48398.777,23799.19,772860.9,42072.16,19739.932,566104.8,2048.2163,136491.92,13920.52,14968.035,9896.042,40527.676,589490.7,60788.246,27140.996,4895.495,36538.227,13965.134,22353.861,3513161.5,11136.099,16087.096,346293.53,30231.256,15734.001,6822.9883,84317.586,57843.477,2719292.5,9055.764,5640.456,8433.364,4197.608,238223.11,119073.18,13264.676,84810.75,6340.8555,18074.727,8152.75,25277.334,625301.7,16508.21,97190.164,2732.2043,7250.058,14758.606,29716.855,5348.8135,4239.559,7387.6304,21662.81,21304.705,9800.918,6875014.0,992755.7,104225.555,8540.04,6427.1323,6307.961,28753.652,12651.729,212540.48,168874.28,10155.268,6176.7783,7581.6685,118017.03,12997.701
asthma_13,asthma,129106.195,263802.0,104319.53,9054.7705,137171.14,31941.742,10866.805,12797.2,346954.34,52993.684,19374.879,672395.8,187788.84,23059.676,1159843.6,11633.717,153033.75,9373.917,6949.674,4671.968,53709.566,242171.98,397478.84,52541.223,4109.953,37016.285,17970.53,24889.654,3127580.2,12362.519,159244.28,521487.78,36398.31,57829.52,3531.8052,524877.6,91579.23,598201.4,6828.9585,1995.3748,600.17566,25293.877,196841.06,149700.7,7009.903,48920.15,4722.5894,15190.096,6653.802,11574.759,612528.7,2827.6047,65866.27,2494.5886,14325.581,10544.237,73255.56,1949.2422,4395.387,11626.816,4196.783,1653.4918,3932.7954,7419045.0,98769.39,544951.6,9018.742,30162.627,1917.7737,429351.12,14180.591,903307.56,98275.914,36027.87,4441.58,5638.17,139777.27,17134.95
asthma_14,asthma,73239.35,126745.55,59980.414,4826.2803,350752.0,11159.054,4018.8113,11342.92,19190.371,52117.87,18197.482,271431.78,99294.41,20272.994,698360.0,5157.2627,61652.92,5211.1577,3328.0593,4836.922,30566.219,219966.11,119900.695,37480.824,4260.978,34141.01,14543.214,18508.146,2250420.0,7086.932,122559.85,339659.72,23814.334,43900.34,1504.2206,50002.06,81304.445,976858.44,3903.2656,2163.8496,3269.902,2263.112,192740.38,86259.46,7264.463,33396.867,4828.675,3054.5896,3368.053,11735.474,585142.56,3121.5754,26800.592,1177.7275,17177.934,10410.554,73805.266,2305.7078,4204.132,8703.889,5300.826,2478.1392,821.4388,4326004.5,123840.17,516018.66,6882.52,7831.633,3490.8264,383144.72,11835.728,202739.42,109903.55,8335.855,7504.815,2671.636,90408.67,9747.873
asthma_15,asthma,18880.658,68335.234,12689.433,3347.1787,39003.977,44967.41,297965.22,10339.081,382644.1,21672.523,8991.336,156447.86,208412.45,41866.227,288895.28,25008.578,143276.5,11089.347,7001.4834,12553.959,36279.887,210095.55,153680.78,60261.42,5961.368,65557.13,21406.01,12570.757,332984.97,4186.14,222055.27,517000.88,34864.84,45004.523,5247.47,597919.6,100023.195,1050997.9,16890.37,1210.6088,216.55745,873.3718,159811.6,151449.31,1350.5002,83014.39,7155.4795,4972.888,7802.9565,29072.105,870248.0,5121.3594,43292.03,6023.234,14253.799,17328.479,62142.76,6031.5527,3994.8616,10519.948,19558.998,29382.258,6499.6494,2672027.2,1477241.2,438466.6,1806.5287,32776.176,1100.4252,162610.44,17890.412,293284.7,7050.9614,49714.625,15935.248,7386.1367,138345.38,15919.48
asthma_16,asthma,162016.64,184544.5,126747.24,8383.209,1148562.2,40287.133,3621.3752,27229.719,10661.462,61890.035,24573.76,279502.1,58543.023,12799.959,402214.06,6617.895,201173.77,11182.791,11051.695,8064.8296,67721.17,793834.06,95691.02,38936.04,3850.1365,44546.12,15194.095,99089.695,4665079.5,14574.692,62750.273,404745.6,40912.21,31753.611,3208.7148,71248.805,72364.75,235133.11,10558.629,1743.3496,17136.42,555.9078,270660.2,178993.77,74802.86,95223.01,6518.2744,9613.303,28709.727,15799.036,623607.44,2728.7893,174757.0,1517.0248,17476.809,7887.0444,62877.03,1664.0568,4913.389,14011.615,12305.23,7081.2905,9757.565,6858838.5,12413.536,169269.0,17994.352,91188.266,3254.15,285854.28,13955.108,962363.2,48176.535,50061.18,46285.082,20427.854,39624.6,20148.514
asthma_17,asthma,220468.47,205844.16,130227.914,15210.841,442184.62,23238.15,2598.5134,39843.402,23084.85,90642.89,36216.727,547640.44,192875.16,28633.219,939870.2,7324.5405,153409.88,17870.8,22161.225,11529.366,45806.516,395983.6,978326.8,31213.725,7125.261,79656.99,34545.344,50984.05,4850878.0,19244.016,31966.64,381275.9,37969.695,21022.754,12649.593,78930.2,67053.7,3519184.0,8645.203,1408.4558,3964.0378,45521.27,362382.03,148197.12,22536.672,91893.56,11786.714,23017.557,9355.669,39655.6,874391.75,22980.332,34214.773,10187.98,24461.451,15746.356,98990.43,13270.623,4887.7915,10211.679,14768.322,20727.885,9208.578,8015469.0,174893.22,76387.94,12844.094,6524.451,13396.187,35251.21,14764.322,1166268.0,318485.75,13733.853,4653.031,3938.3176,211066.75,21490.082
asthma_18,asthma,179178.73,99740.29,176653.5,13185.678,77873.555,34440.473,35102.727,11876.221,2037085.1,47323.477,23073.91,502418.9,102448.44,7602.886,1332385.0,13476.162,208534.14,6834.1455,17628.273,6222.809,31756.428,152476.53,215108.61,29369.875,4905.807,51078.566,20866.768,47675.227,3446735.8,12279.04,32363.273,404302.72,29767.43,26325.602,4936.9214,600646.94,72831.47,1304484.0,9279.623,2589.9016,493.61926,23661.904,186163.16,111820.66,5778.702,53889.043,6480.818,9244.614,3728.735,19813.662,507905.66,7893.057,137346.81,1739.502,15036.786,10185.989,11774.434,4134.115,3802.9795,11446.872,4100.3823,3754.2363,13924.53,5736564.5,52255.98,110618.91,6510.3896,15492.21,2178.19,102614.664,10434.48,603556.44,62384.855,25470.832,4859.0215,12180.362,114887.914,30511.58
asthma_19,asthma,125302.0,368674.38,93430.734,9742.222,545368.56,27493.3,2872.9175,24994.105,4813.0264,57379.37,16464.703,293794.47,78329.7,31459.596,805835.44,9003.547,149637.61,15669.458,7953.53,5214.385,53629.004,900423.7,326462.22,39731.086,3677.3984,33712.17,10981.078,22702.5,3204223.0,14943.487,86098.54,374910.4,37674.242,43786.816,2876.325,72377.586,74823.125,458764.72,6200.2065,6097.0713,2342.3938,15778.0,164531.33,140707.73,25217.113,54014.125,4652.458,42393.57,16850.998,11115.184,623589.0,2537.6614,36984.03,2048.661,14443.042,7698.5957,90305.78,2080.983,4710.9233,7718.9185,5360.3613,1005.9507,2354.3718,6737488.5,67497.625,372636.56,8282.4795,50175.367,2146.5754,274139.16,15425.936,1099218.0,108795.63,25336.031,10135.247,8647.637,86668.05,16949.107
asthma_20,asthma,378108.25,94521.35,122971.74,10388.821,1739329.6,66371.164,865968.6,40369.594,43456.5,68682.43,31941.803,430262.34,17748.031,7290.576,865498.0,12018.553,271271.1,18185.338,34641.746,8324.534,44387.855,1027260.6,79029.625,22827.775,2963.57,87435.98,20891.658,19330.656,4788076.5,54214.777,12335.724,367011.9,32016.434,13773.611,11252.022,90318.36,34767.055,1980245.0,8402.036,1902.6483,23962.764,31552.23,164259.94,100570.61,263094.97,110164.0,8010.8657,50311.883,43878.324,11303.75,505520.38,7304.058,19110.938,6771.2207,24877.742,7745.3203,1021.2145,10482.35,1928.49,17687.082,4027.9226,2409.8462,37380.266,8112428.0,64625.867,89839.26,12595.936,25003.785,5288.4023,93947.984,6103.0527,1607373.2,58214.54,12165.072,4819.228,20834.969,96479.54,63978.473
asthma_21,asthma,241073.52,59833.7,151688.97,6419.3022,110973.836,19383.973,49781.95,9012.543,979383.56,40960.625,26216.238,570378.3,80525.984,18929.215,1256029.1,15001.691,121936.94,5716.85,13576.374,7890.4604,26087.963,114068.445,53240.332,36395.53,5801.2573,53199.625,20822.533,20631.027,2017704.0,10328.663,92835.2,477371.2,30106.729,45936.14,4361.374,352220.84,88652.125,1784847.4,7365.1445,3549.094,1476.7106,4861.734,170506.83,140570.67,4753.2944,73786.055,7525.114,3059.5037,2977.0852,21519.84,803402.2,7199.2515,44469.547,3166.5713,14574.679,10861.085,13539.173,4897.6343,3578.6748,11190.281,6604.8477,9668.465,4847.2583,3964434.2,102461.92,462413.56,5827.3115,9779.255,3214.478,333574.88,12510.666,712672.75,74315.01,12353.69,7265.5435,5687.7886,118477.13,15687.566
asthma_22,asthma,547499.44,316932.3,133624.38,10451.821,942336.5,52250.6,94762.88,43668.715,18769.99,150131.48,48675.402,795877.7,172956.23,11652.616,1437319.8,9128.407,247051.11,19215.625,25270.537,7365.0674,34792.594,458496.6,723695.5,25112.713,5956.622,43959.246,14852.82,50196.953,7343807.5,44739.414,20002.865,506062.06,37443.848,33166.715,16973.438,17473.492,72278.945,2393312.8,7246.6704,4411.218,22018.24,20824.918,214035.31,134581.64,169802.88,86004.41,6129.012,20230.521,9682.87,14473.157,569697.2,11241.253,17522.17,4408.391,42656.457,10820.39,73960.49,11051.621,4092.6648,10152.75,2962.0564,21178.494,35704.902,8146292.0,206048.42,56462.895,21270.049,9417.173,9492.697,21176.918,8587.218,1015774.0,269946.66,8857.665,2515.479,22834.7,110497.234,34189.527
asthma_23,asthma,17489.564,96392.35,24777.771,4852.782,64402.035,18131.928,7213.514,26457.492,83388.12,28841.537,11629.878,202723.77,130930.14,22248.113,352830.03,7189.302,66407.13,11079.05,6720.5117,10219.912,37135.695,272447.38,633510.0,40339.457,6213.9893,51134.566,25119.875,15374.294,590062.1,4089.691,76640.2,353695.53,28483.61,26969.562,5257.4756,447219.94,77110.95,2037708.8,10822.763,1608.7004,291.50912,23311.758,247863.88,109680.734,1913.1643,46935.316,7914.4062,18676.152,9552.177,31120.748,640970.9,11927.609,42645.23,6999.867,17634.293,17473.64,82468.81,7090.225,4283.1753,8723.494,19879.986,8182.1807,2091.9622,5133359.5,1242805.5,187222.89,2421.9343,8569.904,3707.6348,67986.75,14470.535,731211.6,26859.521,18249.867,8346.453,2154.5923,221449.8,18010.576
asthma_24,asthma,307466.47,270729.38,108164.14,13011.767,688607.1,48031.38,26126.059,24555.672,14186.151,81748.71,23728.139,175798.23,44048.8,7577.598,843259.3,7175.518,191209.64,14216.802,14304.692,5036.6904,28465.225,667947.5,172453.38,23810.314,3733.5935,29448.016,11367.223,17555.96,4695121.5,12624.307,20579.54,302104.1,24126.197,18222.248,4619.451,15862.223,54607.13,331282.12,7055.4688,11550.718,11276.012,10638.526,145256.72,102890.62,103698.89,37156.168,3761.2156,39919.812,23704.932,8818.821,304493.88,2540.687,17125.424,2421.8984,29369.596,7083.141,34342.7,2453.2893,3495.8652,8755.302,3189.607,821.4929,10581.695,6211034.0,15927.849,72487.15,13138.302,53386.715,1311.6495,74299.34,11160.916,965712.5,130888.945,24374.24,4407.546,11405.765,70851.26,23651.098
asthma_25,asthma,174947.1,99317.516,85457.92,5595.7695,708407.06,13884.149,3628.3325,57627.906,4964.8643,92284.12,35873.758,502273.28,77726.87,16624.133,502727.1,4445.5264,89522.89,19454.37,17771.219,7095.4546,37139.695,612556.7,599956.5,22859.387,5580.0776,43030.645,17490.648,38178.812,5093727.0,20982.914,17501.443,363100.2,29181.273,18887.594,14365.532,25110.055,61156.676,2787234.8,6922.4697,1557.5267,18622.297,38636.527,337353.12,105093.92,68240.22,91997.48,5335.539,25452.838,8849.8545,22984.389,704965.94,12835.032,34850.645,5679.673,28088.568,10332.279,62046.824,7385.5664,2971.8499,7433.9214,18919.305,24904.186,21341.492,7768318.0,61215.38,75538.89,9698.269,9899.262,9089.398,17680.707,11151.542,307365.34,58143.85,11973.931,5611.7617,13386.735,149288.97,25915.666
asthma_26,asthma,216612.64,70721.24,131747.05,7475.8877,571057.06,9286.557,33385.31,12766.991,5481.8994,44029.61,17240.729,493716.75,42503.44,17242.342,846021.44,4787.933,88038.42,5856.0913,3280.7788,2861.26,29280.127,337022.56,46179.09,30808.898,3460.4692,18360.219,8162.2266,16093.434,2764972.0,22636.191,101145.414,310467.8,24319.395,34814.402,1571.18,42673.055,48802.066,175591.97,4692.7637,7862.491,13974.954,1222.3022,112195.375,101097.68,14458.423,43029.496,3041.1562,7000.8955,3763.6992,6850.8794,383114.03,1577.9086,16507.959,1141.0447,12668.5,7289.1504,43580.51,1253.0515,2947.0247,6985.2944,4159.209,861.36273,1068.1012,4536546.5,99413.89,508773.9,9807.015,26757.736,1450.0507,409945.66,12164.017,613398.5,315591.97,16363.06,8205.822,2737.4539,56966.016,9097.595
asthma_27,asthma,100326.04,76169.195,128645.17,5539.033,308801.5,11372.266,5769.1143,16722.486,722552.1,60420.137,25278.154,534587.1,117925.56,9465.827,878713.56,3656.0757,54629.11,5893.259,15470.357,6891.835,31928.129,78966.945,501201.44,20066.34,7344.4575,53026.848,23561.896,43324.285,4950135.0,12462.72,14704.767,283814.28,17299.762,14873.956,4674.2993,240074.58,53726.523,2394870.0,7408.906,1758.5194,2031.5411,26483.975,219669.05,80489.516,11057.093,48893.004,7118.855,5210.243,3066.4172,31796.613,496912.78,18959.008,70167.06,8127.4087,17304.646,16024.971,39117.258,5903.3125,4371.716,8816.382,5983.939,5769.8184,4044.976,6066010.0,132823.94,41784.457,9384.956,3952.4612,9688.616,72207.914,7605.9976,700749.06,66212.04,8327.575,3714.0916,3539.4883,160887.72,23917.67
asthma_28,asthma,314935.9,201478.67,112578.766,9731.227,1132437.9,32825.727,21010.928,34043.31,10375.443,87520.234,31002.312,381201.72,84643.41,15442.157,801797.1,3656.414,234455.55,11852.74,18511.129,16182.519,31555.18,867408.44,293567.3,34581.867,3521.272,69266.49,22831.193,25441.748,4648634.0,17422.902,29695.068,427493.34,41517.88,25928.076,8447.871,20939.771,68587.39,2054742.8,9716.072,4504.931,28103.574,3732.098,232055.1,141518.56,109766.85,105796.945,9915.069,37133.25,47501.36,35303.023,681899.56,19180.637,38060.88,4392.08,14081.923,10264.868,83836.57,6896.037,4921.091,15144.717,10418.46,17773.066,22142.0,7957826.0,372708.7,99282.48,17406.395,20072.121,7321.586,74036.78,14885.678,1114530.2,299019.9,14744.875,8298.849,19422.166,120483.56,27854.482
asthma_29,asthma,18448.209,58518.63,14480.53,2450.0813,52269.74,27110.186,21342.51,26135.055,3303.5322,17101.74,10519.718,10911.005,2331.3352,43533.113,109581.62,20506.148,38966.426,22591.654,8216.363,7976.153,21375.266,1009727.94,7919.5034,59891.816,10333.58,46045.574,11211.529,9188.119,70698.85,2234.0886,64916.996,302198.62,28319.76,36617.69,6582.182,103114.586,76094.7,1054615.4,10261.844,40458.434,368.11948,4212.807,221809.97,172821.69,1339.0144,70101.58,13343.269,19557.523,23730.99,28800.885,943056.6,12845.38,15902.348,1568.4603,9608.738,14449.476,1898.8197,13839.2,4634.4,4824.26,12257.522,21706.262,4586.2676,33578.72,76228.27,58675.047,1805.2587,20247.197,3429.9897,169728.25,17121.062,150997.9,215.0098,14550.748,12391.334,7240.2173,100335.99,16531.166
asthma_30,asthma,146402.12,76982.95,172987.08,6488.859,96343.45,22183.957,21105.502,10257.195,927217.44,49525.383,18206.232,568073.4,104147.06,14708.918,1216189.9,16223.811,134200.08,6033.1064,8901.018,4974.9663,46829.305,149911.58,167208.58,38818.023,4385.1353,27631.252,13618.171,36292.55,2834850.5,19051.34,83629.35,418605.22,29900.56,48869.973,2287.784,631517.56,72307.01,520485.62,5479.2017,3790.5422,766.62476,21628.254,112508.68,113274.266,4885.0044,65273.71,6023.6763,7600.0005,2908.184,13231.293,690064.56,4036.1226,105823.08,1266.0153,9891.013,8262.132,25932.379,3173.9478,4074.423,7386.327,3560.8345,1487.4755,3816.324,4474919.5,28178.346,379913.7,6354.751,8940.957,4869.4985,282237.72,10892.29,375601.8,87404.63,10034.8955,3244.6428,6454.9194,140955.27,15973.364
asthma_31,asthma,525266.7,402252.06,63254.92,14924.956,1605453.6,47828.062,5704.055,56627.746,12264.749,109670.69,39212.508,297666.44,209239.73,28418.73,1142052.5,11400.719,197171.16,13933.005,14948.732,17860.066,52686.688,1128035.9,649505.0,36477.992,4979.961,116354.55,32844.734,59568.773,5290539.5,14863.363,27372.873,423892.78,48274.496,32511.395,6893.696,22841.342,72322.734,2251044.8,9542.114,1094.6531,31650.844,21794.838,352546.84,182716.56,174834.02,121344.73,14526.926,24896.373,28532.113,40264.164,838035.44,17826.406,25120.666,3853.1455,46213.188,12298.074,103133.17,9900.961,7767.7812,16475.213,5931.8164,15370.028,9611.276,8302742.0,17106.732,79234.07,19134.027,22368.32,9958.9795,85630.63,14563.1045,1716511.9,255265.58,15645.267,21630.047,15602.516,166981.81,45425.51
asthma_32,asthma,101489.305,166495.88,92695.69,6686.2666,447863.56,32870.836,5261.6445,26534.514,10075.212,44630.57,18468.947,164223.28,133728.27,37368.47,348518.62,8124.44,186514.67,11662.623,6412.112,10590.4795,42629.33,827644.25,154537.17,64360.9,4304.8677,52524.74,15838.821,55310.88,1416836.1,4722.504,122786.0,465948.78,43274.773,65735.305,3660.4902,69723.93,107211.71,445299.7,12057.819,1831.6562,7479.1685,492.7342,369901.0,186719.52,22711.422,102347.555,5878.432,9961.373,25852.125,18818.764,797039.06,2606.8142,127643.19,1346.5189,19985.855,11172.365,84404.72,1646.0729,7433.3047,13767.491,12588.129,14035.556,7010.4775,4780329.0,199991.02,338262.9,11088.606,105287.234,2146.033,445852.94,18670.633,400405.34,44149.023,55297.062,60150.89,18054.518,44206.66,23412.557
asthma_33,asthma,107783.15,110830.42,91709.88,5178.6763,255208.38,8290.463,23695.348,14775.268,5672.256,46299.83,18806.957,308018.25,13843.701,16414.969,662578.2,4148.863,84883.17,7368.0957,7147.5054,4373.084,48203.004,355154.72,51490.184,33699.7,3763.8176,30420.463,10882.685,13822.092,2048874.4,10677.337,44276.91,258070.97,17888.895,19951.88,2421.8882,24735.555,44965.78,296767.03,5981.0176,6797.6484,6458.8613,1045.9617,132936.84,96411.56,9758.859,42523.797,3766.2708,7960.77,7404.088,9219.194,404967.22,2548.0593,22719.893,2431.6333,15639.522,9075.703,26999.545,2122.756,2263.2512,8540.1455,6817.472,3755.859,2782.8564,4138237.2,201473.48,223358.28,4841.4546,17380.482,1588.989,158400.02,10287.264,342322.72,88309.62,16705.205,9095.2,5779.7,107821.91,10516.447
asthma_34,asthma,52327.047,107687.8,35933.78,3891.6882,216841.23,8647.266,1731.1233,32882.062,27511.27,21756.127,22372.822,164158.94,19734.021,12868.728,472183.7,3146.3994,42105.195,16537.82,11561.453,7865.874,32526.498,335126.12,216621.52,17101.691,6591.6943,26072.666,10863.147,13122.072,1387686.6,3972.4604,10807.414,254586.08,21061.828,12039.191,8036.725,93975.76,38591.637,1429968.1,8704.179,6110.363,1552.2888,31692.527,253496.08,86563.14,13321.321,42178.824,6217.309,14519.391,7559.075,34900.74,519561.7,19543.166,27992.137,5692.0815,19561.254,14259.673,17925.168,6067.2466,2514.0466,3825.5017,7335.867,8675.948,3362.0916,4939632.5,51386.727,55174.375,3730.1084,4758.0576,7060.343,20372.871,9587.555,381631.3,19357.148,8220.69,6281.501,4088.4624,172616.61,18804.66
asthma_35,asthma,94323.336,60438.633,64764.812,4277.626,303285.94,4357.5728,4254.6987,24028.42,2072.2214,34413.613,22867.477,348774.3,12271.489,13936.168,394763.44,2250.696,37038.707,7862.2812,4960.9966,7978.8237,33077.035,380252.62,62096.195,26078.959,5290.9355,43385.605,16410.492,12569.63,1852241.5,5281.869,20159.297,337527.88,21432.137,13982.42,2992.3274,12750.722,46196.49,1196362.1,6274.872,5113.0713,14895.122,431.0476,166248.34,114326.77,5910.4736,57933.08,5227.193,4190.7544,5620.6436,16494.455,425757.25,7664.695,36793.11,2564.668,12408.411,10447.904,44819.06,3351.0894,2667.8765,9446.301,19010.084,19213.867,2065.307,4586031.0,242961.52,137166.3,4762.3438,12641.439,3027.5713,104326.8,10840.501,606556.4,152134.03,16578.486,16811.637,3538.9854,128963.81,10370.032
asthma_36,asthma,276391.78,180680.36,135633.81,8583.982,730054.94,23759.434,4978.565,27858.654,26259.703,98263.17,33840.992,661903.06,110069.38,14102.433,1249001.9,5169.0186,127854.56,11074.7295,14360.56,7622.171,46954.387,332929.06,572085.1,30012.354,5438.4526,48031.883,19951.766,61519.77,5830487.5,20108.238,21052.29,343850.06,26808.031,16855.562,4826.773,64021.93,56253.062,1471779.5,6237.7725,2220.125,7232.287,22254.12,225854.36,120695.63,39925.562,50172.35,7236.3306,15576.986,5990.181,23505.56,584019.75,14145.134,40482.83,4957.699,23945.082,13524.963,77414.76,7007.349,3669.241,6546.425,3965.4485,4357.989,4430.0586,7244163.0,73562.34,91456.51,14612.648,5887.831,9119.348,66082.91,9982.421,978259.6,208325.62,7423.8174,4156.825,4813.2695,176095.73,21766.732
asthma_37,asthma,122660.88,270458.94,39600.535,7482.386,575502.44,23166.764,4943.4336,32730.162,8699.448,62326.87,29609.184,199961.47,99837.55,24530.043,278724.03,4973.1304,117417.54,10159.046,6333.8135,22573.262,38063.273,896737.94,362464.62,44248.758,7298.3823,62287.24,17351.812,34440.8,1637066.9,4852.3936,82677.89,368748.56,46606.934,39014.32,3678.7634,68293.67,99842.12,1907678.5,12634.63,3578.2788,14355.903,729.3302,386858.22,182451.55,31288.475,105225.195,10787.58,13798.962,19117.3,41174.273,859264.8,20319.004,129395.37,1002.98193,18133.363,11590.888,97282.43,5414.333,10621.483,7339.1353,23979.477,29831.545,6480.6265,7582722.5,387385.78,151861.8,11608.744,26819.232,7193.5405,163444.1,18853.361,710115.7,113585.375,31033.432,75205.08,15360.415,100495.82,22685.078
asthma_38,asthma,216806.7,102786.85,84042.38,5319.2476,427343.75,10941.779,30112.674,13379.242,2375.6416,60009.824,17543.625,202341.33,34862.246,8047.656,563143.75,2350.6516,62056.35,5496.5127,3054.8984,3428.6353,21392.52,320170.75,15894.176,22915.158,3846.5608,18711.81,8155.744,18714.596,2753990.2,9407.136,43763.9,168772.05,11843.158,14782.498,1388.3275,9634.065,33894.676,173573.23,4686.671,9767.193,19748.951,502.30515,105348.5,105861.54,22786.188,37082.75,2923.3188,5570.8403,4396.2427,7162.779,284270.47,1773.1423,18729.736,886.4211,15777.504,7194.2954,31297.904,1330.4033,2641.305,7452.4434,4614.4746,1661.8875,1107.3907,3999195.0,18265.154,218359.45,6974.2896,33572.668,927.3872,196117.22,10424.056,252669.19,184468.14,20476.951,7535.514,3789.2622,53736.363,9502.697
asthma_39,asthma,378366.5,286766.28,131882.56,13721.755,837842.8,41428.49,27374.465,21133.258,7247.3203,94609.555,26245.707,558351.7,61585.93,12028.174,1024645.3,5516.824,256858.75,12009.638,11959.8125,6195.991,38811.766,616665.56,143100.89,34014.617,3584.5378,32471.234,10727.148,31716.566,5302900.5,14087.229,30173.3,405391.88,33657.848,28860.799,4543.3823,20642.188,57650.887,570748.4,8908.169,6122.4214,20773.58,1556.5074,125324.234,140456.22,111900.234,57640.824,4175.906,22916.775,22563.104,10152.11,368114.34,2830.0403,25276.395,3215.4531,18732.416,7869.371,59949.305,2113.453,3308.8403,9623.293,4255.21,2619.4138,9904.295,6939668.5,66259.6,179999.11,15195.269,58964.5,1217.5946,142094.4,12544.072,1197834.8,299789.7,26884.457,6401.583,12183.906,108759.945,16201.25
asthma_40,asthma,334395.7,173451.28,125876.31,15161.293,240382.95,40497.965,144538.42,18469.21,33162.89,57838.953,18946.861,672755.0,114031.47,30685.621,1081837.8,15893.705,212737.19,16473.703,8961.319,4488.9185,45750.895,500257.84,214170.48,57068.625,4132.5225,27073.807,10515.073,27655.877,3142754.0,19238.547,114876.52,503331.1,39960.04,46660.434,3973.3433,264988.1,77112.8,234914.58,11742.169,5196.426,2696.8113,5101.8027,116750.14,147807.12,15361.104,62628.727,3826.7317,16093.372,11556.283,9056.73,486775.34,1677.889,35552.203,3725.1052,13865.716,9281.155,66432.66,1514.0085,4008.8525,10560.623,3716.6929,1440.2043,8411.057,6685395.0,129251.31,521072.16,12028.999,88778.61,1077.7675,429592.78,17579.3,1304900.8,175868.83,50600.406,9351.556,9678.919,107700.74,16135.099
asthma_41,asthma,170531.38,163428.2,75040.58,14486.939,273489.2,19438.066,9250.136,49587.766,44258.844,69048.12,35957.71,739468.3,132839.52,21718.686,798228.8,6445.365,148098.36,15379.486,24513.111,17261.443,40383.418,798653.7,709688.5,39988.324,5675.541,99867.445,30299.375,26552.41,3421903.0,7591.5386,48946.47,421376.9,41337.086,22430.68,12767.832,85550.15,85960.7,3805254.2,11600.698,2415.4731,3000.334,15300.06,323856.8,159411.72,18746.195,95348.05,9483.928,36717.953,19254.371,42781.734,801466.9,30083.424,36600.41,7125.934,17479.025,14905.269,91611.28,11140.741,6427.5244,13804.728,31418.129,30462.414,16310.194,8075931.5,483832.28,102919.37,10513.68,7800.0547,9985.211,30780.764,18565.373,1268704.8,294401.7,14108.93,17601.662,6802.1626,182559.47,26560.035
asthma_42,asthma,176661.6,419822.6,62339.355,14120.857,1281736.8,51833.496,2049.0215,66910.3,15170.709,87282.766,38262.1,347318.5,130967.11,16015.757,599353.75,10707.1455,106621.74,24717.443,18554.557,18137.635,45426.855,1079038.1,694195.94,26671.062,4468.365,86873.1,24935.629,27992.51,4638134.5,21038.96,28494.531,414848.0,41805.46,25792.945,16326.925,29926.037,74732.625,3372564.2,8384.992,2584.7734,10966.373,44551.348,379769.88,156565.03,122374.734,106463.54,11862.342,54409.9,29151.04,51030.605,795131.2,28351.135,27696.762,4395.999,39207.906,8868.274,84609.67,12496.666,3311.9067,10008.094,24719.447,25609.04,35636.22,8127567.0,11943.489,46994.664,14592.204,24105.588,12319.287,26432.877,17104.986,992347.75,87904.52,10579.313,16444.113,15456.745,109898.09,47754.18
asthma_43,asthma,252890.48,225055.6,49906.777,10749.619,772874.9,33309.84,4119.9116,52256.43,12824.509,74196.95,32279.03,307734.6,65369.773,21654.59,780143.94,10788.475,76448.94,24448.39,14495.882,16331.426,48963.043,1078273.9,353556.6,34957.934,6385.922,78105.984,25064.309,26335.697,3783502.8,19269.746,19471.967,445582.2,39441.18,21685.527,13417.821,35539.05,78757.63,4023352.5,8280.719,7595.4785,6163.09,24036.213,428184.53,173165.67,39707.676,100401.08,12705.866,33450.164,22982.525,55195.426,881769.2,28508.258,46430.316,2622.2944,20736.94,10485.2295,54710.29,14716.649,4286.9644,9070.251,22730.578,34299.918,16513.424,7707710.0,1920.2484,34492.703,7815.0,13990.757,11959.391,26347.354,16998.953,1186550.5,82178.01,11705.37,16883.283,12213.609,121993.81,34645.348
asthma_44,asthma,133679.31,119521.44,62801.28,4761.717,509824.97,17387.064,13865.002,18542.086,2813.7932,57259.434,20951.2,203136.95,12887.605,16387.533,430575.12,5436.8604,69342.5,6784.221,4844.1846,3833.9443,26669.053,607915.56,14750.726,25689.42,3976.5095,22430.443,9992.767,15055.3125,2894026.0,9572.578,57633.402,234986.52,20793.184,18170.775,1896.1428,9126.509,40435.52,395147.62,4167.7637,8053.653,21068.98,1276.9905,115428.58,113335.42,52011.266,54543.785,4383.7383,5815.562,5761.322,7840.572,451911.16,2329.4688,13356.307,612.195,20194.262,6964.571,20288.041,2372.1946,2637.665,6726.5786,3453.501,2142.9912,2370.3484,2210729.0,20132.379,210918.25,7813.3306,18143.482,2790.2388,180936.25,9653.602,354271.12,197003.5,9502.498,4387.428,8727.23,60772.48,11500.965
asthma_45,asthma,382163.78,297276.34,103737.664,21244.809,809820.75,46258.21,20887.654,53960.58,84748.25,94958.2,36948.6,388122.4,214842.5,20174.395,1353182.4,7415.898,217296.88,20104.307,25159.627,19987.781,31923.928,1188345.4,874197.44,37284.1,4676.0117,108768.664,31443.607,36608.195,5466596.0,20787.137,37021.016,481927.6,49460.055,31287.848,9736.713,173045.31,97259.7,3841340.2,11370.27,2477.7078,6631.67,26612.443,424944.75,205910.9,77230.92,121567.0,11738.519,63616.4,52641.383,45345.35,907632.1,29905.295,34946.566,1845.138,21387.094,11336.745,102824.2,10995.551,10293.133,18561.78,11907.979,23137.705,32728.945,8291189.5,134076.38,42329.78,19494.283,22079.94,11932.9,42029.77,19948.797,1538329.4,177161.5,17211.96,14717.197,17555.525,133764.62,49724.39
asthma_46,asthma,417405.3,251127.16,200984.69,13908.748,922669.4,30703.742,8987.16,33021.312,12435.091,127696.64,35978.016,748792.44,146829.3,16190.206,1095287.6,5606.556,181361.92,10719.079,12771.656,8100.6006,41466.87,656679.44,555380.4,30966.645,5680.2583,80894.3,29014.936,67286.625,6160595.5,16656.46,41337.203,443243.5,37398.523,32697.621,5447.4346,44083.305,81866.76,1306802.5,5640.8057,2088.9482,19464.223,8838.837,261515.27,150790.11,77692.19,82816.7,9395.587,24563.191,12717.384,19643.008,655933.4,8975.176,25101.34,1876.158,19378.408,11430.485,95090.51,7978.9224,5306.2695,15705.7705,5422.3955,3422.6975,2977.2756,8069772.5,56550.03,143422.64,21777.156,14480.903,8454.586,197422.36,13412.422,1050397.6,400476.75,9888.277,4115.2217,6017.4224,113889.414,21628.336
asthma_47,asthma,115894.62,136370.0,46266.195,5560.027,78350.62,33344.1,102811.46,11665.07,11580.026,43262.355,12035.966,606068.94,127438.11,44124.44,975042.56,7378.9546,144168.92,12884.828,4187.993,4364.337,41081.98,461650.84,114329.28,70165.85,5252.1772,22379.865,10813.477,15792.092,1149210.9,27848.957,209016.97,502249.34,30909.67,79074.03,2208.466,319568.88,85786.836,400852.38,6024.331,3665.05,467.7465,3588.5168,141348.88,153157.42,2943.8186,62749.375,4069.1367,12174.566,8646.325,8197.421,741483.75,1602.6818,26743.781,2210.5986,10734.794,9517.355,60131.39,1627.175,3893.3257,9347.454,4471.401,1383.2101,2506.7861,5295739.0,196070.1,774678.4,4299.7993,57111.695,1292.4713,505807.3,16418.602,642701.3,33865.367,39214.523,11059.571,5998.683,104972.62,11401.088
asthma_48,asthma,201823.86,133737.83,79159.14,6728.3306,454962.38,10724.131,19530.105,14692.22,3814.8499,57048.273,25236.625,245575.45,19383.824,7733.7456,690612.4,2360.6338,80647.414,6191.519,5421.444,4408.4165,35323.53,252037.2,51420.453,19878.508,4075.22,25384.234,10053.23,18173.877,3192266.5,6732.818,22530.89,246519.92,14529.184,12096.614,2202.7034,15596.222,38147.293,311782.84,5675.3677,7730.169,17951.225,879.074,131928.73,91335.79,22928.865,27363.268,3620.4739,6372.268,5409.563,9276.376,295303.78,3285.2385,24005.447,2812.332,16387.986,8546.893,27994.887,1876.2734,2142.4822,7289.644,5517.5557,2985.9512,2040.9465,4778688.0,38568.75,101692.57,8845.829,29828.445,1091.5,60305.402,9798.254,248516.2,104566.055,18341.44,9136.726,3306.4739,85032.25,10821.906
asthma_49,asthma,132632.05,181678.2,49190.184,6575.0166,468321.03,21730.164,2851.1018,41303.273,21408.867,44539.875,28799.566,247201.0,80375.6,19031.582,461106.56,4790.473,80019.805,15529.933,8112.5,17118.271,37008.906,866014.9,261621.28,31473.49,4828.647,48244.535,15071.647,21229.252,2216938.2,5892.028,31886.986,389257.44,38976.387,27174.098,5662.5415,37928.473,79650.84,1815153.5,8829.341,3787.5132,7641.723,3340.7095,350176.12,180682.77,29177.74,101215.95,8038.749,27241.096,18046.271,39338.7,815592.56,20907.863,78377.82,1984.5974,16374.034,10386.206,64185.59,7795.5996,7515.0005,7084.2764,24650.115,30088.043,14631.656,6418278.5,52795.887,75013.32,9206.269,21643.729,6458.0234,68565.35,17807.29,567825.9,187968.03,19953.879,26726.035,12731.1455,110679.164,26465.314
asthma_50,asthma,103034.08,144768.81,89451.97,6046.149,180003.58,13157.952,10822.557,18704.336,16757.785,35297.6,17199.262,275748.56,12903.816,18811.299,503702.28,7749.2812,117654.73,10014.683,6398.592,4641.9966,43360.867,500074.2,116246.18,36270.44,4610.858,39173.11,14366.642,15648.177,1421730.5,6748.0806,42169.535,341277.03,24112.855,33209.32,3996.3252,66729.25,63889.27,390941.25,6201.839,4293.508,2080.3557,4075.904,204542.44,120019.336,9556.541,44114.387,4635.6997,16023.503,10269.716,12216.521,496423.03,2954.414,29981.973,1367.362,17148.78,8428.041,21955.02,2810.948,3037.3147,7808.3394,7262.925,4060.6218,4415.773,4046023.8,247088.11,199292.84,4899.485,22305.797,2002.3962,175276.6,10785.995,350624.56,37838.402,19816.062,11613.573,7742.9565,95238.54,13872.1045
asthma_51,asthma,24411.928,90906.67,25287.389,2113.103,903983.25,31380.156,3234.3828,55909.69,2742.1248,71743.76,32765.64,106069.516,13628.007,11023.514,58330.914,2927.7356,7700.3066,13445.852,5950.109,8955.064,18912.973,392852.2,6551.347,24438.344,7768.7295,32652.436,18430.957,25694.076,2392575.8,5955.088,14746.633,232771.02,10040.391,10794.97,9609.123,12576.849,46033.367,1404272.0,7968.405,8524.797,33983.457,7422.529,214700.97,144210.31,82680.414,94531.54,10815.808,10640.271,10766.683,36339.445,555436.0,18543.234,40977.816,2280.3008,27048.72,9390.973,1802.8229,8689.745,4355.7983,9016.033,26623.588,28742.246,20417.316,683301.75,7267.0615,21462.184,10826.655,21977.498,7335.993,30939.34,10247.231,66103.64,9581.037,15959.873,6747.9004,11535.206,39517.5,25399.975
asthma_52,asthma,271023.38,98176.15,347142.66,8139.239,592448.44,26495.443,7575.38,10862.753,936837.4,120685.85,31929.012,482306.0,157791.34,12028.965,1372858.4,10407.178,146617.72,4319.5854,7463.4194,4977.938,31848.814,78860.91,432686.4,29845.49,4611.6235,32487.404,16420.168,49539.695,5448239.0,17493.385,60925.1,378375.9,30635.385,50749.305,1951.0052,243827.78,85987.19,1295395.6,4246.6177,3138.7666,4466.439,40365.55,140287.28,82823.1,30173.445,65689.24,8643.356,3910.313,2081.7427,10679.19,756651.4,7440.476,47142.844,1558.1808,11627.582,10904.274,72009.1,5114.2856,11988.889,7919.3975,2470.116,478.91284,1105.3862,5809213.5,43857.195,340943.25,19140.068,4068.05,11186.8125,313253.38,7945.8564,578619.5,338252.9,4949.6997,2464.985,2189.3347,131363.27,14323.709
asthma_53,asthma,40137.45,164289.39,19594.977,4936.144,49678.793,34721.793,9322.329,19018.137,32630.52,22090.576,6962.738,234787.81,117838.44,31078.719,402047.62,13146.662,123071.23,15283.943,4069.0825,6999.52,51964.508,552047.25,246054.86,51833.2,5674.48,34248.824,14264.162,14285.277,351662.34,6444.787,142357.55,440089.53,36895.605,48945.953,3264.9805,548174.44,85524.86,634153.75,8753.883,2000.0323,235.46942,7892.154,245290.83,135038.94,1837.439,58815.78,5394.44,19989.744,10275.329,16493.607,758346.9,4161.8604,43450.99,2984.5015,12055.289,11913.216,76956.68,3234.1482,3779.5007,6663.0737,15735.276,6873.493,2354.6313,4922106.5,138297.1,324052.7,2201.1108,37085.754,1693.197,152652.88,17379.986,532131.4,3993.1777,33354.535,13349.684,4822.2583,164601.33,15240.726
asthma_54,asthma,442371.88,292774.12,168988.19,17648.545,459428.9,43001.887,5079.059,36981.316,51774.06,111824.38,41328.492,603699.2,206785.05,18859.28,1555188.1,10058.592,274586.06,24455.947,33056.223,10779.311,58090.42,865253.75,1034499.4,34116.273,5264.561,88007.03,29907.492,48394.53,6213824.5,52880.09,40561.125,498744.9,47144.55,33214.48,16845.068,90534.984,84683.375,3503328.5,8990.161,1895.6445,4338.424,43553.836,386974.8,173748.12,63103.688,113593.4,10479.811,47022.816,15704.512,34541.754,913312.5,21715.537,22543.486,6188.0474,29138.586,10717.791,99194.65,12707.26,4800.184,14989.563,7120.2134,28197.244,36194.938,8284360.5,155621.55,56945.703,15689.392,11392.794,13967.892,22578.021,15286.597,1536470.2,283507.78,12356.047,6661.161,17414.547,164404.9,35503.48
asthma_55,asthma,352912.8,87077.9,158587.89,8054.9126,247011.06,14202.139,39374.43,18231.408,42691.332,83347.01,29241.98,761107.4,111725.57,12859.1455,1312452.8,6422.334,107984.91,8068.992,16264.928,7896.9277,54500.055,337066.6,211613.75,33573.69,6869.305,79805.65,26662.873,57529.504,4898528.5,21023.516,44209.906,437435.38,23506.324,21192.334,5114.9395,94726.38,68288.59,1075278.4,6062.081,4469.316,4907.773,1364.0365,172871.95,148887.02,8524.879,65646.09,7881.1865,5489.7534,8099.7583,21992.049,475086.25,9194.203,48608.926,5356.41,13131.312,14179.888,65506.195,7379.996,3607.0327,17042.93,4615.553,9067.976,5102.562,6323541.0,130778.64,162905.66,10106.636,9618.659,4342.038,127788.984,12998.619,757218.06,246957.6,13849.235,6795.775,6174.681,101346.734,15208.621
asthma_56,asthma,35285.484,44005.26,15530.021,2252.997,53787.277,12033.784,19450.418,11641.342,15194.095,16973.389,9483.5205,349975.8,119746.54,19753.68,328035.16,7948.7974,68726.664,9020.583,2980.8535,5217.9917,34801.82,298782.72,56334.504,32891.69,5157.0166,33442.414,14468.5205,12575.157,679181.5,8226.04,98193.94,382540.8,17415.627,24962.826,1976.1434,278153.9,57315.656,530199.9,5363.154,1551.5675,330.14648,3926.3704,172264.19,97956.46,1127.3945,51808.094,5470.7886,4974.421,4199.046,13824.609,530039.1,4407.012,27620.266,2964.537,8759.796,12525.566,40555.863,2836.2976,2310.386,7469.936,9116.461,5473.059,824.6774,4716965.0,46476.215,384130.72,2148.388,11396.402,2315.3467,228691.3,13137.212,295647.28,6545.126,17109.164,6836.649,1882.8258,171464.34,10262.401
asthma_57,asthma,296578.9,254372.27,48689.566,6994.3745,1350750.8,61883.6,16837.44,67141.18,4834.477,123377.71,49008.824,324424.34,267363.06,14538.416,574078.9,12769.707,160865.47,22407.053,18179.91,8475.416,43793.832,697278.6,988913.56,22148.42,3962.9944,104114.79,31443.787,34853.37,6292085.5,52290.38,23600.691,472139.56,34149.086,27171.22,18724.076,9601.821,55808.42,2432256.5,8650.755,1005.04456,38782.426,54734.92,195517.02,119539.56,318857.44,125382.93,7771.8496,39993.36,25318.156,22763.336,722789.9,10490.642,19091.975,14682.904,57636.758,8506.839,94629.945,13057.939,2702.034,17695.637,8741.059,25723.842,49776.676,8279353.0,334527.75,101830.28,14409.8545,19183.562,5760.0415,14791.863,8886.911,964132.5,147616.67,19304.328,3592.2502,22328.783,126480.625,54519.29
asthma_58,asthma,127716.0,92503.79,32048.357,1532.6493,186839.92,8254.538,15129.023,21925.098,70868.36,62510.875,33070.223,367573.4,100202.21,18450.338,890517.56,3203.1946,32118.305,14234.073,21196.518,8500.27,48160.5,194854.34,255889.06,26080.5,6830.1377,36922.78,13771.339,29433.105,4215396.0,10738.614,13837.418,385501.06,18709.062,15818.954,6960.4536,60791.086,48960.426,4052812.8,8067.8223,3281.4048,4479.012,4286.682,252533.33,99588.12,30550.947,71041.38,8734.617,3515.4355,4329.4116,47163.574,637390.3,19015.725,59766.688,15743.458,27996.248,16504.969,23167.67,8389.76,2475.2493,5301.615,5058.342,29374.021,5864.179,6497633.5,9541.322,60688.848,4638.6987,4266.8267,11040.243,23089.693,7539.662,741185.4,82271.24,9652.728,4452.4395,8500.707,168239.66,23938.506
asthma_59,asthma,81359.75,36887.55,53382.49,3955.3125,759898.3,13641.583,10597.977,34403.277,5793.007,45941.004,28638.79,338120.7,4978.147,14302.796,146289.36,2226.867,48607.445,8103.8535,6695.9995,10646.6875,22370.455,452344.5,3826.8777,21412.543,6110.1704,35353.39,16232.617,23404.52,2567155.2,4180.1104,11837.625,242507.1,21657.584,9618.861,6570.2456,20746.139,39160.56,1972366.8,8787.838,6045.797,35226.34,1207.4054,185393.88,123770.04,51406.28,85166.89,9003.083,8799.388,7299.239,33125.273,535079.4,17022.639,74008.195,3656.6338,11895.708,13091.583,2666.346,5675.5464,2876.5706,8226.4795,41743.312,30559.982,10536.97,2206548.0,130337.375,25712.215,11321.833,14207.869,4363.467,40225.934,11140.071,219542.55,44245.844,14282.186,6538.774,6715.4434,103370.29,19746.484
asthma_60,asthma,168907.62,49688.363,67461.914,2884.1272,253171.38,10311.144,18255.717,27993.898,5956.247,56754.316,25234.771,330130.34,29840.537,14405.443,468610.56,3830.2925,56893.97,9498.955,10365.958,6678.0576,25892.566,352414.38,132291.47,24299.248,6164.5947,60364.383,21497.234,17296.842,2345923.2,5722.8022,19722.639,324334.94,16420.34,15338.266,6314.1133,15888.249,48083.355,1674617.1,6392.491,2883.2578,9381.949,1388.0692,187485.72,89849.71,21448.025,50150.73,6976.7847,6570.2583,9146.5,19708.93,541544.2,10217.865,23190.107,3976.4033,21565.842,11436.09,33747.46,8999.89,3086.6243,10273.419,12629.714,20291.35,4266.44,4168630.0,126451.8,68865.49,6241.5757,7533.782,5634.7344,56016.758,8870.262,408866.5,63323.188,9246.3955,5735.77,8044.9775,119833.94,14126.367
asthma_61,asthma,595735.7,206151.02,593066.9,10846.996,893634.7,53402.652,32618.76,9697.778,1123497.6,149796.11,47487.863,850605.25,234534.27,10842.725,1929383.4,8994.003,215224.55,4746.3213,12607.738,6511.3086,60691.625,78012.86,611379.56,38936.04,5321.9575,52822.125,17578.277,76869.68,7393363.5,45717.355,85623.37,510871.88,36075.457,58265.25,3999.4792,155834.22,91189.22,1310359.1,3906.6182,8401.291,16553.744,16108.744,145153.27,120059.98,114656.086,100148.234,7637.0527,2319.6216,2052.2812,10669.519,812270.3,9102.62,34462.42,1413.8002,15946.894,10581.877,80575.45,8297.74,9734.466,15548.814,1812.1708,1768.7775,3115.7146,7369471.5,53171.273,238142.92,24397.055,4381.527,12567.987,238063.9,7484.099,1063035.9,583937.94,5249.8335,2140.495,6222.6724,72100.29,19322.195
asthma_62,asthma,219191.1,219274.72,80074.54,6218.869,483428.25,14838.448,3403.5623,14842.001,2304.7444,84757.22,22182.771,417256.84,80702.12,10139.028,748703.9,4443.3516,84364.41,7146.19,3141.8132,3491.546,43500.33,523004.34,92902.6,28801.188,3950.294,26185.877,10201.263,28231.283,4430751.5,13113.026,76491.97,325556.84,15784.502,24935.89,1556.6641,16290.232,46637.168,219050.66,4119.774,3497.5664,16274.409,831.1573,196298.53,114282.625,34397.043,36111.707,3851.6719,6564.5454,6530.6836,8174.9653,364358.66,2193.103,22911.42,1724.9414,20911.412,8265.994,70024.54,1632.561,3028.143,8116.757,3169.6086,2187.6987,1250.027,5548564.0,16646.836,239971.8,12361.93,22419.258,1588.0923,314924.22,9844.426,230595.11,221787.33,17319.82,6990.3066,5073.1377,73911.914,10762.453
asthma_63,asthma,69814.42,210489.23,24778.314,4830.365,42014.902,47535.758,116806.94,8873.207,1012940.6,32669.816,8871.049,806106.75,257298.1,29325.904,1060043.2,16786.547,177171.97,13670.692,4076.1646,5211.5854,54700.582,272451.78,171831.84,63763.145,5189.0156,26564.72,15676.199,32241.74,2267996.8,20503.43,248674.58,575264.8,30303.219,52243.92,3263.7566,897585.9,90890.984,358762.8,10731.795,1252.4297,207.84619,12289.468,173297.83,179100.66,2039.9274,78706.2,4665.083,6337.687,6206.5317,10579.898,750609.9,2124.578,100875.305,6024.055,11257.766,12885.308,55664.055,1629.3993,2637.2764,9949.837,4656.2495,4043.2131,3563.06,7125272.0,11121.685,618392.25,2280.9165,79039.58,920.50995,337811.25,15597.367,734636.56,2334.7776,57099.71,6533.8174,6441.911,210762.81,20459.674
asthma_64,asthma,488858.6,284888.44,152045.25,14182.701,981539.75,44025.703,20362.615,52535.61,11545.641,141788.61,46757.188,591490.4,242703.75,20537.326,1302772.0,6890.665,136750.69,11245.596,19350.447,19355.283,30886.537,711448.4,811683.4,43456.79,8104.356,145952.4,54708.46,69835.734,6626565.5,22030.486,32954.395,490978.88,43779.97,20154.066,10675.759,30323.543,88006.27,4200924.5,7436.141,1521.4038,21711.127,14379.418,390864.06,192969.36,106951.09,116693.15,18395.623,19964.5,19651.795,43813.176,731166.25,34608.0,18064.111,3667.4773,41751.594,13966.799,102200.08,21230.447,7769.389,20262.613,9897.609,24337.562,8316.867,8271106.0,93635.72,48340.332,19304.383,12333.63,11082.845,44604.7,15988.118,1686226.1,417412.88,13805.438,8321.906,7122.815,130618.48,43067.8
asthma_65,asthma,54187.176,90383.84,37610.195,3893.1697,435128.7,12994.987,2241.5754,38258.2,2920.1467,43250.555,20977.451,97687.69,21724.383,15119.85,303123.12,3373.6287,36831.2,13190.91,9141.328,6075.91,35369.176,447576.62,142048.34,20913.766,5846.5415,31095.885,12690.315,13519.198,1891746.4,2200.2573,16571.404,223431.78,13058.886,13497.245,5046.7705,18487.91,43697.168,800893.06,5465.3384,3808.7593,8936.524,19554.986,235696.64,90418.67,22341.947,40777.316,5875.36,12239.509,9274.085,15377.271,547391.4,7338.932,20576.498,1467.2195,25300.777,11450.235,25772.193,4874.9126,2889.5513,6147.5957,8992.639,8061.853,2088.9314,2883334.5,109391.164,61911.113,5049.419,9632.844,5446.832,69751.87,9091.679,109483.01,39696.543,9267.798,6401.662,4509.226,78212.805,13694.796
asthma_66,asthma,270410.2,44445.125,191936.4,6349.8374,590928.8,20429.725,142579.69,11869.732,55997.312,85534.65,19936.967,675787.56,41315.84,48585.94,939804.75,8999.761,140950.3,7556.884,9207.577,3248.0835,37400.344,240982.27,15356.826,46405.613,3714.5344,17301.082,7685.0747,12649.412,3639006.8,11347.757,148806.53,361260.56,25213.338,63719.5,2374.0476,171173.84,58173.637,340395.5,5616.7744,13134.2295,13329.633,4253.461,67646.1,106722.664,41270.55,40730.055,3278.4417,7198.462,4005.4124,6468.1147,790660.0,1973.03,18388.625,1517.2985,9167.74,7580.4824,9281.739,1651.7546,3340.1646,5313.8315,3114.4456,795.8173,1440.8174,1505679.1,63097.547,765454.5,8525.195,12717.093,1696.3693,391956.28,12336.077,532721.9,133863.9,7833.2017,5092.351,2647.4722,77745.625,9819.94
asthma_67,asthma,40366.4,101680.445,21792.178,3582.5005,142459.81,13920.546,5151.1514,18499.674,1105.8828,25342.967,12870.274,85664.2,11919.694,51676.14,306145.12,7643.932,61339.68,16154.423,4062.4504,4021.1736,19454.889,615620.8,32147.633,50318.6,5753.145,24402.78,9083.444,12126.208,356688.6,4348.185,99018.56,283097.66,31731.24,44115.984,2537.9954,38538.746,71867.77,489705.53,5599.384,9754.086,1212.3229,2411.6367,156006.4,130515.5,2844.3235,37624.69,5408.562,13687.875,5972.609,10013.766,846478.2,2527.4663,19301.787,1032.9933,8430.243,11257.841,37652.258,2057.9011,3204.3132,5798.4966,6646.8687,3558.9565,1050.8315,1834825.6,560637.0,332859.88,2639.4688,25552.803,1857.9342,373039.4,15037.274,274879.22,12097.791,19152.979,12677.009,3953.6113,96269.24,9606.392
asthma_68,asthma,98655.01,180839.12,36640.227,9912.593,52925.547,44986.07,283131.94,16838.018,231873.47,47951.605,13014.907,576981.8,259640.53,62438.305,886820.75,23051.145,227660.94,17000.865,11570.94,8916.253,44046.492,630090.6,119249.664,87936.13,4990.38,53137.31,17788.295,42129.254,1450385.6,9681.504,265200.72,608182.9,46186.973,107318.71,4756.542,632351.7,132200.66,732880.8,14870.509,1322.3138,370.31946,1682.778,244485.34,185808.06,5026.199,102973.266,4665.261,6359.159,19915.91,13441.62,1131034.8,1808.7977,51691.816,1156.7482,13038.985,14862.229,81539.57,1765.7218,8122.8906,17522.422,10939.452,18238.61,7783.556,6588561.5,477553.78,870531.9,5084.168,105270.47,1405.9451,514486.53,21519.082,331870.6,32762.174,61231.26,16130.375,18052.623,118762.2,17281.705
asthma_69,asthma,466541.5,210541.83,179550.78,18558.113,1158057.5,42527.73,40444.12,36365.867,31714.297,79656.914,28423.258,596962.4,56226.887,20615.234,1144098.6,15889.855,225266.03,19005.443,27075.33,12330.948,50432.125,1104796.5,348854.16,37869.594,4921.044,96807.65,26662.592,34185.42,5686876.0,36971.09,29567.617,447362.8,46302.656,34507.87,7696.371,85350.0,73278.9,1570226.8,9231.715,2735.3484,14636.653,36735.816,241245.31,189834.73,120147.83,108485.23,12750.15,46466.64,21024.098,18558.361,811964.44,9612.386,30886.479,2352.5508,25620.91,10512.657,78686.31,9906.156,4487.394,14168.775,4367.7563,4513.172,17005.584,8272518.0,60559.105,128638.18,14494.292,32521.1,10486.72,139516.5,13625.9795,1563329.6,146860.53,13611.613,11853.147,16251.081,159402.0,47537.16
asthma_70,asthma,263107.78,197549.86,167263.77,10804.188,633607.9,14617.694,11082.073,20125.889,14217.914,82349.98,25983.725,419191.28,45362.566,23015.91,889524.44,4619.993,137190.77,10322.242,10366.106,4291.2886,44076.285,560690.5,223141.33,38482.004,3814.1184,28515.682,11956.596,23748.516,4422283.5,9307.456,57960.766,329612.5,27092.016,30791.54,3087.5166,30110.979,62533.293,602159.94,5283.577,2999.2007,11189.011,9811.599,157895.06,122058.87,44464.457,53601.24,4261.5835,16757.13,7804.3706,10637.197,517394.47,2479.486,25479.652,1505.587,17027.332,8952.2295,52392.46,2409.9692,3782.1157,7482.6646,3888.4448,1343.7935,2101.3855,6679188.0,58787.97,300070.03,11852.809,29391.928,3048.799,236729.5,11985.665,593791.8,246702.19,14639.809,6659.465,4821.2603,88391.43,14149.856
asthma_71,asthma,314135.62,223949.75,84919.445,7271.887,787866.0,19215.645,9959.369,25288.62,5228.5146,96729.02,32875.57,399326.16,61582.934,11090.183,916621.3,3516.2102,105987.2,9818.067,9496.473,5507.0293,38319.617,514180.94,148711.05,30966.764,5077.0005,35709.5,13612.275,32522.559,5508178.5,12929.921,27996.889,295151.72,19235.006,18099.273,4283.498,16795.354,52448.105,1084007.5,6052.7095,7388.2437,18063.008,2942.2534,183671.17,124544.65,47367.996,36852.74,4800.161,11964.81,9700.581,12288.12,427931.03,5908.343,23518.611,2241.3208,23821.354,9859.931,60247.516,4027.4346,3115.138,8030.2734,3859.1118,4443.6865,3506.9143,6344005.5,74454.33,104890.36,12391.357,13953.91,3530.8384,78055.2,10617.797,491134.34,126907.38,11266.369,6549.5103,6014.8057,114909.06,14120.359
asthma_72,asthma,78985.17,44765.02,216098.66,3451.5645,223511.06,11639.288,13687.326,8239.491,659741.44,60589.664,22011.48,202369.11,53181.11,9438.889,737775.6,5349.135,60035.184,3598.0461,6891.5654,4771.7153,28544.523,52313.074,214292.88,19934.115,4774.7886,25298.484,11681.136,21961.93,2774740.5,16739.479,41083.547,251282.16,14228.848,34610.31,2068.9705,244575.83,66424.42,648198.75,3995.6812,4826.566,2256.9968,6218.762,109852.62,77127.36,5604.642,28878.035,5199.455,1833.1616,1885.8267,14224.831,600641.75,7678.495,54442.754,709.33777,11289.452,9261.241,20724.03,3460.621,3025.8792,6332.581,3423.7751,2623.6958,1825.943,1463807.6,114714.82,178801.14,7992.8613,3274.7346,8660.661,263615.62,7046.82,90074.15,101091.99,5123.597,3206.4016,3159.8962,103463.88,11578.148
asthma_73,asthma,110469.21,44518.3,167393.5,8020.254,319132.75,9830.736,5248.2764,21816.03,26426.197,47866.895,16947.605,550688.0,47642.273,29163.996,610722.8,6664.8027,159410.97,12420.701,10611.034,6286.794,58213.543,754758.1,90789.19,34663.03,4763.007,36296.496,15434.751,37648.13,2328168.8,11803.194,44196.586,413748.03,33747.688,31703.924,3438.8354,110056.68,70808.5,896504.5,7222.4434,1724.716,5264.29,3230.4019,248815.25,137226.61,12922.216,80592.67,4330.952,11398.436,12301.723,14477.616,627567.7,3596.5293,85012.63,1130.7576,11561.442,9650.665,28772.059,2946.163,3819.0334,9162.006,13158.103,6195.6426,1888.3484,5014794.5,129573.93,181718.58,7091.706,34479.91,2569.1018,163014.3,14512.164,354334.62,133478.92,28752.5,26717.219,6247.4424,102844.21,16113.062
asthma_74,asthma,262065.02,335921.94,97036.98,5758.3716,854384.94,29917.447,3991.2317,32784.895,5106.691,97573.54,36157.816,339916.7,54307.875,17008.375,546118.56,6995.509,91836.8,12560.15,11778.477,11327.784,43441.332,620282.94,296687.53,35648.73,4776.6475,39308.473,18180.273,23258.748,4621383.0,6776.299,35546.88,357913.25,29645.805,22986.756,6943.783,13281.893,62318.906,1919509.5,5227.0137,7918.657,16355.305,8617.091,238105.69,145720.0,103244.18,60074.13,7821.1074,14696.368,12237.77,18789.674,697562.6,10926.668,19669.684,1539.874,33812.89,8728.712,64385.453,9786.309,3415.2515,7213.1904,3972.123,10454.434,5492.6816,5997437.5,74566.96,128512.25,11722.889,10899.751,8842.894,77469.78,9839.666,736357.1,261792.75,8173.398,5616.7046,14201.705,102760.29,19672.291
asthma_75,asthma,219250.67,65238.176,83785.734,2480.3376,1759756.9,51913.242,35389.32,35212.402,23487.365,68354.984,12283.866,154740.39,150868.94,29030.629,387272.0,7136.6675,291154.16,10612.957,13888.361,8860.682,77374.38,970905.06,56594.707,33810.152,2438.4448,41302.6,14407.12,29632.32,4321934.5,11885.513,27397.973,357529.12,33896.613,27257.676,3764.9812,33571.453,47126.703,603273.3,10378.026,1222.8722,37487.477,4413.036,124165.98,141948.94,213168.95,103419.586,4967.9814,28588.36,14408.274,9973.219,484250.03,2299.655,45492.973,8605.247,28025.02,9791.042,56518.113,1893.6243,2533.219,10769.723,3201.5479,3205.6616,7410.7505,8213105.5,92958.086,367094.2,10461.605,55056.527,3708.0874,370980.28,7599.935,1334854.9,24469.828,32394.494,18181.002,22492.46,62391.1,40716.734
asthma_76,asthma,372859.78,299835.44,103324.85,15013.357,381113.4,30014.072,12975.6045,26522.572,33164.85,72875.38,30555.174,437098.03,132422.98,25182.266,1042126.94,10693.775,241579.38,14528.519,12840.701,18944.674,50313.707,1044896.5,349238.62,49488.367,5401.267,86831.61,19469.2,35409.777,3293559.2,12997.528,76002.95,471555.47,45409.703,47692.69,5263.0146,77696.63,94528.48,1145182.6,10368.43,4757.1226,7815.045,968.4617,275173.0,199211.52,35985.496,106166.664,11100.226,23160.379,35391.816,36932.676,930110.8,14752.738,58041.855,920.4708,14514.974,9155.777,95599.164,6533.4375,7399.005,13938.361,14382.422,21849.928,12040.03,7940049.5,73754.82,189966.05,13735.044,29076.209,5716.326,145370.36,19523.158,1435214.4,258308.33,25778.068,36892.582,16714.258,109300.75,24649.951
asthma_77,asthma,214943.12,151570.69,165770.06,9186.41,495587.66,14160.076,9287.194,12111.795,5270.0425,70217.0,16452.178,403058.47,43717.926,20214.127,827250.5,5860.3936,122454.0,8326.63,6533.6865,3541.8765,39562.41,594149.25,74445.81,38301.312,3941.911,26228.367,10585.076,23636.912,3003880.2,18568.543,93148.88,319717.34,27705.059,43013.7,1934.9587,26013.281,66509.36,282039.7,4916.071,5963.717,10461.675,1675.1749,137253.97,108927.28,23428.684,54552.94,3674.6143,9645.337,7776.7217,7532.4023,475391.28,1708.691,24151.014,1407.1156,14737.4795,7391.8877,46611.598,1649.0404,3573.6804,7629.4297,4048.512,979.4059,1911.9288,5122209.5,32090.045,579594.8,9483.801,24642.994,1732.3279,374158.88,11888.607,487072.56,198630.64,16315.95,5912.306,6324.197,77345.98,10149.651
asthma_78,asthma,33475.188,133600.4,36383.766,1574.4115,549802.2,13805.688,1155.7361,54681.285,19311.215,31974.14,16243.38,96587.06,78091.914,19163.43,99118.91,6935.8535,17783.918,12460.628,4720.099,16581.205,48862.89,865883.56,39767.703,40845.547,3506.998,54827.656,16976.771,16749.924,1329416.1,2268.272,38787.418,372889.3,36117.938,15416.861,3682.8364,33943.035,49631.344,2573420.8,8917.597,4856.172,11322.416,2220.0159,224541.92,217454.22,53321.227,105874.766,17131.14,16361.468,13157.927,49057.316,888618.94,20270.75,148357.2,5153.0337,17234.729,12609.397,20181.418,6742.8496,6602.58,4948.609,9333.414,29362.201,7198.4824,7804741.5,68923.836,42155.742,4804.316,23821.262,9212.663,105757.7,14683.311,389576.47,115314.7,12739.162,49225.52,17928.52,50556.703,21947.21
asthma_79,asthma,432018.84,114430.734,187525.77,11372.016,590396.5,30984.281,117383.164,11842.921,29543.264,57400.44,21509.355,544573.94,89948.13,9944.059,928021.56,4113.432,253958.98,7857.5356,7841.5063,4079.4204,41257.566,399010.56,40800.19,36751.727,3947.8828,21345.4,9725.511,24182.773,4306567.5,13800.687,37483.08,389710.97,26713.855,25581.748,3088.6802,42077.215,44991.777,205731.89,8423.01,5116.1836,12924.016,450.8966,96207.38,147635.55,49139.824,54812.81,3143.1294,5926.6646,11078.258,7553.259,286640.22,1634.7396,21782.432,2017.2283,13063.719,7720.3984,24705.59,1327.9062,2754.147,11030.308,3314.8054,1554.5205,4798.609,5779655.0,14752.456,186034.31,13129.571,90282.19,742.79565,303053.47,12149.338,1135177.9,281863.03,50622.367,9799.544,7980.734,63576.004,12450.21
asthma_80,asthma,363045.12,257703.05,95598.71,12856.398,517074.84,34096.043,21531.111,21251.332,1939.4818,69656.87,21218.545,697432.25,103357.87,38119.98,962575.25,13615.262,208492.77,12550.522,4603.106,3766.1233,30937.451,716054.56,148769.48,52890.68,3574.1511,26570.803,9681.596,23231.502,3703433.2,16284.485,143215.56,459784.38,39743.703,53114.863,2228.4917,42230.99,67966.46,328331.22,7827.2866,4207.646,14572.038,5731.4824,113409.7,134477.06,111396.6,72012.95,4434.172,20805.105,10014.195,8060.1465,563375.8,1615.5085,21342.979,4067.6775,19881.182,8579.85,91568.05,1352.4724,5607.54,9441.428,3032.3752,610.03253,2327.5916,6781161.5,163083.64,801476.0,15292.809,61507.508,1684.1836,538077.5,15481.028,1549631.9,263967.3,32849.902,5887.236,9506.36,76898.5,14407.711
asthma_81,asthma,57058.18,92156.5,50694.21,4973.9463,1322038.9,37019.145,7232.8667,63491.72,10478.182,98741.414,36595.906,138982.66,36874.36,15003.409,202616.88,8169.252,19397.25,17677.906,18945.107,12500.027,37530.008,884164.06,23218.92,22754.807,4251.725,55483.957,23258.926,29483.902,4043142.2,22848.184,15847.63,312047.28,20966.07,14791.2,11992.309,9120.983,47019.77,2598278.2,10692.817,2034.5944,39624.98,24206.402,159777.16,159073.81,210537.22,101239.414,11713.567,40388.23,36424.21,37427.426,593995.2,19598.06,29876.846,4434.8022,26433.355,9921.994,2422.1792,13719.229,3941.441,10678.07,11194.241,18861.78,24299.965,4936021.0,7764.4033,25811.746,12454.913,37375.453,6027.9062,49108.152,12270.88,447460.53,94961.375,12883.87,7367.801,20187.154,60437.31,48194.133
asthma_82,asthma,263704.12,230951.42,55701.227,19814.947,416731.12,49881.652,7023.777,32051.018,12408.328,72416.53,22642.172,129769.945,210210.19,35874.85,822291.25,24835.143,208353.03,19718.537,13139.78,18590.816,47415.004,1226323.8,433998.53,55977.824,7643.939,74386.695,25319.436,46498.336,1730684.2,14002.892,88249.42,463254.88,49549.098,68114.21,3313.6355,107849.47,108909.414,3003316.0,8985.678,2113.8765,3724.8955,4679.599,366956.62,229785.05,33579.008,121237.03,10930.671,31422.473,55729.547,23531.646,1014697.4,10085.384,42843.305,310.99277,18753.42,9653.15,100082.35,6779.5054,10617.948,15554.465,7880.6226,10677.489,3871.7668,8069749.5,14278.412,188793.17,13696.363,66680.14,5458.3105,259819.86,21187.16,925601.5,167179.56,24797.107,40457.66,16951.809,75434.58,28506.3
asthma_83,asthma,215021.23,57683.72,109713.58,2370.751,328851.12,7759.9834,22209.7,22837.836,5662.6387,87908.05,38644.855,535878.06,41903.938,9592.951,731005.2,2732.7883,50267.613,8796.735,12441.402,6805.135,42271.125,311023.47,87668.266,23127.756,5085.041,50286.17,19322.213,28445.521,4262243.5,12936.225,17949.203,366423.66,23167.803,18214.967,5550.1553,12021.865,57915.953,1546300.0,4915.297,7077.543,22961.361,1301.4182,153912.67,114489.68,25573.283,57618.566,5982.826,4261.5674,6099.9624,19498.299,508110.1,11521.836,32313.127,1660.7056,19269.637,10815.54,45234.95,9473.404,2570.1375,9562.623,6664.4277,19414.74,4725.9106,6010108.0,121512.984,123425.73,8592.166,5307.54,10269.441,49684.715,8658.572,539479.2,202619.0,6480.002,3661.2761,12171.723,149080.25,13407.588
asthma_84,asthma,530677.94,354100.88,159765.58,20075.068,1036812.5,52206.22,37525.926,31665.396,13579.78,131334.33,33915.176,903877.2,132370.47,24312.553,1114906.6,12166.8125,300396.12,17992.584,23440.037,6913.2456,35525.46,912304.4,332963.7,45773.895,4173.035,57906.785,17013.86,31052.38,6671332.0,42044.285,98948.43,521284.4,43000.656,59570.31,7387.1304,37547.516,96892.625,773357.8,8190.746,5086.613,21071.352,11689.395,156564.28,130830.164,151299.31,83616.586,5618.8267,30638.57,30725.008,10753.64,683380.6,3393.4536,17445.865,3467.6863,20286.9,8787.503,88292.69,3921.2312,6514.7754,13790.595,2859.867,1023.2784,11733.538,8148436.5,33236.633,676391.06,23473.951,36080.207,4048.709,263261.12,17909.943,1554804.0,395094.5,17065.115,4179.5283,12964.633,108170.95,23222.885
asthma_85,asthma,170494.14,210240.86,44448.05,8209.031,432668.25,19746.805,1674.169,59017.273,10940.016,56776.348,28248.36,468325.97,133667.33,21935.346,568352.44,4500.46,69933.1,17843.756,17891.81,16844.248,41862.992,612057.44,747148.94,30811.22,6510.3896,64887.164,20512.467,18105.799,3238155.5,4772.125,24097.291,354130.6,38625.51,17368.139,10116.907,71910.42,69843.46,4321691.5,8693.518,2097.3962,4998.2305,23988.717,436625.97,158453.5,33582.15,105600.07,8299.41,26733.76,12066.631,47692.645,778954.44,27591.094,41403.8,10824.301,24744.45,14193.96,89531.086,11053.171,4628.4053,7528.129,22199.514,30593.283,7224.7373,8052099.0,76930.84,95948.72,7636.062,6296.978,11533.369,27801.72,15225.732,1381061.8,238283.55,12965.646,17060.541,4787.9424,172781.8,22664.404
asthma_86,asthma,284700.22,190914.1,122068.414,8499.6455,235775.55,24193.916,15611.595,13946.979,55117.47,76676.53,16677.57,563142.7,113545.63,17067.117,1349519.8,15277.691,146326.2,10168.458,6852.716,3951.285,40342.652,441447.25,256144.45,39301.95,4270.9844,18569.162,8709.71,24632.043,3729170.8,23208.25,103650.94,434684.06,31065.68,56141.207,1953.2162,298453.8,64295.99,277361.1,5416.5903,10285.812,1936.6368,9670.816,110550.15,122548.63,18266.113,38414.46,3358.636,19265.19,6405.351,7849.558,573841.3,2509.7593,59240.69,1727.0487,9490.569,7231.659,58109.54,1860.732,3996.0012,5959.742,2417.525,952.7892,2701.5972,5688232.0,22409.084,520428.53,9490.008,22511.195,1639.2682,293244.4,11467.973,829809.8,95115.55,15288.142,5546.5566,6443.7544,89067.12,12996.524
asthma_87,asthma,17113.08,33803.445,24873.543,2214.6887,44541.53,21315.312,52678.8,9178.721,131263.45,17942.598,8516.694,121407.81,94030.625,30397.494,292934.72,14173.655,111851.16,7233.1147,5341.4307,5851.2505,37475.07,141325.03,74511.94,52805.05,5109.034,46879.53,18711.418,11497.027,214304.72,7685.727,182172.84,400278.97,33132.984,55627.754,2404.9023,482784.16,90349.28,620728.5,6365.671,1513.7305,317.40033,5406.5815,145628.6,88856.71,795.37177,49804.598,6308.232,3458.1724,3784.5337,16873.352,817154.4,3979.716,27769.154,2002.3275,13158.643,13638.539,36635.367,3930.815,3085.744,7867.6597,12065.458,9053.104,1428.6984,2371404.2,770742.5,491360.62,1910.7443,8999.074,3349.1912,360681.56,14012.35,97702.41,7146.1147,13629.566,6756.466,2327.6892,171825.61,9763.449
asthma_88,asthma,187292.17,18699.2,308059.38,5947.3115,132613.83,18606.336,96296.695,7915.1387,5384801.5,90260.32,31507.547,599924.44,224778.25,7156.783,1639225.9,6041.5254,91860.8,2925.0972,7609.72,7112.6245,34579.527,36413.168,285347.16,14700.335,6949.72,64800.65,28450.432,93869.88,6074102.5,23857.186,23744.1,342965.8,18537.258,22633.924,2301.603,653210.4,64415.426,868134.25,6036.5195,1442.2812,2366.4788,18564.842,121441.97,83266.69,13921.874,85080.516,11281.67,1390.9674,1724.8607,33291.926,470056.72,18712.453,199224.25,2618.2358,9804.162,17263.502,31807.684,6044.05,4693.399,13520.874,3887.7144,2816.948,1553.1304,4898150.5,21910.215,84603.45,12815.632,3067.8245,10470.759,263757.22,6617.832,415893.0,183838.7,6808.1016,2248.744,2925.0708,130594.06,24415.979
asthma_89,asthma,104982.43,75894.52,34038.895,5840.6445,150908.94,34193.77,46583.56,39876.51,24253.082,44728.32,30158.17,102961.586,50884.906,26941.44,615329.6,15587.612,52021.234,25550.61,24005.057,14055.02,38431.5,958929.5,95402.53,47579.613,6740.3613,55171.164,22118.383,17370.938,1385814.0,5245.759,37603.598,438437.3,33558.26,20470.117,12997.429,108794.39,83338.43,3997319.0,9143.063,15660.986,2343.1091,20289.164,316883.38,187854.95,17492.334,106439.07,17545.717,28325.514,20386.924,54953.344,1031153.4,32425.465,31127.158,4626.785,14728.164,13817.333,6102.7964,25762.73,5951.698,6699.532,20404.1,35958.637,10443.79,3336936.8,18448.244,33910.55,5010.0444,17023.03,11244.695,38135.07,17372.246,541324.25,13359.147,12533.836,9669.968,9251.706,113066.18,34057.176
asthma_90,asthma,471560.4,29131.195,29574.922,1030.0476,765823.94,18005.08,540875.8,16759.656,19479.396,94586.73,11135.186,154246.22,241304.22,52055.03,1238742.1,4335.47,44317.258,20000.844,18673.18,3283.6438,51821.484,652034.7,512491.97,28073.17,4107.633,160196.14,34719.54,13414.674,3604013.8,80299.445,23500.115,482620.25,44070.777,16217.281,12185.673,12145.979,44274.38,5468614.0,13781.574,1965.0781,8432.809,1917.2614,70949.44,125842.22,63069.934,100742.914,14729.034,7736.844,9041.989,30682.754,671471.75,7170.462,50633.38,32913.844,6278.62,20532.43,55340.375,10666.965,6388.0176,17378.676,1679.0454,42655.76,6003.039,8312661.0,1185222.8,109649.77,2276.945,4733.666,8604.394,28593.812,5755.088,1971806.2,214721.23,10355.819,9481.875,4382.095,150695.36,10408.538
asthma_91,asthma,148933.03,114823.945,109798.26,12286.351,541568.5,34216.637,12589.81,32307.21,15011.725,51683.78,20366.344,263442.47,117359.99,28266.145,602317.3,7460.3945,223217.31,12528.397,9317.244,9096.076,46426.508,876284.2,146939.95,55177.53,4164.0723,59521.92,16611.025,50267.613,2291816.0,8808.507,73325.32,399334.9,41175.02,51669.832,4552.2407,105272.77,93418.17,402118.56,10546.159,2116.4585,4665.7017,1840.1516,261443.19,176535.28,22067.518,95760.31,5310.903,20806.295,26844.232,18600.232,749101.7,2842.4004,60580.535,1094.9985,13461.069,8574.36,72587.38,2396.971,4569.0415,16865.854,10416.205,5921.477,10245.052,5557885.0,159604.92,327038.4,13003.157,88797.836,2203.293,385890.6,18227.15,621164.4,68102.52,47439.7,24658.533,17443.902,64212.098,24855.117
asthma_92,asthma,353669.56,140277.25,227771.9,17198.916,576107.06,24757.693,4169.589,31618.895,143091.61,114052.02,42506.605,473793.6,214444.36,26377.877,1371163.9,7875.1753,193428.89,11859.933,24362.596,10896.02,33471.832,185328.12,984900.4,33103.64,6332.726,78085.21,40861.363,51627.42,6474246.5,34056.23,29905.922,423740.4,40164.445,24065.71,9318.586,58073.582,72611.69,3336332.0,7130.1763,1308.6198,8551.443,48728.35,265747.8,152717.81,53794.766,104203.695,11892.078,10403.844,4756.465,34078.195,722920.2,21198.115,26698.217,11202.722,27139.107,18015.008,99472.69,14374.181,7500.9863,13501.1455,6189.1157,10918.438,4604.4805,8126141.0,228705.69,68490.84,16587.105,5833.4956,14591.4795,59171.863,12042.625,1672001.6,583842.7,9412.449,3325.054,4267.938,190907.89,26317.117
asthma_93,asthma,239830.4,301247.34,48731.934,15524.084,205587.16,34845.66,6794.7056,45854.727,54149.98,58111.867,32137.303,547199.8,118064.984,27674.135,1246915.5,10253.508,109771.984,21422.082,26927.979,16174.587,64520.746,946773.8,579985.75,46576.85,5476.584,69772.49,25873.387,30079.436,3202744.2,16666.328,44908.996,482944.4,41420.19,25382.273,10588.035,154574.9,85109.086,3773420.5,8222.251,2867.995,1311.4893,37716.086,325072.56,180358.77,15431.764,88403.57,12145.932,36919.965,18484.49,42048.055,794654.4,27328.686,56515.957,9033.128,26093.787,12392.917,78131.24,9915.363,4391.4478,7682.5024,14486.194,22575.717,9268.629,7798625.5,11427.313,87758.695,8626.654,17880.775,10342.208,33996.035,17792.4,1415531.5,206916.62,15635.765,18164.484,6361.5615,217426.84,33093.16
asthma_94,asthma,347398.66,66308.78,49423.703,6238.992,917184.44,70733.72,20092.922,74143.41,5606.401,116640.41,21477.686,138577.66,106952.73,10115.286,230934.47,18673.107,151214.92,13188.029,7480.838,4785.513,41374.434,1142262.8,11041.802,19837.467,2428.1882,90358.07,24716.36,42289.71,4585476.0,13960.073,9567.458,260418.45,15895.676,10195.397,3924.4082,14513.146,29268.652,598475.8,6694.077,1234.3253,30047.123,25686.406,122594.57,141027.47,225422.05,98777.586,10684.355,33326.426,29849.332,13423.44,431367.53,3794.0693,33163.965,5783.3506,32969.26,7702.966,33757.89,7612.82,2221.2944,14505.217,5604.7544,3246.039,8652.727,8050601.5,1815.7424,39993.703,8723.311,64617.117,3724.1636,97097.43,6303.8047,1072883.5,204648.58,20427.523,7763.7812,17863.184,57054.26,47615.52
asthma_95,asthma,38430.95,61476.195,11388.503,2282.0996,39896.94,48314.844,323191.28,12100.271,12034.3125,19462.664,6056.4575,141096.89,149063.75,48511.44,189103.11,10576.055,158990.4,18926.94,3718.0015,7539.849,31653.018,446957.7,126177.87,64708.57,8725.766,33245.855,10999.243,10622.933,113326.02,5501.485,179304.55,466320.44,30915.89,50134.707,4332.5967,361241.62,85167.945,501206.22,11308.516,1741.2856,210.71587,642.62994,186159.97,157981.52,711.82556,59102.605,4741.769,7886.104,9300.987,14291.914,840582.4,3036.8887,21122.055,5922.4487,8508.892,15608.156,61759.26,4224.908,2839.896,6845.21,9885.985,18678.896,1861.5001,2525661.5,785916.3,337066.94,1685.4601,53829.254,825.9363,175263.56,18834.887,198067.31,2633.6292,50261.668,15886.067,3486.53,135877.98,11284.113
asthma_96,asthma,27659.99,54355.855,44574.34,2314.3992,138364.52,5700.0303,5398.975,15139.95,50303.727,23252.006,20899.23,199244.95,31884.492,12845.772,452746.3,3361.6714,28486.543,7397.5303,7988.2354,7917.736,40561.434,120983.734,203798.44,23461.082,5566.0654,38944.504,13409.89,13747.678,1306033.8,3496.669,17062.607,284845.78,18169.943,14188.966,3914.6646,89041.555,47670.363,1663089.6,6153.245,3232.0632,1808.582,6768.728,196482.27,81295.14,4978.337,40861.832,7612.646,3093.3628,2814.6619,35314.64,665755.94,15265.049,44723.887,3112.8535,16529.637,15924.249,21848.719,7825.823,2320.8503,6073.187,10704.062,13996.256,1720.7213,3454317.5,250430.72,142586.48,3704.566,3518.888,8967.809,95978.28,8302.76,243657.62,36700.062,6747.154,5276.8384,2771.2642,149952.33,13273.483
asthma_97,asthma,415793.06,526622.94,66219.49,21268.223,1508125.1,57630.656,7679.733,55861.832,10737.252,104430.62,49224.676,563174.4,148378.0,20233.955,1168680.8,24164.977,71535.516,14614.279,12948.63,21745.941,67575.76,1193563.2,401651.75,33543.03,5214.663,110863.72,36253.426,39603.332,4966889.0,17313.066,34373.992,451315.5,47716.62,30052.31,9154.939,21186.312,72526.42,2823235.5,6837.2817,3128.9277,28084.658,12335.112,366911.47,213362.38,211001.33,97858.05,20295.686,22096.896,40164.18,44245.0,975837.0,30770.549,27784.756,1274.9203,46672.54,10232.465,100179.56,15654.431,4154.047,14630.247,10777.368,15734.196,4909.2197,8266382.5,5851.005,60278.723,21210.916,36277.81,12134.897,133859.83,16592.453,1762255.9,343827.78,12530.8,46896.21,10348.453,99862.78,47434.496
asthma_98,asthma,491032.25,337195.22,127013.57,15102.67,1604555.1,62078.79,45001.004,58279.42,7012.7246,123204.4,48140.113,525184.06,149786.25,12239.415,724965.2,7674.0728,202505.61,10979.088,21874.135,16682.693,30643.48,1007285.94,542934.75,33252.676,4616.161,122283.5,39005.8,33455.812,6124323.5,28202.785,30828.209,449772.12,45476.88,26700.229,11026.037,12114.648,63294.87,2807261.0,8492.798,1885.9607,44494.914,10308.537,251408.25,189058.58,292229.34,114140.266,16526.611,33506.105,46813.23,30654.383,738071.2,17606.314,15470.431,1653.3672,48120.19,9585.652,98459.22,16751.025,5489.984,21049.258,4166.5396,8096.128,24831.969,8300667.5,153663.78,57075.375,22700.682,30226.152,9679.158,60803.15,10129.816,1914566.0,124545.836,14838.646,10382.462,19188.723,134533.89,55035.633
asthma_99,asthma,454279.1,212713.45,60077.336,5369.6646,1168570.4,20947.023,30601.309,44564.094,3156.9707,140047.33,47078.008,693479.3,119644.03,29713.285,1290452.4,3712.5576,113983.734,11091.019,20083.342,9968.777,41558.918,454556.88,488926.22,25803.771,6696.491,59967.26,27098.656,59679.883,6456852.0,30979.73,31379.11,443795.06,40662.445,23581.186,14277.677,15070.943,63645.16,4160234.2,8547.651,2198.5,38517.105,15553.99,208310.92,160538.11,118159.49,93538.34,9178.056,10585.269,9402.902,33984.332,720175.25,24278.723,29248.2,16774.959,37522.742,15733.596,86621.195,9975.255,3808.8428,13410.567,13382.624,42977.74,14001.636,8224274.5,354315.72,109244.055,14153.096,5954.293,11550.674,19836.615,11924.458,1339361.2,360795.4,10207.979,4297.2773,9424.999,235292.61,19595.93
asthma_100,asthma,243064.64,162717.02,166096.69,9447.265,404032.9,16096.6875,14912.35,12811.122,16464.64,44405.51,19312.172,524317.75,78015.984,23034.861,927267.8,5206.805,153049.08,10235.549,8484.879,5151.0435,54183.457,410656.66,104648.46,54893.21,4428.157,29265.275,11481.533,33264.25,2716915.5,20139.637,99463.77,433044.3,32799.53,48772.707,3534.3296,82504.52,74511.16,194912.7,7480.5093,3775.454,4371.845,531.8806,162748.83,155932.92,12019.859,65007.51,3726.4238,5600.9917,13218.037,10436.152,450850.03,1833.8335,38502.746,2668.4785,13398.908,9808.249,52033.094,1435.7936,4230.9336,10795.351,3873.1372,2680.2368,3821.8943,6277760.5,70722.86,478529.84,9024.981,67155.2,1013.738,316630.5,14808.321,884719.9,203958.08,48059.56,24765.533,9189.617,75732.78,11238.916
asthma_101,asthma,599267.44,372991.03,129559.48,15562.048,1367410.9,66113.92,64821.785,61158.777,5287.792,155140.69,52009.727,766214.06,216369.83,20856.342,1636999.8,14232.635,286573.25,19248.88,28017.963,11991.302,39611.414,708373.3,864810.75,41120.117,7513.144,86753.97,28732.188,60159.496,7278976.0,45315.953,41829.95,483200.1,39151.188,27231.744,17218.924,16944.373,78786.484,2871726.2,9183.913,3526.3816,37137.855,22698.322,315463.16,180510.36,192816.5,105362.06,12306.451,19891.879,18261.531,25860.904,826708.7,22628.96,14530.182,7099.7397,51326.24,15195.892,95928.13,24049.078,5957.099,15449.686,3455.742,20219.854,22843.848,8212870.5,356405.38,88546.25,23473.951,8700.817,12645.829,25224.498,12885.799,1640463.0,307844.97,11325.711,3573.0227,15409.232,120101.55,44080.992
asthma_102,asthma,179615.34,167701.89,113938.52,7712.3467,420630.94,8298.01,8179.4653,13650.537,3093.9531,46861.023,18069.314,335923.53,41459.676,23924.445,856963.6,4078.1482,101197.805,8842.497,5043.9214,3942.0273,40336.11,544760.94,106713.805,41000.84,3930.4739,26030.031,9934.049,21824.832,2363822.0,11407.756,92383.18,309098.2,29788.305,35644.14,1853.5897,34378.22,59678.062,295148.9,5161.1455,5584.103,6536.4917,738.34973,138951.11,123524.29,8903.157,44268.47,3737.032,8287.134,6994.6084,8812.918,428573.88,1976.6866,27121.436,1735.2893,10836.17,8329.768,70288.89,1511.147,3031.5308,7808.4214,3750.1738,1564.9469,1306.8718,5797983.5,229696.97,470891.25,7182.0366,28426.537,1514.4355,334380.7,12989.423,637211.6,252091.3,22237.762,12580.208,3817.216,79263.47,9134.364
asthma_103,asthma,217811.4,65380.496,157717.33,6289.547,432298.28,12300.139,5347.737,15646.595,47864.34,69608.46,25041.943,469687.94,79387.01,8347.44,921214.25,4640.0796,77034.586,6035.017,5882.8574,4358.845,40597.426,200974.16,190726.28,22197.672,5321.3486,30681.672,13536.797,44215.64,4171859.5,12432.79,28078.043,293708.2,20170.432,20208.307,2289.297,67568.22,66472.96,643246.44,3997.9077,4198.946,8241.464,4414.804,197880.58,108415.62,11479.813,30856.477,5062.9424,4285.19,3936.6914,13916.962,495885.5,5548.996,38102.79,735.46484,15308.919,10618.07,57375.484,4379.843,2980.572,7505.4663,3745.2437,3000.9292,1506.2567,4706980.0,60642.793,98981.836,11797.319,5468.1123,6274.7046,175138.75,8939.201,134938.14,144858.86,6647.3564,4165.0693,3902.4243,90077.33,11840.256
asthma_104,asthma,72325.49,71170.77,21159.133,4946.688,104230.03,26278.719,5073.4375,21979.908,12711.672,40311.152,15044.892,492563.12,105779.29,26584.719,395012.38,2922.9717,167957.19,17714.396,8551.296,12275.152,59481.973,728592.94,289552.84,41966.406,4662.343,36472.043,11473.542,18120.086,1079932.8,3895.25,72527.6,407186.25,39405.836,31423.432,4184.6187,282876.62,85781.93,1523514.9,11255.092,2290.2747,846.90027,1290.522,302743.22,130459.25,6684.953,88288.4,6325.8984,17476.674,10060.962,28434.617,905853.3,12008.676,145108.56,2218.1125,7148.5215,12026.889,82836.13,4140.256,7894.977,5841.692,11578.867,23319.984,4390.405,6446306.5,604590.5,183380.28,5044.0225,14938.001,4673.978,61550.05,16769.697,148212.39,75771.07,19984.273,37766.477,7331.8237,89234.27,12089.947
asthma_105,asthma,57912.25,116137.26,52515.875,3313.1992,218404.02,14933.414,16301.47,21692.064,1207.4923,27927.365,14984.104,109059.805,705.8626,28454.395,230024.48,7441.157,51555.684,10899.314,6779.266,3999.5173,18992.887,759379.6,3176.4346,41290.117,5440.061,22780.299,9237.722,15725.03,555869.44,6157.0317,42816.43,186615.19,20984.354,16750.547,3545.7878,23308.512,42130.78,461528.03,5725.199,30670.408,4689.5864,2825.023,131009.95,138353.44,8793.858,49917.867,6765.301,11983.79,9440.158,9560.681,634662.0,3387.8223,17306.824,556.40643,12844.155,10738.604,2426.7788,3242.876,2656.5186,6574.828,5292.364,3665.3052,2062.24,261959.58,20105.496,89955.766,3308.6921,29090.994,2476.8948,140318.33,11354.556,297735.12,16751.457,12747.244,5879.133,8594.264,59180.95,13374.306
asthma_106,asthma,206324.3,341672.72,77669.59,11720.239,517993.34,33489.844,2979.2544,33334.277,25832.434,77437.42,27872.818,324772.0,164389.08,29580.508,805860.06,5510.65,150742.38,12839.097,12287.546,15744.959,47675.0,875124.2,414769.7,52442.902,4724.955,65867.28,17489.113,38847.02,3186518.0,7063.8794,103872.2,484855.88,43693.918,52624.367,5015.8496,77927.49,103159.734,1423453.5,9799.413,2273.0164,8087.9004,1633.7883,385433.06,188261.17,37279.12,105089.305,6965.0225,16746.92,30281.06,26520.018,728694.4,6664.32,65533.44,1505.1711,23559.672,10898.982,98206.305,3046.1562,5347.956,14412.769,12098.333,15757.007,9193.887,7723648.0,175875.38,313360.06,13197.228,61564.965,3217.2297,168191.69,18770.957,1083398.8,261061.75,43944.7,33616.883,14569.161,92427.95,26165.807
asthma_107,asthma,106495.22,212659.5,41636.477,4059.9014,716728.2,25750.008,4710.5503,31425.08,1485.2726,69652.555,21954.748,106324.33,11626.928,15784.487,348897.75,3530.1748,76218.68,10604.893,6335.8257,4854.148,26594.176,561284.9,69208.65,23827.852,4433.102,26941.773,9545.164,14119.295,2910269.8,7494.1997,29068.03,230568.28,15020.347,14408.728,3541.5386,8289.419,41875.973,354225.5,5669.3457,9237.607,18719.79,3666.302,152731.36,101310.984,84073.17,35770.004,4579.898,18593.068,12731.389,10047.527,406187.16,3629.655,14690.426,1067.077,27354.188,7811.9893,41597.7,2634.0312,3183.6973,6821.0557,4224.5454,2992.5356,2107.979,3419296.8,50006.066,89522.63,7927.136,23792.994,2016.347,87278.516,9060.273,384877.3,99613.57,12431.865,6628.622,8959.404,53375.617,15130.106
asthma_108,asthma,199615.27,238089.56,161447.5,16351.812,421828.84,28485.592,83411.5,18996.273,351249.1,97929.19,38461.605,815560.7,88571.25,64337.453,1380787.8,59639.94,120169.6,9135.837,18342.506,12118.947,39677.77,412839.12,265600.1,84449.41,6596.8267,70320.4,22522.64,30682.256,3072359.8,19705.697,242198.31,581941.56,46959.09,104077.36,7279.2017,462656.2,129234.06,2130023.0,8404.224,9029.579,9596.318,27101.732,178698.02,187918.92,63729.344,120127.086,9256.702,9020.764,6487.0645,13865.451,1344312.4,6267.4727,36878.438,1112.2744,29457.65,14065.131,77475.25,5830.208,9830.37,13260.45,7865.334,5082.471,5541.263,7072270.5,558448.06,974436.5,13177.33,28202.166,6150.2935,584295.0,17903.81,1372871.4,257788.33,13924.649,12835.975,11202.829,233675.38,36069.68
asthma_109,asthma,183558.23,88144.53,100681.55,5835.3267,164962.61,20491.328,17917.973,18004.496,458830.78,49052.5,23554.258,365297.72,62111.652,7229.142,1098382.8,5544.404,150913.11,7186.9155,13759.838,5103.9688,38837.02,192546.56,171839.22,22601.46,5761.4536,34805.504,16186.053,25554.996,3196729.8,9360.685,21391.621,352311.9,21510.627,17900.295,4129.5356,241403.42,53006.117,1182398.1,6721.6978,3540.9338,1510.5717,14594.027,163336.89,93398.4,10540.779,29179.799,5082.7715,11457.663,4177.2446,17185.848,445916.72,10728.99,66018.46,3017.957,14361.162,10564.199,18464.387,4788.5176,2977.3167,8531.198,4204.4927,4749.573,4310.674,4628276.5,70642.98,57473.68,7215.3237,9127.31,3195.0583,86435.02,9285.8125,595725.44,40064.137,11113.34,4777.855,5038.454,113710.99,19566.498
asthma_110,asthma,79221.375,43017.887,115762.06,6284.384,508369.88,19944.898,5480.357,21574.873,2875.4648,35800.547,13099.114,123686.97,17311.48,15509.078,211475.16,4569.804,127900.17,10832.945,4170.122,4737.768,31474.06,558384.2,34171.01,34173.62,5684.5293,28393.428,11022.084,46306.543,1128949.5,3044.413,25572.307,185016.25,21995.426,23049.232,2621.5288,61796.023,57295.816,133443.28,8412.541,1829.6011,9843.421,1932.0752,199604.4,123830.484,13847.24,67343.63,3807.0557,11660.565,12539.719,9935.176,435798.56,2402.571,51150.566,1202.8848,14927.276,8324.169,27909.686,1741.8091,5846.425,10489.301,7135.469,1985.6469,2169.5117,904742.2,332526.4,115095.95,5957.599,70523.29,1140.2428,224945.08,12088.875,168348.14,27793.53,41062.863,14637.561,5604.3853,27244.785,14455.609
asthma_111,asthma,217553.58,50294.707,39742.113,1031.8767,1322590.0,16088.4,4504.3384,37422.176,19006.531,67601.734,13005.179,263442.47,126840.71,37126.664,213855.56,7751.654,43909.47,7954.2354,3898.8745,5934.3066,64421.875,853303.56,15491.53,22998.027,2887.9666,77284.63,26889.69,25647.852,3297547.5,3623.753,17045.205,302505.12,35444.645,13358.981,1992.4648,30522.7,39221.11,1989381.8,6696.5996,1457.2874,32224.31,1409.3278,103487.37,124041.94,87423.805,88208.52,12577.376,5784.1616,3856.0945,27850.365,675810.06,6721.826,94954.49,6170.154,13828.328,13881.925,70720.3,3466.7769,2920.0994,7021.2715,3826.695,17604.77,1126.7593,8289774.0,98294.01,146329.4,7797.9346,8772.848,7563.3228,202338.81,6873.683,1155467.2,290413.47,8540.406,36635.543,7862.2437,94191.82,14739.827
asthma_112,asthma,410186.97,72260.82,178868.0,5599.368,211280.22,18169.336,37865.188,16276.442,282267.06,114812.34,35856.04,742705.25,276815.16,31452.545,1733090.8,9489.99,167826.69,6418.035,11521.242,8667.14,60344.754,70947.95,881771.75,27685.115,10057.623,110975.74,39361.59,122891.9,5919385.0,54783.957,32647.86,439097.22,29488.682,22831.824,5617.5728,159761.47,72691.086,2302987.8,7809.2183,1209.9307,6318.306,15003.795,212411.4,115195.555,36946.734,108921.77,19110.465,2813.902,3518.7437,52576.26,774666.56,23611.002,76136.01,18876.5,21068.94,24992.008,99437.59,14824.742,5034.5244,15116.879,6244.4697,21520.826,3777.951,7950650.0,45806.254,62960.438,10509.088,3431.3674,12658.862,91782.59,8325.058,1445844.9,267198.12,10627.614,2518.8665,3075.813,182243.05,23499.8
asthma_113,asthma,232367.12,96000.8,132263.2,10767.237,934468.3,41131.965,74130.68,22984.344,7648.2856,75274.32,23491.824,427412.62,41311.19,10185.299,572018.0,5312.7925,177480.94,9747.083,9908.698,4330.3325,36445.34,444862.9,23869.201,33030.035,3959.2498,27776.623,10459.819,27245.512,4151388.2,14291.178,28945.7,312602.5,27316.334,17101.904,3033.8481,22970.955,49051.004,277321.44,9623.385,4998.8125,26987.832,2112.0881,92487.29,139096.81,136294.86,63978.715,3802.428,19180.324,12920.602,8823.154,337975.6,1997.414,24272.496,2499.0444,19023.342,8006.4277,14475.684,1730.2529,3341.379,9979.965,5466.7095,1517.9705,6573.618,3708027.5,30343.967,240996.28,15927.149,73968.33,998.62775,197625.23,12001.782,999438.56,156070.39,36181.996,7054.4463,11761.38,59507.395,18036.361
asthma_114,asthma,64316.164,16310.271,54246.793,4450.215,775638.6,31784.031,104625.01,19125.488,1226.8031,44145.32,25308.402,101006.61,5078.6426,10549.7,132248.2,3142.4368,33672.49,7855.1753,8967.064,4452.2314,15190.196,470171.5,1286.6909,19785.129,5189.184,19383.03,8398.374,14584.648,2014858.2,7874.1914,20285.604,142421.5,6581.021,11991.359,4131.541,8361.13,33325.027,178137.53,6524.6816,24046.967,34597.77,565.67804,101171.56,143176.92,98401.77,61450.344,4882.9873,6444.3384,7947.607,8106.6367,423068.5,2631.4568,13286.099,460.96823,23038.398,7416.407,110.50133,2529.7568,3203.2678,6667.8804,5122.859,4280.022,6160.545,31437.76,15185.952,93972.0,8229.344,38459.402,1427.9119,76623.76,8379.556,138334.69,61704.92,18100.914,5755.8784,13119.144,11831.315,14459.388
asthma_115,asthma,308226.88,397915.78,85085.55,7809.5386,1511622.6,52120.953,28992.031,60027.625,24212.867,88566.77,46063.188,295514.5,48574.17,9493.376,439760.2,7756.054,134584.08,13863.322,18533.21,14322.139,34291.152,618086.25,197443.06,26631.613,3680.0654,60661.13,17892.955,22340.713,5481897.5,26380.09,23265.98,378849.25,37835.37,23700.434,13681.219,16341.521,68072.26,1384590.8,8967.988,3344.316,33757.215,22489.049,262577.38,128060.67,266106.94,97298.2,10274.8,46102.695,26244.807,36333.242,726984.06,17330.28,28996.594,6257.8794,57444.965,7696.445,58296.656,8423.283,4332.155,9521.859,10612.38,19385.21,45243.883,8055163.5,30026.068,56278.44,17010.986,39834.285,8090.802,40737.242,10643.276,1261980.9,69572.16,18270.834,17705.596,23037.475,93715.23,57309.64
asthma_116,asthma,174052.11,201402.02,67978.84,12756.22,346446.47,41659.516,17762.73,28409.328,4414.181,45419.363,15365.47,179992.6,38584.754,42205.18,509756.44,9807.006,212703.9,15296.295,6202.4067,6002.9473,31113.209,814262.06,123838.75,59520.332,5326.0913,35088.535,11609.52,19966.176,916540.9,6215.2754,96078.195,374237.75,36097.555,56569.13,4765.5063,88050.85,83236.36,361398.4,10147.551,7152.4224,2413.7856,3442.4229,175202.56,165025.7,18519.977,65694.26,5250.895,30488.602,25185.557,10567.263,691754.7,2492.6558,24394.96,1125.3523,15236.977,9200.571,67339.72,2085.4065,6896.07,9504.266,5724.3525,3097.0154,6654.36,2657098.2,175597.5,377949.62,7977.401,84955.164,1239.4387,364206.5,17445.518,949744.56,40209.33,41173.016,17248.377,12814.422,65358.305,19922.92
asthma_117,asthma,68240.16,29571.453,29447.848,2926.095,54684.414,10642.464,16495.998,12651.74,5380.9653,16015.818,5549.832,268945.0,41817.227,11674.554,274079.03,5572.004,114711.54,12967.341,3141.3936,3397.3308,23427.096,529220.8,36538.367,20906.188,4814.3716,19200.256,8539.07,11822.934,777447.9,16873.834,37169.355,253777.64,11893.507,13850.305,2113.8179,207474.05,37272.402,119532.38,7301.787,3465.4873,330.2049,3080.1558,172544.36,114408.58,1614.1548,38318.887,3838.7349,12405.003,6351.776,7945.5986,389991.7,2840.7385,19009.559,3455.1782,6786.8877,10082.335,23493.055,1820.8225,2401.1091,6189.1216,4723.1978,1736.7363,1003.2975,3516205.0,6077.1274,86592.2,2112.2776,45079.996,867.54504,121937.28,11161.183,453927.88,6201.5254,33730.535,7504.8364,2896.7122,128463.35,11407.157
asthma_118,asthma,25834.207,8535.61,37515.44,4807.0522,137946.19,11120.847,21124.996,25030.865,2505.5583,24289.63,7868.7407,31359.424,44892.555,46468.37,87521.74,6397.8716,60729.664,12652.332,7732.956,9137.501,14314.218,808064.1,16927.896,56728.83,9578.652,37375.312,15838.941,24781.008,240462.28,4011.4575,70443.234,303035.84,25428.066,43348.67,4419.747,56434.844,90491.22,773851.4,9870.525,3718.2,3761.5457,487.04065,217643.84,217316.56,2427.4749,97999.54,5459.5913,12097.364,19579.172,14396.393,790038.2,3279.305,41530.75,160.65045,8234.722,11561.101,2836.7454,4546.569,12959.86,10461.785,9464.364,21188.332,5048.6626,19671.43,437019.25,183784.36,3994.313,60719.82,2450.55,397076.47,18968.43,26079.928,10600.069,40412.12,20684.715,10991.524,17466.094,14361.861
asthma_119,asthma,232743.27,225892.06,60263.145,6676.6245,158193.19,21474.633,15559.688,12171.664,49530.484,53160.016,15043.801,952736.44,203244.69,15272.039,1166141.1,9221.032,133915.36,11603.32,3559.7239,3521.7559,63034.215,540006.3,211024.88,42431.188,4080.4946,19967.965,10337.868,26032.365,4762886.5,23713.412,136645.47,483051.72,24428.324,38419.555,1717.8486,398560.66,60693.13,377822.03,4534.6753,3535.7222,671.6584,14181.809,154861.3,137315.77,8558.697,52361.94,3804.2676,18051.297,6131.439,8798.078,474724.38,2513.35,54649.953,3140.0215,8303.583,8711.313,72984.02,1926.7437,4047.4424,6428.2236,2665.0566,640.93256,1057.0333,7357912.5,3683.409,508837.97,9907.971,26041.8,1934.6117,353623.34,12587.925,889700.06,59484.81,23244.512,5140.765,3101.847,154939.6,12565.398
asthma_120,asthma,342009.16,118168.734,136598.7,4159.5107,627632.3,15815.394,37309.07,24342.088,5736.7275,98375.03,33928.535,684835.5,38015.242,8838.154,507411.34,2528.858,136703.22,7115.454,9510.269,6529.033,39529.824,277687.7,39444.414,21654.816,5520.23,38732.746,16390.83,45014.395,5256467.0,11619.889,20088.725,304043.22,25847.268,15165.559,4921.87,19503.879,47828.7,780555.5,5980.5386,3542.8022,33785.46,2652.8804,153837.23,138765.05,88762.87,73332.52,5450.8184,7672.6455,7362.6514,15525.372,459150.78,6244.071,42125.598,3506.9812,18341.79,9361.122,47793.68,3492.3687,3189.035,9919.118,13865.756,13086.028,13315.91,6888534.0,237107.28,60327.09,13123.824,18638.182,2712.2769,39251.117,8664.189,318674.12,106371.29,12093.269,5595.5933,12985.46,153578.06,14877.857
asthma_121,asthma,144399.83,121596.45,89251.63,7605.4316,341981.75,16554.486,12738.688,19146.514,5176.4937,48990.555,14823.2,262571.1,44707.594,18200.729,625583.8,4051.3748,141154.36,11221.586,6915.3623,4283.919,44337.125,628728.6,65253.793,30398.13,4357.2695,26892.355,10832.708,19981.701,2710107.0,6833.0244,39023.176,316101.0,22954.508,21162.12,2684.9355,35444.24,47902.47,337892.47,6795.25,3743.2544,4634.7583,5916.678,165515.42,112983.5,20141.25,48469.22,3604.1711,23175.027,11560.692,8805.877,403592.72,2305.4844,27737.498,1366.9916,11417.846,8247.243,33977.79,1891.5962,3616.8733,8044.824,5433.294,1077.6378,1905.2235,3955374.5,114614.22,257539.17,7017.0537,57237.38,1188.0134,197557.39,12479.74,306654.75,68896.83,27834.592,8463.234,5931.641,63044.316,12603.218
asthma_122,asthma,507039.84,237102.53,73480.94,3804.097,1440117.4,66456.734,1082313.5,20691.127,15330.529,114276.63,30944.297,323121.62,206554.84,22514.008,1159457.6,7682.693,198357.28,15073.674,27423.277,8422.496,46320.367,694352.9,610880.7,30543.46,4047.6162,165058.45,40584.766,21615.035,5030649.5,100877.516,42198.582,490125.56,45186.574,28678.12,17733.852,76348.1,58756.523,2840482.0,9936.171,7296.315,20792.152,9082.448,110692.36,163926.77,243103.36,116633.96,14809.818,22882.158,39711.426,25933.592,694348.25,8029.4004,23249.057,12351.264,14352.345,13574.096,87839.08,16968.16,3803.941,25338.158,2058.7366,18230.28,36128.86,8311892.5,1247926.8,106705.97,10702.326,9216.504,11507.91,25488.814,6315.396,1874532.8,33523.074,12764.605,4752.605,15631.619,129500.555,28145.338
asthma_123,asthma,433073.62,167631.22,126278.984,10388.465,850283.3,41742.992,58782.64,18796.09,63930.53,126156.93,33917.277,507476.2,82699.81,6585.1523,946564.4,6342.5312,111622.05,8697.315,6767.437,3985.6008,20475.643,219668.84,128721.625,19085.238,5293.7676,20539.637,8912.895,30846.56,6410131.0,21394.336,22065.729,268437.38,15207.229,19819.729,3283.9287,19263.81,52198.453,584634.44,5422.442,13551.238,28259.648,7466.595,120716.81,127676.55,109656.36,39207.605,3873.6877,6330.6665,3998.6895,8317.24,364589.12,3696.8418,17507.32,843.79767,29435.773,7689.5913,15283.725,3684.2314,4544.908,6053.1943,2165.1775,1350.925,4645.128,3826524.8,21583.209,59243.914,19883.438,10547.225,3780.698,70079.79,7380.5596,265400.84,176759.5,8215.65,2627.5908,11779.421,56793.406,17187.355
asthma_124,asthma,467698.4,429598.94,117049.37,14993.467,1432825.2,39824.863,4744.9814,55703.562,33399.13,124825.516,47592.594,632455.4,222968.81,32143.34,1747409.9,10521.123,151509.84,25742.273,38364.633,15541.046,52119.46,862819.6,1013936.1,32749.021,4708.991,109112.13,34004.562,44880.74,6979504.5,65345.84,40721.9,501954.38,47847.543,32664.988,20458.758,22622.875,84423.64,4965814.0,11592.514,1434.3303,21289.451,53815.19,311027.62,198207.14,188951.88,123702.06,12844.229,43655.598,17331.768,54447.688,911549.5,26584.945,30955.16,24305.088,56090.42,13833.104,102554.11,15603.959,6214.588,17520.934,10666.843,45695.65,46201.07,8309395.5,55942.76,98408.25,16278.802,13820.971,14973.004,14662.795,16266.401,1917679.9,312658.84,15664.123,11470.467,18046.805,187397.05,46557.0
asthma_125,asthma,164995.97,139971.77,265753.16,8094.09,194496.02,12257.908,7436.9565,9401.691,869646.5,76286.67,19418.074,767919.25,175474.28,26338.059,1419557.4,21531.172,56589.793,4510.633,7457.1934,4731.9644,53765.74,95716.94,333843.16,43031.344,4544.3096,42476.17,22015.596,46579.65,3979001.8,39170.383,190715.0,478449.06,31570.592,59148.504,2311.324,484232.5,98051.61,375762.3,4729.3833,2327.6848,2032.6453,14881.803,147984.7,106611.88,8167.6855,84407.54,6640.9497,3466.489,2557.0588,14419.45,721340.4,2772.749,76005.85,3324.5654,13318.019,10656.603,70694.13,2211.3843,5081.012,14587.097,4257.488,1699.7346,2867.3208,6877466.5,19656.107,737961.44,10869.251,6877.0933,5816.1777,531943.1,10906.1045,861988.1,191208.72,11112.375,3919.1746,7769.7153,149466.47,15420.141
asthma_126,asthma,87120.43,138417.56,77359.41,7769.5005,78146.15,12130.789,28923.816,11715.4,70021.0,36898.527,16989.488,774368.9,146743.2,30088.158,665110.56,13563.858,75070.14,9626.735,7797.161,6318.5957,61465.29,377546.84,128959.266,59716.95,4402.0503,48853.664,20628.135,25988.73,2943982.5,17589.229,179381.0,515262.34,30428.006,57691.367,2961.5706,267078.4,95112.01,339062.28,7269.6265,1814.3387,598.035,1184.7103,168600.72,161262.38,2537.026,70372.664,4951.352,6957.221,9615.513,15358.467,567181.25,2377.7935,52535.26,3278.054,13245.295,9661.588,57831.562,2356.8384,4747.979,13212.479,9412.826,5158.601,4547.332,6363705.0,182977.97,627387.0,5440.155,36101.445,1558.1615,336453.8,16794.297,576474.7,134437.19,44396.406,17830.096,8270.308,95915.14,12402.897
asthma_127,asthma,35376.258,6044.2285,33199.027,1133.5608,601614.6,35730.11,2498.1958,51152.273,1348.6365,35045.527,4680.0903,6830.0986,118424.375,48942.312,34146.58,18459.756,75772.805,13526.317,6169.489,5957.7812,62047.36,1159618.0,3339.6995,47651.41,3519.3645,27154.02,13440.03,36961.78,399460.22,2048.3735,66204.46,186943.66,21454.49,26186.252,1994.9121,22992.236,42719.598,530180.1,7379.6934,1272.1016,25196.896,489.23215,178643.83,234497.58,65889.266,95639.93,11437.05,10606.784,15777.609,11088.173,711326.94,3095.3435,38542.973,438.01315,15300.614,10950.11,164.04637,3631.5496,7018.7007,6927.1924,2781.7986,16568.275,1659.2174,608506.0,8227.271,157434.8,3648.4805,78975.53,4617.76,632300.44,10078.787,74945.39,4309.35,35982.684,32429.145,13130.435,6001.173,20881.777
asthma_128,asthma,176109.34,86394.07,127854.93,6682.575,291004.28,12808.508,14778.425,13997.057,24085.045,66858.375,16187.875,361454.25,26428.44,8788.902,846705.9,4999.451,78505.3,6886.749,5463.0605,3133.2917,37966.617,398197.8,41534.473,25414.078,3769.509,21556.158,9105.885,23933.393,3498701.0,14514.088,42803.08,242525.12,13972.102,20829.148,1667.0471,36581.32,42528.62,281265.56,4314.3765,6042.8335,8275.357,3454.9211,124404.45,98986.46,20633.979,40326.766,3471.7773,7104.6035,4948.184,7933.089,397573.25,2256.875,26982.633,958.72546,13674.787,7549.9385,15103.967,2028.4062,2670.8127,6582.5527,3259.3352,919.2365,1489.4875,3627212.5,9424.352,198425.4,8081.3076,14665.605,1859.9883,206569.42,8667.934,159769.84,107521.04,10584.037,4406.756,5597.1895,76436.4,10989.491
asthma_129,asthma,313324.5,71980.06,25735.547,1121.121,983171.75,55266.69,86941.65,20017.37,15896.965,30314.896,12914.639,138224.72,197374.34,44214.336,556520.8,13844.877,297778.28,6121.715,4252.3413,9918.768,124016.03,1140820.2,217475.78,47822.27,2904.2178,36662.7,13614.093,25058.404,1196985.2,2746.7866,74464.414,382647.0,49526.137,26786.922,1130.981,179174.62,47704.926,750651.4,6798.2124,1198.0746,22662.285,228.45023,260942.27,212395.8,128247.305,118138.65,10084.739,4039.7473,4690.065,11029.119,739347.75,2515.4646,52396.508,967.37317,20329.47,15315.214,75429.11,1523.4088,3001.038,6365.9077,2219.6294,21275.69,866.2315,8306076.0,115757.98,431426.38,5124.5356,23263.406,4866.4663,368452.22,5583.901,1721032.6,16530.314,23322.922,81975.04,17305.174,123143.555,21018.904
asthma_130,asthma,454474.97,8484.118,20139.12,434.11096,370953.03,15805.306,1455176.6,9158.118,25382.588,18138.172,2473.4092,30594.889,216390.47,42156.586,161760.2,8572.431,180236.0,6763.9004,4151.741,3160.1736,75769.914,893145.6,85371.49,18047.459,3182.5496,128230.305,21236.46,8372.621,154657.78,2202.3376,10914.231,140689.77,47702.336,8198.171,1143.5006,92099.57,20563.08,3801536.2,6617.062,15099.142,2329.431,213.48972,53137.156,49282.168,13457.437,76419.27,14159.198,2695.7822,2186.9893,8033.054,359159.6,2478.1816,20381.17,989.8828,4446.8877,24537.928,31402.91,3098.5789,1743.7332,8979.937,1517.8278,15594.11,523.23096,8313216.0,3824511.0,48494.605,1568.7792,2866.6206,8356.641,134605.0,4872.43,2014372.1,35312.01,5012.2812,23692.615,1482.1455,171544.0,8779.837
asthma_131,asthma,166571.16,209066.61,97408.78,6593.26,590695.0,25087.602,8209.407,15889.522,4670.4795,58496.703,20024.416,264625.2,57993.664,13058.399,551050.5,2791.7234,137321.39,7319.4634,4073.7197,4303.64,26734.855,361460.8,82529.87,29168.475,3367.134,24382.818,9490.985,32981.875,2909073.8,4841.9395,41958.6,330536.1,22270.744,25174.03,2020.529,41154.055,50083.812,107546.37,8254.208,2807.8792,15925.919,1746.0941,136255.34,106217.305,79568.54,45864.742,3869.832,14398.59,7929.435,8487.113,315833.72,1723.6449,31000.893,3211.0024,20182.979,7815.328,76497.66,1223.8226,4056.7424,7291.188,4899.896,744.0331,2408.3787,5404330.5,538439.94,348604.72,11716.764,70686.445,1093.9711,324689.3,10204.562,645364.5,147948.44,40937.465,8902.139,8093.472,41848.184,11407.244
asthma_132,asthma,375844.03,384180.56,84603.375,13902.793,1373709.6,50095.9,4833.9746,53218.91,13256.139,129110.99,43566.34,654038.2,196076.64,14176.913,1091585.8,5831.721,123282.914,15124.869,15336.935,16557.406,44647.004,952033.44,575686.3,25978.941,5066.4253,100897.53,33416.94,45007.44,6436226.0,21313.361,23653.781,480332.66,44229.688,19584.775,10659.083,17178.277,64579.29,3701403.0,7952.293,1807.979,25296.121,22424.049,331053.16,152849.1,159728.56,109480.19,14100.604,38786.27,23012.266,46237.125,740238.1,27718.271,25084.826,4170.643,35828.83,10780.0205,95973.24,13045.901,5950.5513,14828.687,12428.996,29155.182,19307.975,8261039.5,52553.6,55896.95,19256.225,17185.258,10590.833,29306.53,15179.653,1391118.5,261542.95,12460.081,11711.881,12248.22,129084.52,39973.3
asthma_133,asthma,94208.53,114304.43,48280.758,4424.404,129516.36,20969.25,15565.417,12128.348,11272.582,39992.79,11356.56,366309.06,95417.0,42350.375,876312.6,6415.305,90269.875,9785.805,3395.0208,3401.858,33355.934,372751.0,157786.98,47811.598,4189.9033,21632.152,9290.641,15722.78,1154749.0,21841.887,187149.88,468390.28,29740.842,73278.41,1711.5378,198192.02,77977.6,211132.38,5608.9473,3221.9905,980.8782,3659.7327,137294.95,108852.51,4711.053,45472.758,3441.4675,13187.438,5169.7876,7397.396,636072.0,1490.143,21401.742,2076.2043,10433.088,8027.662,71896.5,1242.1763,3949.7324,7832.4243,4373.063,1345.7635,2466.933,5355297.5,273783.56,766070.9,5449.654,42752.49,1527.0585,477972.94,14791.651,550776.75,41652.125,27464.605,12767.759,5971.367,87182.6,9970.052
asthma_134,asthma,104103.87,118892.53,51089.332,4943.0986,239272.52,7569.7173,5088.117,26424.861,5494.4995,42728.887,21222.33,475667.9,86023.52,20935.738,550783.06,4575.6406,59932.84,10476.303,6040.425,7097.0317,58215.93,447382.44,262728.9,40308.42,5345.957,61570.66,21969.367,17276.76,2531253.2,7386.7495,56326.176,414827.84,23453.945,29871.46,3321.1135,56581.7,73522.85,1059719.9,5224.3916,2545.684,2479.6292,3141.8162,260230.52,117796.3,5804.805,40848.586,5937.783,10356.886,8668.694,18668.639,503026.38,6944.2007,36455.87,3458.7068,15411.907,12555.288,83696.53,4558.7197,4066.7114,10275.839,10528.31,8600.693,1520.2993,6255820.5,463554.06,271262.28,5364.9805,10488.53,4368.9146,164966.86,13690.173,607430.5,123744.305,16437.904,13103.851,2867.6956,128907.74,11970.551
asthma_135,asthma,54702.305,102531.23,66089.96,3202.3635,322014.5,6538.6494,3620.9988,35936.145,3846.682,29644.701,28603.441,221309.83,5186.106,15294.311,372526.4,3110.5144,28329.432,15551.143,11492.773,9187.103,34246.996,438661.9,130859.86,24699.322,6679.873,35206.39,15405.382,16396.146,1510714.8,7499.4624,14482.727,288685.97,22103.957,14108.594,10233.812,41259.848,48507.785,1543964.4,8743.494,9478.43,6950.144,7680.876,261468.38,107391.71,14801.601,56267.227,7299.8027,10552.578,10197.867,35266.44,652516.8,17898.28,37158.473,4392.96,19077.959,13319.467,14072.887,7738.9106,2524.5972,5643.518,18006.918,17882.82,6726.636,3801413.0,165329.11,94094.586,4669.575,5452.6123,8233.614,29534.137,11348.764,201869.48,40050.46,10144.551,9180.603,4870.0093,107331.41,14095.359
asthma_136,asthma,428204.53,167651.36,176619.14,14422.504,864025.1,24212.938,29174.457,14320.076,15879.493,91410.47,20501.475,924359.5,123998.18,44121.37,1128112.2,10230.728,170289.39,9832.621,7704.171,3501.3486,43353.137,444356.62,116222.016,61448.0,3535.304,26800.822,10717.873,18256.709,4700892.5,28993.193,215860.14,504636.0,34753.266,80377.83,2164.6755,82371.89,82675.445,396919.38,7093.844,3354.1948,16315.873,3391.1948,122519.77,121890.43,61678.855,74059.1,3902.7407,7839.659,7008.626,7927.892,654594.8,1516.639,19959.227,4777.2715,14559.7705,7883.021,77282.42,1325.7579,5496.712,10360.591,2674.1897,605.71844,3144.9229,7089477.0,75830.2,1030287.4,18852.59,39119.387,1746.2775,595691.4,16043.474,1317430.0,457477.2,27542.771,6227.951,4927.723,89232.66,10706.798
asthma_137,asthma,251915.12,24014.72,269083.03,1979.94,129896.61,29182.332,616715.5,6387.0977,6341356.0,83608.695,39315.633,531641.9,93414.52,5598.9834,1777782.1,5679.44,32577.318,3937.4312,30073.268,7018.4595,31057.889,37259.004,122833.664,13450.841,9795.124,23669.104,8719.958,41860.12,5698668.0,33141.23,13830.108,406363.44,13951.661,44493.516,4686.072,589114.7,70294.586,2389098.5,9890.928,28891.727,6846.1826,1496.7438,77352.25,111608.0,41244.504,77465.86,4830.103,1225.0446,1660.1439,39112.41,482294.97,19426.89,263899.88,2200.144,12037.837,9441.986,105.996,3719.3706,3712.4336,6022.4062,1943.6094,20524.578,37768.89,2447999.2,37079.176,90355.23,9702.867,2912.229,12214.099,38341.297,5401.334,319790.84,66957.73,6895.0767,2067.7134,25479.068,72545.03,38209.63
asthma_138,asthma,138484.78,62821.586,89074.68,2859.6853,309568.44,5868.583,33876.61,25902.05,5040.6846,46887.758,32355.004,480625.03,16231.595,6344.5884,305969.12,2041.3156,40105.117,10052.492,7848.8022,5095.169,21406.254,141628.2,30587.682,19538.973,7152.484,30111.324,12300.537,18809.629,3583942.5,17425.213,13475.932,305663.2,14499.519,12737.1455,7945.5605,26373.146,43644.773,856913.75,5717.2207,15504.315,25874.941,2376.8728,162748.36,101416.734,27046.992,47355.305,4518.7334,4912.5923,4596.0205,18560.91,434301.6,14732.237,37235.523,3615.0796,17367.012,7863.586,12183.662,3724.9524,2123.3699,6955.4165,17910.916,19150.44,17980.197,4755502.0,523285.72,16775.92,9414.981,8182.407,4976.8125,18001.457,8801.058,37122.45,25933.195,9371.056,5010.5703,12489.707,120227.945,13202.754
asthma_139,asthma,275396.94,493386.3,65533.69,14829.437,994114.3,56513.48,4037.613,57437.953,10605.115,117577.664,41052.098,445046.22,169228.48,11949.3,886878.25,11031.749,142123.55,17998.178,14798.438,14656.782,45896.117,1072897.9,654872.06,29478.645,4214.515,66097.02,24811.16,38372.023,6044925.5,17032.334,36863.707,417652.97,36520.25,27232.03,10494.374,29847.14,73626.84,1502544.9,6592.009,2337.0632,17579.232,45022.68,319575.6,134803.73,196112.53,100859.625,10908.861,49893.12,41788.76,18055.654,803809.94,12735.931,16688.39,2040.2047,49904.445,8052.2397,97862.52,9183.598,4907.9414,11742.203,10273.252,4480.4224,16731.004,8138402.5,11751.871,121630.44,17359.625,35980.49,8991.808,72512.17,13129.333,1033310.25,231644.94,13108.1875,8527.213,16253.794,94858.37,46240.035
asthma_140,asthma,71874.91,61193.664,24352.932,2451.3335,48302.773,28087.363,106281.85,8270.8125,101608.81,35028.016,9386.916,834099.0,262223.28,41409.527,931022.25,19335.984,83197.39,11673.908,3188.6882,3658.7588,51333.875,297106.84,44360.305,63868.066,4634.002,23457.234,12045.072,15425.4795,2043079.4,39417.0,251798.16,544959.94,29663.027,70842.945,1929.3174,478446.78,77115.664,519506.7,4615.43,1222.3634,282.19058,24979.664,181009.08,105317.96,1730.1985,94885.42,4507.1104,5662.7686,3622.6882,7651.1533,873832.4,1648.1311,19364.404,7685.903,8964.448,10518.233,68217.31,1678.9325,2678.1726,9320.64,5029.662,2289.7068,1085.1392,6740670.0,3527.031,879576.3,2754.4543,36558.51,2250.3386,484031.66,14732.842,842370.3,2444.296,29598.512,4567.756,2692.066,202352.12,10889.298
asthma_141,asthma,269806.9,312340.25,103301.59,10286.949,768651.94,33528.574,8738.85,18162.459,6352.206,96914.07,22676.707,345494.25,37914.875,15133.194,744364.56,6146.0186,169615.45,8851.111,6054.245,4561.934,38363.023,674481.8,84062.1,33938.18,3579.1392,29570.016,10997.449,35124.258,4254714.0,21541.895,74464.914,327379.16,24898.367,27435.102,2371.1943,16528.266,57701.984,191202.53,6754.649,6493.7627,17749.623,1935.8857,125651.91,121128.86,106281.65,54589.79,4515.3037,17256.934,15227.068,9276.862,405367.9,2055.7227,24166.611,2703.4753,23353.682,7349.3066,62557.51,1933.1005,3696.856,9403.037,3082.3076,1010.4299,4786.796,6253721.0,7231.239,352670.25,14794.6,52985.395,1483.1295,243768.48,11594.216,737324.75,204855.95,26680.45,7082.513,11246.851,62652.086,15486.359
asthma_142,asthma,100470.72,111972.08,30354.936,5693.955,64424.09,34872.59,58101.06,12113.654,6144.061,31703.652,11811.427,557085.8,183494.17,51587.41,704208.6,13412.371,146538.47,16033.853,3637.4087,4499.9834,33652.586,504870.44,101730.88,73881.19,5142.1875,30452.072,13838.593,20916.78,757335.8,21112.527,226610.8,554168.25,38447.777,90487.25,2266.1218,312433.22,102651.37,272702.66,6736.415,1734.1365,403.37964,1275.6688,229456.8,140679.42,1532.256,73280.44,4397.9663,5702.5864,8422.576,8675.071,881480.0,1496.8252,23335.047,3388.4429,11551.61,9538.32,82640.6,1403.8119,4681.113,9084.173,6170.7837,5966.556,1808.2058,5780625.0,278897.66,701161.5,3625.8967,84058.09,1194.2351,532617.25,19313.186,578861.8,34461.434,52850.445,25879.334,6064.5156,84667.46,10917.47
asthma_143,asthma,42597.71,14589.226,19835.291,2085.0037,53463.65,6651.5615,78489.73,13070.735,2633.0752,13023.587,7835.66,48601.836,2040.3605,9321.884,134659.05,2053.203,54053.445,10847.451,4109.3022,3445.7283,17320.398,435931.16,2046.1028,19592.604,5992.8726,19696.867,7481.066,8786.815,291096.7,3842.5852,14823.187,158010.44,12818.908,9017.186,2063.8442,42977.453,28137.555,149546.88,7701.1514,15743.729,708.65186,634.6096,125841.5,90600.89,870.5762,27645.064,3357.5212,5258.1323,4434.7812,8609.139,361791.88,3557.4526,16161.542,872.77454,6259.891,10227.332,327.8171,1961.0398,1947.5328,5827.3784,9013.866,5877.0977,1679.5703,749213.1,187304.14,33169.723,1732.2122,21439.967,868.6777,79028.195,10816.313,49905.16,4589.1514,24439.275,12665.77,3276.5188,52114.39,8701.813
asthma_144,asthma,20603.734,75468.83,16196.028,3686.446,46174.023,18222.63,30615.35,18194.254,106489.836,20700.977,10865.696,224953.67,138671.66,18700.287,156381.19,10089.011,88486.234,9350.575,4733.147,11568.877,32976.055,299148.53,316453.9,50829.953,5779.1157,74053.805,27410.96,11108.507,411454.4,3123.914,123641.8,395860.5,24371.148,25354.643,4504.132,310621.53,80721.36,1300677.8,11384.974,1431.2612,291.56744,1808.8978,206736.94,114796.36,1579.978,62591.168,7879.36,8208.609,11231.961,31268.547,558019.5,10559.304,31811.14,7314.2573,15349.724,15559.272,76343.516,6926.895,4048.5583,11318.206,19036.102,18646.324,2340.484,4059880.5,908604.7,246425.42,2118.6143,13480.636,1599.6456,88400.54,15564.883,658582.25,20275.895,35737.473,10529.987,3259.4534,162326.27,17025.22
asthma_145,asthma,330414.12,403884.6,110763.74,12604.432,1734673.1,40481.05,2760.1836,52191.387,5491.796,122365.984,45768.918,525933.4,129259.086,16612.467,944019.44,5334.47,165516.53,9715.989,15812.362,13266.6875,41687.414,771329.3,475079.9,31541.43,5032.829,100827.695,31832.568,72083.1,6178128.5,14825.972,42622.5,459543.72,42659.26,31708.066,8598.322,15934.458,76428.45,1336776.0,7712.501,1447.8168,32479.627,9436.477,308018.8,157323.73,139183.47,96408.07,12264.901,19607.838,27673.924,33500.258,638367.25,16763.06,25167.475,4537.44,42989.996,9414.954,97574.375,6919.981,5103.2676,14142.139,5959.577,13674.539,11836.529,8222823.5,29444.785,96881.63,18981.822,23979.682,7892.041,70380.18,13222.841,1597237.5,290131.1,17175.246,19583.543,12569.737,109052.52,36329.227
asthma_146,asthma,309505.56,46158.656,14589.406,432.24725,346858.06,21578.207,1039715.7,9838.09,113064.88,15001.893,2160.6653,63360.82,130194.76,45072.3,164192.28,22652.885,23402.576,5558.4834,3169.7327,3399.425,86050.84,651418.75,7014.946,19627.033,2304.8433,120112.54,18014.27,8320.946,72247.25,1358.7958,11655.817,160021.9,46309.5,7143.4775,1252.7363,100082.83,17981.295,2701926.2,5885.9785,34668.617,2646.606,238.20825,51429.82,112639.66,16059.763,65500.137,20872.42,2078.9995,1874.8212,12726.022,372751.0,3854.263,32246.107,4991.3936,4798.394,22365.25,203.28395,4252.7065,1536.3857,5764.532,1521.5789,31969.477,553.63367,8313184.5,471087.56,151239.3,1499.7893,3468.2654,9520.833,345912.97,4873.7456,2050170.2,91111.68,5377.8867,77346.2,1635.5573,187023.38,10495.535
asthma_147,asthma,343588.5,57247.367,25760.52,1000.73535,567256.44,43522.902,170300.11,34697.758,14279.87,70817.69,13084.368,270739.2,245080.62,37489.51,841939.9,18531.654,59964.57,15815.168,8637.679,3409.1611,71421.53,1084122.2,209339.94,24606.99,2984.0603,175590.97,43163.652,22389.066,1914100.5,17303.838,14736.637,366094.62,43395.535,11434.607,7968.6704,71068.15,29224.164,3415998.2,7827.757,1623.1963,7810.3804,19365.992,108349.26,152142.88,69878.57,100518.445,20753.441,21210.512,12501.887,23958.17,633539.6,5337.3667,43862.926,11232.679,9472.312,15280.081,74244.164,11973.851,2630.7551,23437.645,2300.704,21646.268,3222.4116,8312312.5,111940.16,106572.84,2434.4373,14678.815,9413.877,51251.645,5588.1367,1768970.9,109662.12,8533.233,17023.564,5043.0312,73029.766,16638.059
asthma_148,asthma,555115.6,56515.203,329992.78,10684.08,853173.4,17411.043,136646.12,24738.81,8865.94,157711.3,48461.547,957921.3,249393.95,33831.73,1845391.6,4000.8108,260473.34,14748.573,33663.465,7476.508,28423.285,311553.38,970669.9,35031.625,14069.129,119235.336,41402.54,127521.15,7349826.0,91351.555,31780.484,532090.75,43271.723,39371.39,16889.258,31186.559,101212.09,4669281.0,11132.393,1339.823,23472.025,14180.686,267748.6,140992.25,105036.805,106561.87,10807.219,12334.395,5957.946,19980.92,817547.25,15280.125,27287.535,8188.1997,14825.279,28259.137,96718.78,13426.258,13257.896,26837.092,4357.39,24909.008,16190.083,8290019.5,1958096.6,88305.49,21008.443,4002.017,13603.749,29100.316,11195.779,1554408.2,420086.53,12247.753,2259.925,7872.4863,123173.38,23614.404
asthma_149,asthma,141314.64,106519.91,89322.82,4081.425,449005.84,11391.327,8015.352,28022.373,26919.479,87269.53,33464.3,576756.8,88491.21,16579.861,677606.75,3984.7302,52927.367,12205.633,19197.857,6057.6245,44587.008,161929.52,593428.94,26629.48,6302.6084,46286.63,15952.583,26049.428,4770656.0,19395.566,18125.41,342311.3,21695.086,17749.893,9757.565,43116.914,62882.605,3028710.5,7978.4585,3633.5662,10752.101,14213.697,306686.9,92402.04,30144.223,58999.094,5784.145,7594.7104,4329.2217,33647.29,645816.4,16788.21,39461.984,10535.804,27953.64,12389.773,50486.406,8882.944,3119.3428,6988.7266,7504.915,22911.924,7416.1104,6982733.5,299161.94,73201.44,10659.571,4306.4653,11752.331,24587.379,8197.812,519950.3,77693.445,9257.585,4576.6704,6400.7583,131346.61,22455.744
asthma_150,asthma,38777.504,20608.0,44023.35,2842.8384,162077.22,8944.506,58414.25,14701.526,2208.0596,18938.459,9278.11,69023.76,1937.1663,30458.057,153264.22,4055.1367,40526.75,8743.928,5292.965,3438.3042,20158.797,432246.75,6432.1304,32334.027,5193.809,19775.037,8520.685,11337.037,645414.94,8041.824,39779.844,193925.19,15946.529,18762.008,2525.3958,25151.184,35358.246,98823.09,6199.899,8030.871,3754.6086,906.44,97344.43,132682.64,3541.2075,52403.258,3784.7864,5942.69,5336.847,7731.71,483681.88,1798.7273,15488.059,462.0946,9808.353,8651.588,890.431,1699.905,2760.4668,7101.792,7301.5225,3065.133,2127.645,192114.05,77636.78,168750.81,2636.953,32588.535,1374.2887,267647.25,11314.979,108717.64,14719.021,27039.254,9227.842,6326.2964,27874.041,9516.139
asthma_151,asthma,433373.6,283111.7,74036.36,9055.279,1197094.8,41235.066,3892.8242,60270.617,11632.807,94739.93,38927.312,476362.94,81862.77,22864.75,666974.9,29726.889,61139.24,13126.49,9742.547,13174.515,70386.29,1107468.5,156336.0,27516.963,4319.3423,117231.69,36014.715,42711.086,4812173.5,16642.773,18935.12,381062.53,42015.223,18062.99,5289.235,19618.35,49471.094,2119492.2,6986.0938,1349.3859,32468.416,12394.998,175570.7,191125.05,244200.11,110826.4,16291.01,25857.477,15355.654,37299.535,851027.2,14549.166,45397.97,5733.0957,34129.03,10369.34,86707.65,16735.266,3290.1562,12943.728,5578.2207,8463.355,5721.045,8278184.5,3923.0308,50940.746,12872.018,37483.65,10257.929,217403.0,9288.611,1703772.9,250543.95,11963.429,21559.385,15538.186,161037.23,50133.945
asthma_152,asthma,526212.8,143185.11,36523.28,997.26306,1265900.8,59835.754,143874.03,26747.582,20533.076,65711.68,6656.69,128927.78,203275.31,38725.027,456059.72,26882.895,64744.496,10837.596,4913.1973,5691.7993,99778.82,1153069.8,30712.44,20485.643,2502.8145,146137.64,27907.184,16540.629,2285440.5,21797.457,13129.07,339079.75,43652.227,10253.009,2814.5518,44134.246,23616.97,3312825.5,6308.232,1685.3813,23976.297,2115.662,65779.65,189878.02,201232.69,99746.76,24372.543,8568.939,17734.885,24290.975,525051.8,4738.1025,29462.96,11563.162,13755.39,11789.873,13467.194,11941.838,1681.0366,10394.203,1658.2186,12258.715,1312.9202,8312534.5,3435.4846,118220.586,2688.1611,20743.744,7990.4146,232810.31,5198.022,1983779.6,253450.16,6974.888,24226.172,7552.0776,164484.11,21460.73
asthma_153,asthma,509279.75,7775.772,12436.882,380.83798,370646.47,27821.295,1831628.0,7482.4004,68083.36,15608.855,1815.4662,39623.242,253693.44,39221.97,433443.44,9923.272,276107.78,4464.032,3584.8936,3410.5305,75858.63,1128439.4,151671.9,18028.209,3416.8286,146656.6,23531.22,8539.152,74514.92,1329.1437,11109.778,147104.7,51071.355,8025.986,855.15295,201319.64,20390.346,4834146.5,5510.765,22592.775,1231.5469,188.45366,63636.6,68165.16,21023.195,102287.35,16045.249,1638.1064,1741.2416,6863.627,355340.03,2196.6318,15989.933,447.51675,4331.043,32867.953,76939.36,1993.1998,1902.2726,10809.497,1490.5526,17693.78,480.46207,8313232.0,3434293.8,90114.875,1433.4415,2507.127,11481.565,53052.543,4862.355,2058612.6,1110.753,4763.089,40017.664,1250.0776,236178.61,9417.819
asthma_154,asthma,27753.797,45826.4,29128.334,4553.6606,251510.16,25950.094,4277.2466,38388.79,2436.331,24046.12,9639.313,9834.253,3633.937,27569.553,57320.027,3774.212,30973.586,15825.624,4838.251,7646.3965,15067.537,699249.06,11880.129,41019.145,12141.172,34138.668,11907.274,15299.841,172998.45,1779.2643,26078.113,128248.28,18748.879,17921.135,4152.949,34385.957,64073.605,408913.28,9226.249,14528.948,3097.163,5331.7847,278016.8,170751.89,5178.1626,83166.93,7922.9106,22461.291,20171.49,24923.17,591805.8,8952.537,27204.488,703.8253,11548.262,11618.891,6977.184,5393.9204,8022.5493,6589.821,11524.957,12055.323,4781.4795,17534.09,209453.17,27581.387,4331.353,50082.094,2654.055,119991.87,16200.71,57204.035,6618.9683,20892.654,15463.94,8107.495,34002.715,20274.463
asthma_155,asthma,41346.902,16407.707,33519.56,1766.3015,53654.992,6772.2925,14529.559,11541.148,1329350.2,22581.014,12916.388,344750.75,83812.03,8459.57,785142.5,3980.7336,38506.785,5257.5605,6738.272,8193.074,31743.8,68114.6,65947.734,19142.205,7914.1045,49449.727,18636.031,34903.832,1947477.8,12666.567,17935.086,262550.3,9313.495,11391.382,2353.4814,605280.5,39905.047,1319701.0,8147.627,1786.3582,444.53937,2548.622,140725.05,68442.73,1921.1317,41293.152,10230.288,1809.0791,2401.7861,44068.09,519147.62,21602.71,134069.98,3817.6128,9490.669,18054.104,8508.161,6817.0557,2121.7166,8112.237,8131.8745,16099.805,2618.8318,2504845.2,58947.35,66838.99,2071.4504,3174.178,6079.284,94102.21,6979.62,330893.44,5034.332,8800.185,5148.8623,4035.8877,184488.2,17125.049
asthma_156,asthma,97540.79,196040.36,49136.965,5921.4487,53887.656,36883.89,40028.887,10793.724,437833.97,42385.49,12065.964,725147.75,207384.05,46377.3,1155303.1,34685.383,142317.36,12221.055,7913.908,5228.38,39705.363,226322.25,323888.9,65128.332,4360.2007,29217.895,14754.82,21913.621,2150850.0,21319.562,237864.19,547950.25,37742.355,74419.19,4236.6724,724040.0,100836.34,395727.62,10683.184,2137.9397,330.69675,27892.23,159099.61,149081.67,4136.064,72561.22,5137.265,13287.835,6554.747,10355.286,804937.56,1961.9353,54919.918,5360.1978,12692.773,12227.036,72357.984,1763.0525,4693.5156,9651.696,4537.4053,2723.281,5171.731,7082550.0,27201.246,901689.5,4247.971,61744.36,1416.6858,389533.0,14512.606,1012070.6,6202.241,45090.1,4234.9917,10154.832,192030.52,19438.455
asthma_157,asthma,79934.15,172440.89,56138.477,5692.6846,99969.79,14353.152,10227.732,12441.319,9199.606,32924.24,12711.647,546081.06,120240.79,32640.697,676012.5,6977.3438,126099.914,10931.9,3346.8562,3506.5598,50182.258,516585.4,218410.89,55071.023,4147.039,30799.645,13024.667,17366.416,1602006.2,18542.457,182448.42,463365.78,25346.906,59063.84,1847.0588,205500.52,81342.3,232531.61,5311.9717,2030.7717,725.8186,3137.9792,216495.33,121786.664,3644.2473,50187.906,4134.092,9920.434,7468.219,9029.923,551372.7,1699.9553,30932.996,3656.1873,12496.272,9244.835,74319.97,1450.9337,3980.7563,9454.124,5179.264,1303.9327,1452.9014,6278592.5,214691.75,590541.8,5367.1353,43939.46,1375.834,504340.6,14423.563,528314.7,72731.03,39357.65,13466.385,4023.2415,119888.35,10528.33
asthma_158,asthma,77177.69,121454.83,33794.934,4316.9243,97487.125,17168.695,9501.945,38095.777,57501.094,33019.516,26020.65,365322.8,70005.17,17735.104,459504.28,5106.408,62162.32,14031.567,14984.704,13264.6,44126.926,369857.28,527531.75,38782.055,5304.8325,68291.266,26246.008,18386.346,1781609.5,4101.6616,31858.14,370261.0,30309.46,15901.044,8343.126,230163.6,59323.746,3724660.2,9633.615,2170.2551,723.945,17170.07,271267.97,115123.4,6573.4424,65250.992,9703.283,16042.633,8632.128,46138.85,683449.06,26606.201,46132.69,11020.381,22626.111,14156.956,58992.23,12838.521,3226.0103,7367.1753,19259.31,24358.855,5758.745,6562343.0,325853.2,124345.5,3767.3198,5539.1333,8673.392,31261.361,12052.162,776091.5,97673.34,10320.973,10656.785,4392.7173,181802.3,20171.97
asthma_159,asthma,135318.05,124583.97,41041.02,2022.3672,609655.56,12965.288,3805.781,48927.8,6204.803,64590.684,32442.695,340602.7,105676.336,28692.236,550690.06,3548.9485,33665.426,20750.611,12725.537,12523.069,46648.734,701918.9,165089.78,27901.941,7200.8926,45507.99,16902.455,22813.562,2709921.0,12977.833,21485.572,401235.22,35900.727,20968.389,12637.739,26780.152,69915.234,4505541.5,11939.173,3372.7695,21058.373,14527.105,388209.03,160580.98,56015.42,112011.49,10684.804,16940.705,8833.148,62271.438,933767.25,31954.906,83904.0,11500.087,19105.799,15533.162,31990.582,8316.844,5843.7373,6719.358,20347.375,46254.637,25775.314,7591434.0,40075.715,97295.88,6930.3115,6641.304,10988.967,18491.225,14195.774,522061.5,35910.793,15262.661,9211.292,11426.365,148960.02,22345.74
asthma_160,asthma,30665.113,96835.164,44240.402,2957.3948,155338.48,7758.252,3995.3572,26890.51,19285.447,25836.744,16939.848,142528.44,27264.436,15053.905,198245.14,3920.7898,40780.35,10199.316,6381.27,6155.0474,43302.062,349409.53,146732.98,28901.867,5530.0005,31157.988,13996.242,12431.201,773571.7,2601.5234,33695.78,271929.78,19142.404,17321.422,3926.8162,52479.074,55731.887,1149448.8,5671.85,3096.2827,1728.7338,5864.9346,249798.38,85820.875,6121.394,40824.01,4725.0093,9341.973,6945.247,17493.918,518241.4,5387.287,27875.584,2401.6807,20986.916,10235.021,28572.195,4442.203,3148.1797,7609.154,19014.727,9400.257,2293.1565,2924012.8,294370.25,162308.94,3375.3252,10022.365,3924.7302,98885.98,10760.452,113360.18,24726.732,11267.637,12241.435,3731.4216,105321.08,13215.466
asthma_161,asthma,55590.523,52360.195,23724.066,3556.3906,60354.71,12089.532,26918.53,25796.463,10138.932,21067.975,12466.084,254516.4,41576.44,19396.53,188157.42,5656.339,72505.81,11064.13,5680.908,9901.291,33514.508,430302.56,205141.98,36169.75,5567.249,75370.22,21435.02,11614.349,351297.3,3796.7085,53298.195,384692.72,23685.95,20219.525,4551.485,86286.53,62393.84,1116384.4,9623.119,1972.7646,793.82166,718.311,174087.81,105303.195,1566.7162,45906.754,6180.9688,8499.548,15119.6045,30633.926,515680.2,11208.686,34690.58,9521.205,12708.859,13425.003,63059.527,8971.18,3828.5134,11056.439,24845.637,20173.566,2802.54,3545118.2,1149831.4,184399.19,2625.2605,10441.838,2174.3755,63549.39,14798.777,504785.72,47682.64,24358.926,15102.065,3301.875,140560.48,11660.866
asthma_162,asthma,42849.066,57256.812,78362.8,5156.4263,47472.69,40828.37,14344.366,8697.963,5923039.0,31067.783,13441.748,253427.67,182122.81,9072.128,883691.1,25046.459,106679.01,3728.3901,6854.9775,7315.59,23849.223,40546.08,473073.88,28148.531,7903.144,58838.336,35407.684,36646.516,1129595.8,7508.144,71830.16,376836.78,28108.238,32323.299,3322.077,965184.94,77022.17,1703860.6,8507.253,1377.8583,233.10518,45637.9,180620.58,89704.84,1616.8727,75232.48,13941.726,2574.9614,1894.7648,27856.74,726645.8,18090.852,125051.305,1343.5055,18074.262,12382.402,36057.914,6456.6685,4340.365,11717.948,7040.5386,6742.6763,5117.853,3759254.2,56570.746,146881.39,3371.2,4560.716,7524.518,216806.28,7465.3276,419907.88,8322.319,9488.904,2704.142,4786.335,183341.64,29172.926
asthma_163,asthma,286864.75,207195.84,54103.78,10194.444,498153.56,33328.875,15055.184,14161.993,1465.0459,64080.754,20505.973,269416.6,46990.0,6209.8594,541433.7,4883.555,147916.98,7061.4067,2582.6155,3272.564,27911.895,561823.06,20539.54,16115.366,3593.7617,22669.203,8869.18,26248.787,3639603.8,10502.505,38454.746,234995.7,18375.582,11577.873,1535.4323,8928.499,34556.88,132395.6,5622.7886,4877.7407,20595.229,919.71454,136244.17,117093.02,99711.945,36057.605,3729.6316,8436.172,8109.0186,7197.995,273510.06,1990.3928,16898.668,2177.554,25701.33,6862.0625,52504.605,1451.7668,2959.5876,7197.789,3546.6943,832.2945,1342.8864,4351721.5,4890.473,156465.03,11416.659,50666.707,817.0594,103603.4,10124.388,508435.84,178612.48,24905.422,5999.324,6312.132,50350.09,11003.188
asthma_164,asthma,333353.22,65017.926,194150.95,6178.7876,595073.0,13581.373,24503.504,24734.422,8872.674,130541.39,40630.656,785796.44,181469.36,30433.781,1291173.8,3189.5735,153303.4,15321.276,22156.85,7269.6196,40824.594,178368.05,894362.8,31351.68,9127.815,81559.875,28866.498,59730.79,5522427.5,42078.5,33189.75,445292.47,37225.477,29414.613,12964.694,32050.191,82949.1,4434577.5,9517.891,1685.432,22323.758,12200.43,322549.9,142071.78,68899.586,90738.46,8940.301,9787.177,7091.8145,39008.664,795035.6,21005.238,47372.242,15134.797,20264.295,21056.707,87082.38,10416.473,6195.075,13814.447,9575.738,28415.1,9932.419,8145903.5,622583.56,61763.56,13219.701,4107.3037,12510.559,28068.807,11283.489,1191132.1,204067.42,12889.093,3158.3503,6302.326,164099.14,17202.838
asthma_165,asthma,79850.336,34748.39,46222.797,3238.591,76509.12,16926.314,48087.16,9482.905,21685.57,27047.3,8000.58,385908.62,109827.8,39028.42,622528.4,7760.3833,105147.45,6582.2573,2909.8254,2966.9124,36314.26,230131.78,25001.377,40852.754,4096.4614,17204.79,8734.691,11350.886,1227081.8,15309.81,176325.97,386130.97,25033.992,68048.51,1589.0929,278365.7,55505.656,407765.25,4004.6445,1651.122,771.51764,30260.506,138718.47,86573.625,3717.9802,67317.625,3515.003,7553.6987,2251.8892,6908.1304,773287.75,1671.614,20190.121,1116.3397,8229.257,9226.028,34477.84,1407.9376,3435.9006,7066.979,5751.1206,921.5643,752.5411,2943191.0,33501.086,791948.94,3777.5076,21286.04,3179.1418,525959.44,12103.861,299395.12,2587.9011,12418.475,4072.1384,2230.2615,123466.46,9910.749
asthma_166,asthma,509176.78,154875.78,74458.02,5662.833,801291.8,18325.057,55118.89,35764.03,44131.89,76539.55,27171.61,343879.6,194593.98,32919.21,976446.75,21638.094,82692.79,15774.374,8429.882,9181.059,57479.766,1085522.1,511981.0,33186.81,4864.0806,153049.36,34204.336,25253.72,2644140.8,9385.484,15674.017,437070.1,46615.91,18560.469,4118.3438,21795.336,49438.457,4171787.8,7816.64,2007.4791,13413.676,2953.3743,124337.32,192048.83,82856.2,111613.32,18235.2,7288.7266,8595.56,31623.297,735047.94,11657.207,28483.338,2811.935,15801.945,14463.649,89302.46,15651.355,3700.176,14968.92,3102.711,19028.84,1896.6776,8310188.0,81881.36,83500.086,5982.444,15625.225,7830.7515,170876.19,9959.065,1888824.2,595209.8,9145.209,17863.832,6828.7437,154981.27,23858.756
asthma_167,asthma,673997.6,382480.28,293483.62,14780.031,1294992.9,56343.156,241778.52,34703.617,21768.705,160138.1,54408.55,1005709.8,285367.8,40850.883,2165450.8,9832.067,353957.03,20833.4,36141.406,11831.574,59399.777,357725.56,1081952.2,58532.473,9509.253,105360.16,32628.062,116444.8,7693030.0,135072.95,74575.07,558225.0,45719.402,55027.133,18613.934,29078.678,100986.29,3700714.8,13514.828,5436.969,29070.719,19037.137,270910.44,214632.8,191031.75,122002.19,11144.822,8221.726,6455.197,43525.64,1009645.1,21881.646,31259.244,30099.035,37653.336,21142.834,101579.45,19087.969,8928.532,20622.96,2499.7324,38655.69,31410.398,8293237.5,2337624.2,194052.84,23209.135,5332.7456,15380.498,23499.645,12754.639,1918658.5,722772.7,17906.492,2637.6538,16973.162,174512.34,39422.113
asthma_168,asthma,169039.45,102664.88,107426.54,5268.8013,469412.97,12057.969,12478.372,12647.723,2350.923,48056.12,19621.494,360891.1,79861.38,23717.709,696201.5,3194.528,124507.48,7584.6265,5570.994,4193.666,42575.496,458122.03,55889.434,40816.184,3780.853,25793.807,9764.176,23699.914,2940621.0,10667.27,71682.89,335082.66,24892.86,36409.695,1825.2697,37372.246,57418.73,334484.03,6024.7217,2796.112,7022.2964,607.23285,135189.19,117958.85,10899.471,61690.62,3576.5386,7109.308,7129.177,8089.7134,403126.88,1799.4525,26108.373,1824.6776,13461.416,8674.856,55069.918,1434.6184,3745.8047,8512.155,3975.4893,2186.619,1518.2275,4966031.5,149537.61,471595.03,7101.677,41287.637,1253.2906,327733.4,12824.509,665240.6,271639.72,34272.582,17603.812,4392.8804,73117.85,9264.121
asthma_169,asthma,80823.27,240948.48,77142.805,7988.662,1014406.1,37274.324,4602.386,31117.838,4488.653,61260.29,22429.545,73245.64,16472.354,12725.137,321357.97,5228.0654,118707.97,13268.636,9066.887,7055.927,44941.344,766894.7,86811.234,30635.357,4276.496,37754.305,12313.531,30307.41,2526068.5,8746.955,29353.773,240069.31,26972.934,24534.418,5197.853,23670.232,61863.836,163736.31,8557.089,4478.568,12546.454,5792.9463,204863.58,122172.414,118943.0,61653.45,5865.4434,30026.01,28371.691,14189.02,415572.66,3311.692,26602.928,1955.579,26602.775,8502.589,36467.73,2409.4897,3508.7883,9709.402,6871.2974,1524.8014,7883.0586,4376455.5,69135.555,108130.42,10272.812,74637.89,1813.7598,143898.47,10247.056,600345.7,54146.055,31182.633,10973.205,13004.856,60770.047,22478.22
asthma_170,asthma,583836.0,278266.16,118724.95,10820.585,1203152.8,33770.258,27430.025,54452.883,6876.5557,143889.95,47904.48,721875.75,234592.2,38128.598,1863437.4,6890.139,160407.88,21365.441,32037.174,19724.594,45016.457,789526.75,954070.25,46601.82,6783.0044,108802.8,38816.098,56436.03,6382418.5,70606.266,46521.004,527297.4,47957.824,33835.473,18517.361,18741.154,94269.914,5127483.0,11357.48,2270.384,30084.055,14725.438,311794.75,205452.69,148236.0,123305.016,13955.361,23356.912,18728.021,53024.27,931347.25,35311.81,35431.125,24299.178,31066.984,18696.809,101071.84,20072.924,9771.647,16872.37,8561.701,51118.62,29013.191,8298301.0,44796.88,86650.61,15682.435,6620.1045,15166.89,15845.212,17406.078,1881289.9,441760.6,15112.627,8972.583,12058.429,202250.66,28932.672
asthma_171,asthma,344189.62,266382.7,140816.34,12271.6875,331764.6,34057.695,35753.12,15410.584,71570.516,63169.438,25412.648,1016898.4,196143.6,32969.64,1134726.5,8809.187,273733.16,15166.369,11571.426,5349.2114,55262.37,596265.44,185076.08,74765.414,3437.3071,41442.043,14152.488,48877.758,4778351.0,22027.504,195038.95,587494.94,41967.727,84139.586,3784.0498,272451.78,99700.34,227391.0,11761.694,1897.6796,4097.583,1236.9281,221289.98,149436.81,27639.607,76504.59,3954.6675,6360.166,16802.146,10837.038,699964.25,1570.54,45893.84,5169.161,13815.462,9744.192,85462.98,1227.1287,4565.6826,13885.195,3821.807,2451.9534,9801.133,7790122.0,255105.94,919724.56,15733.401,99922.23,1281.0806,559060.4,19015.217,1082653.1,202204.56,58198.332,19301.125,14337.76,71145.32,13562.5
asthma_172,asthma,342944.88,48668.766,50413.9,5668.394,452650.88,11246.583,192580.72,23225.742,5571.515,110665.66,35765.875,566909.25,138310.3,33490.93,891324.7,3560.78,93374.88,10437.308,20077.883,19297.463,45583.0,785928.3,144669.16,46967.555,7241.0947,88971.266,34247.16,41361.18,2985063.8,17775.254,63190.95,499748.1,46562.24,29125.5,5327.6006,27467.38,94247.984,4094732.0,10127.508,3647.0156,30332.074,331.26346,206344.17,211359.83,39273.4,108966.13,17032.123,3966.0803,20798.639,44166.836,901109.25,24080.312,52881.703,2225.241,9485.248,25984.865,88873.234,20442.549,15408.38,12829.279,4807.1533,44638.957,2386.1829,7965821.5,941113.3,111399.47,12104.635,5207.8833,8097.0854,48282.277,15003.853,1463274.5,321103.7,11314.353,18986.729,9380.893,164902.84,13431.944
asthma_173,asthma,595167.25,209980.77,181374.03,9882.385,1747158.4,62308.39,154606.89,30820.33,23028.36,164151.42,51017.32,758254.3,143266.66,23398.805,1219885.0,9680.663,178812.06,8609.935,20696.18,8349.988,28867.736,310767.0,208027.03,41243.48,3998.4492,39137.0,13808.125,24530.768,7473055.5,24823.752,82838.11,467550.34,24979.283,43837.543,8800.47,9918.465,79318.9,2667989.0,4797.7534,12084.091,48857.76,5657.105,156822.22,152988.81,312284.28,85419.22,9070.753,3872.4316,5698.878,9791.1455,879294.5,9410.376,11638.511,3003.5642,40423.414,11105.361,61691.797,13235.622,5783.5054,10320.382,2108.3784,2712.5579,3128.644,6629941.0,99395.12,397293.53,24513.508,7391.7114,9039.497,111670.92,9254.937,1319707.2,673759.8,5116.4375,2664.7998,8611.405,86786.984,20044.115
asthma_174,asthma,130125.0,111587.77,97321.22,4905.9053,267500.53,5451.723,3573.084,17809.14,6473.2686,31157.066,18411.86,358378.8,38175.46,11684.044,537378.56,2776.643,55990.21,9386.836,5392.0063,5148.5923,37859.7,439879.72,91833.91,27677.566,4826.1006,30233.36,10323.877,17803.367,2848351.5,7568.4756,25052.217,287026.75,18292.002,21491.557,2578.648,55231.13,46092.938,272533.4,6292.505,8743.761,4035.6145,645.1999,156333.77,116385.73,5400.417,41678.906,3734.174,9805.341,6589.054,12236.719,380712.34,3411.3506,51209.137,3042.378,9556.724,9138.154,41182.715,1924.8217,2768.735,7458.5234,7547.649,2799.6687,1905.989,5512388.0,91008.42,230458.58,4139.9717,26351.625,1328.3055,157383.77,12160.641,517789.88,93053.08,25729.043,21125.52,4427.207,86706.484,9986.64
asthma_175,asthma,137036.72,34769.676,43870.457,5585.4136,383924.16,19577.025,450802.3,13971.436,1716.7925,33045.098,18741.744,160087.7,13413.151,9985.611,295154.8,2491.9922,65080.523,5469.6826,2814.2551,2698.564,16878.807,353905.06,1410.0912,17615.838,3501.569,15629.264,7125.227,11601.572,1922477.4,12146.58,32477.025,124743.64,12797.078,10521.624,1509.488,9646.267,26079.158,120129.836,5389.7905,13840.982,22526.55,944.787,77424.06,108318.88,40358.35,37218.66,2876.2632,5262.889,3952.7817,6150.6104,280485.8,1690.7228,11916.261,341.3276,13422.122,7061.919,1685.1377,1215.7528,2444.5442,6223.777,4616.1304,750.15076,844.31665,327486.25,22188.676,139515.17,6092.13,36979.52,828.8661,141506.28,10926.043,170931.6,131948.75,19355.135,4990.746,3485.9746,28113.977,9106.449
asthma_176,asthma,51385.55,106940.586,25693.316,4366.419,56301.15,16398.805,36157.16,16510.352,36542.547,22242.662,14831.402,460500.53,93097.46,31226.678,316471.12,10472.847,76849.74,11204.367,5927.9424,8238.579,51993.01,454979.75,114870.28,51476.49,4971.641,67906.79,20600.787,13912.052,846431.4,7226.998,136203.25,464678.3,25102.129,36414.8,4108.7495,204674.55,79398.06,790577.06,9287.38,1880.8003,433.33405,624.1548,199847.08,137983.42,2032.1731,53702.04,5876.8003,7364.702,13934.853,23106.898,610401.94,4774.0464,44798.805,9800.273,15407.277,12354.739,60528.445,3531.1348,3274.822,11997.708,20107.758,12986.054,3678.837,4863630.5,760335.44,378365.44,2673.0586,19615.582,1356.9867,129683.96,16012.992,585854.5,66170.945,38847.723,23526.508,5617.1816,137941.33,12778.76
asthma_177,asthma,70812.484,8897.504,20259.908,2104.9844,133363.38,17261.922,55263.215,25833.0,1099.5898,44091.21,4436.6304,28056.361,81425.96,59677.723,64394.727,6340.952,209974.56,13105.175,8127.5015,9225.219,34897.176,1078159.8,3841.2146,70531.3,6076.1304,45550.19,18111.793,66117.45,198224.72,1567.0981,124203.875,359657.97,43347.555,47391.492,1848.062,46147.652,88544.82,2149207.8,9623.257,1344.1045,7310.052,228.87787,418269.62,197680.27,6681.8677,97502.94,10942.917,3027.4412,18991.945,18368.398,958572.0,3261.2324,83433.06,257.26324,7382.3335,20441.03,32750.678,3062.2776,13377.188,7967.736,5408.8354,37727.24,1158.7195,3919977.5,252954.66,144898.52,4655.5522,40056.152,3786.946,261999.05,18152.207,77514.86,1072.4299,39288.234,85726.4,11672.861,14364.135,11127.096
asthma_178,asthma,176107.33,114094.99,63455.277,5513.878,464115.4,13784.125,18090.23,18819.947,2467.9795,51339.992,24384.145,200509.7,8915.155,8879.201,378502.22,2117.219,77853.21,7476.4507,4933.32,4189.4194,24128.729,190218.03,39661.88,20615.41,4811.0205,25459.783,9740.466,14063.213,3206417.8,5157.73,25462.064,208691.5,12556.426,12230.616,3191.5671,10636.173,37426.6,400276.3,6154.366,9455.233,24678.39,1098.8339,129193.516,103778.53,32054.807,21885.07,4220.55,5688.836,6336.72,9322.845,315946.72,4450.346,17318.812,2095.9219,22398.826,9429.585,21233.566,2660.0437,2359.7083,6740.8306,5881.5894,4760.8584,2697.1033,3496279.2,174522.67,56804.785,8920.829,15277.035,1420.7483,50179.195,8760.013,150268.56,99447.17,13063.245,5878.23,3489.658,62898.92,10580.443
asthma_179,asthma,46642.55,15328.395,22655.219,3096.3213,43156.45,36007.777,82670.32,11884.356,49194.31,25846.43,5898.022,349229.62,223151.77,37238.863,151707.78,5740.7456,213931.44,18341.09,4104.178,6818.415,25335.258,464696.03,60619.027,71316.1,7198.2007,26374.078,10990.623,27715.998,580207.06,11889.685,195001.39,530917.3,31180.223,54109.406,3064.0894,441889.1,94160.02,297539.56,11329.189,1315.9874,348.42017,269.46573,278956.44,149972.78,903.5223,85286.62,4619.275,2325.8533,8217.617,10305.087,887940.4,1635.0836,28865.89,2562.5156,7154.531,13114.178,59583.49,1973.0847,3508.1826,6367.055,7677.0967,14521.551,2117.1685,2681452.0,292961.25,205930.36,1951.6719,109013.84,845.7682,166407.3,20114.262,155849.22,1816.1211,61202.652,50471.918,3930.1775,51814.76,10905.522
asthma_180,asthma,403129.56,278106.2,76578.76,6157.437,1612155.4,66257.39,162499.44,46038.195,19032.107,98866.08,42026.082,199192.52,123173.15,14794.698,1132325.6,18322.906,137418.73,16919.068,23303.4,12849.313,54121.016,1120555.0,197549.11,31232.037,3211.805,143893.25,34023.832,17452.773,4290215.5,66394.78,21919.828,502978.4,44495.254,24251.717,15244.941,22230.148,57556.285,3477448.0,8329.768,3868.4517,34389.83,11847.723,160769.16,185926.12,326311.88,115580.92,17728.932,37663.715,54332.33,36887.48,726747.7,20347.434,16984.74,10563.333,35365.094,8052.3164,56094.65,23489.38,2674.5088,16631.65,3664.2844,20706.979,33595.953,8296742.0,58950.5,59204.6,11489.5625,32413.623,9069.715,46810.598,8062.7686,1806341.4,118079.734,13568.905,11902.972,19833.078,108795.12,57048.656
asthma_181,asthma,130863.11,218122.6,67929.266,16265.579,55098.496,42523.836,297907.25,16366.728,1009994.7,51454.4,28563.37,781818.25,228134.73,39217.44,1245948.0,36890.785,204869.83,13182.924,18126.188,20439.957,58996.45,724035.2,397316.25,77332.19,7001.8975,100552.96,26286.791,33421.816,2216758.5,7262.7446,241550.36,597852.3,47679.91,68199.625,5990.1294,667858.3,123856.47,1446751.0,18311.236,2346.8142,598.81866,3400.0574,276975.97,218463.6,11187.144,119423.91,10742.619,14441.348,17330.89,26829.875,1046426.25,7306.7964,64826.793,976.997,19626.623,18751.453,95908.01,5056.8657,5846.5977,17405.182,21403.58,26266.967,10599.523,7905082.5,773866.1,572303.4,6469.2935,66660.555,2301.299,263654.1,21358.066,1126784.4,126760.055,51511.65,14520.858,15371.362,231663.28,31625.377
asthma_182,asthma,180433.6,31715.9,143405.95,5146.3438,293066.88,8762.904,18529.693,20078.822,70766.78,87837.984,27532.135,477078.53,96771.09,10888.249,866486.56,3867.0496,64868.105,6344.558,9653.491,6275.884,30603.03,125618.95,261290.16,22881.963,7267.235,63784.492,24596.174,37179.03,4945562.5,10287.528,17359.525,323516.3,14672.895,16797.805,4218.368,82302.79,59429.242,1693735.0,5746.35,3061.7722,6803.8496,7529.4287,199726.28,99783.86,14663.326,62735.434,7619.7793,4291.76,2944.5024,22550.969,498968.53,12703.382,39157.61,2936.264,14980.917,13935.717,41622.9,9103.506,3808.7266,11716.462,5410.487,6175.5884,1565.3981,5752117.0,84258.99,78569.414,9646.506,4915.405,9099.669,112322.24,9378.397,489940.5,167279.72,7211.8696,4245.419,2591.3699,124672.76,16776.654
asthma_183,asthma,350487.5,102817.15,25588.652,2491.6108,442949.8,26567.914,662673.6,14763.984,49828.543,25069.951,10446.679,324149.1,205986.33,30644.123,957476.5,11447.079,238247.64,9431.581,4318.296,19773.604,82739.805,1192621.1,351245.72,46035.08,3965.8684,72855.64,21569.36,20149.36,329244.62,4837.6045,33863.234,487935.44,51720.22,31390.094,1167.1367,313251.88,76855.31,4075101.8,8638.47,8447.3955,2047.0312,227.36406,271291.78,211851.02,19206.154,122297.38,15101.647,5526.468,4830.711,23316.85,722167.75,9406.338,51305.88,190.09103,6146.482,23192.562,97579.305,4091.3806,3874.6968,7074.8833,2182.3096,33779.918,1271.1222,8312891.0,407775.38,92313.08,5035.768,4925.1904,10877.568,120750.9,7327.713,1952096.6,106325.04,7296.531,79269.516,12916.19,271643.1,16341.958
asthma_184,asthma,214422.89,147781.34,171059.45,11011.262,237019.78,15383.755,8317.105,18910.88,83666.6,59004.273,24201.094,606419.3,73994.43,14613.275,1079610.5,11473.465,148836.19,11126.077,16575.07,6100.4917,54006.19,447111.2,329771.94,30290.332,4355.848,44238.67,19193.738,40417.863,3838037.2,16165.92,41242.656,395548.4,29978.398,22890.082,5696.4053,173180.36,68401.16,620690.6,8039.4087,2804.9287,2226.0532,12999.412,180649.69,127724.164,10946.455,43505.64,5842.8623,20659.795,11583.02,17389.188,486667.66,6063.1104,53486.445,4816.443,13906.295,11941.929,56970.637,3731.329,3822.0767,10458.742,5563.241,3229.2341,4747.974,6577813.0,88534.6,175205.23,9373.309,18390.344,2713.7937,124792.305,12960.985,761659.94,167969.03,20520.684,5960.481,5057.8354,135959.78,18378.473
asthma_185,asthma,106333.555,60628.855,106132.555,13829.95,357584.03,31454.225,19482.275,32097.85,9460.438,43735.484,12973.909,136965.25,16800.56,18566.328,358077.8,11625.563,133486.56,19030.8,12519.117,8268.564,25113.385,878417.8,50559.21,38204.09,6023.5728,46347.145,13727.2,27313.182,1086930.9,8649.071,31395.873,312850.03,30551.385,26651.203,6397.121,76510.65,69940.24,249239.89,12061.017,7533.962,3865.9395,9376.197,174679.52,165608.89,18466.887,79345.76,5623.9473,35850.977,37117.035,13989.916,526550.6,4564.2456,38103.26,1161.2683,10821.969,9018.622,7804.84,5078.555,8993.686,9776.709,9915.77,4570.5933,12528.35,547892.75,70548.18,63857.715,8898.191,72143.555,2319.6594,182350.48,17049.578,428790.12,19167.799,32156.832,8627.74,13843.86,43108.938,22661.486
asthma_186,asthma,97971.78,44071.28,64540.562,3953.8452,178331.47,4873.109,42320.9,12633.569,3951.1758,21890.893,14272.436,209377.08,21950.873,7677.682,528443.7,1906.5647,34433.312,6781.1543,3669.479,3544.293,21151.729,304537.16,10068.68,20542.262,4393.555,20168.547,8828.659,12574.894,1830636.1,6370.354,21050.0,241647.12,10792.891,10933.184,2025.3429,26805.986,33203.84,127622.25,5566.437,13885.09,4958.749,435.30832,105981.34,101053.05,3924.4458,30398.19,2904.2969,4313.9937,4419.195,7955.252,298586.2,2652.965,20844.809,894.0924,8570.443,7968.473,4709.2114,1552.1125,1980.0779,8043.1514,7509.519,4196.331,1755.4663,3223095.8,81718.7,78072.55,3584.8184,31250.66,894.2828,120896.77,10936.385,257734.98,74686.45,26531.072,14218.511,3401.102,66971.836,9511.294
asthma_187,asthma,184111.19,53796.562,249265.08,6268.2144,142810.36,25099.496,11816.7,8801.184,3988442.8,80350.54,22353.479,511554.9,176158.39,6862.2915,1357192.8,17751.535,95860.914,3749.8481,8459.07,6179.3535,34335.297,46514.97,462594.4,21849.781,6254.9077,39880.656,21808.082,74697.0,4876412.0,18662.123,39073.598,345193.56,21442.83,27306.436,2484.8047,684269.5,68566.59,436024.28,5616.458,2183.3926,884.5759,29318.494,106297.36,87956.1,6366.448,63317.33,9288.15,2239.8352,2105.335,25122.703,592608.4,13086.814,166708.78,1853.7621,11521.484,10990.067,48942.312,4717.3174,4219.5557,8754.667,3029.325,1970.4996,4939.168,4728598.5,16902.537,72479.41,10387.93,3721.8765,9329.622,234301.98,7041.6396,362584.94,107453.586,6686.503,2267.1372,5896.3457,110740.19,20728.477
asthma_188,asthma,19736.562,39761.258,27974.977,2472.324,51653.375,13723.286,9740.085,10856.487,752603.25,18675.975,10205.642,171303.52,70736.414,13188.243,480931.3,10436.641,61649.453,5132.044,5710.5605,5244.233,35003.04,142234.33,70899.52,21180.979,5318.8013,42476.777,18338.518,20855.148,673394.94,7730.1245,45604.523,263231.5,17684.635,23785.303,2218.7146,602060.56,59803.176,1097503.2,5369.388,1577.7534,257.7731,13497.76,178688.47,80496.96,1416.4546,41141.695,6941.128,3865.423,2893.75,21429.766,555943.1,7055.4355,89352.04,1310.0012,11752.018,11229.134,14861.095,3791.0918,2392.496,7166.695,10853.453,5995.8975,1493.8413,2198895.2,14426.287,237577.64,2119.4514,6128.644,3930.7024,154376.61,8720.558,178458.56,3387.4797,10594.783,6287.5254,4335.7803,174452.44,15485.547
asthma_189,asthma,156903.3,78910.78,50291.78,5231.418,487447.1,10207.891,5921.816,21257.941,2570.899,69611.05,25484.537,208604.75,18313.559,7787.5806,420573.97,1926.2878,56155.773,6179.206,4113.5107,4292.9756,25465.537,282767.12,21163.11,16394.129,5960.333,28757.299,12137.987,20261.086,3342689.0,5550.584,17776.17,241733.8,10846.489,12058.015,2609.9187,9217.031,39928.688,698267.44,5345.304,4658.4976,27583.201,1138.1637,194473.58,90281.5,30487.002,25754.305,4238.799,4823.721,5116.6084,9085.377,308808.84,4004.5032,19698.576,2295.2556,25734.172,9910.985,24184.342,1993.8656,2657.313,7485.1914,9153.892,6632.138,1804.6816,4611367.0,16672.387,54207.54,8825.519,20854.473,1514.6719,48594.094,8828.432,260347.19,55332.984,15507.895,7207.5166,2751.6465,104118.66,12090.247
asthma_190,asthma,271799.62,265985.4,41844.152,1549.3053,1596608.5,13304.257,15847.736,27218.943,26636.744,77793.47,17109.88,194529.03,251441.81,33956.99,467573.1,8968.159,7932.5894,11544.495,4596.0337,15805.924,58848.156,697984.5,427240.66,34193.473,3939.8772,115032.305,30846.414,19088.568,2678459.2,9809.831,28334.025,444997.0,43784.52,18253.54,5694.5796,20873.494,56820.062,4239440.5,10748.112,3154.2974,16557.676,1239.7097,106072.04,201320.02,75970.125,115103.86,20826.904,7317.7046,6848.7104,59076.793,723015.3,23680.055,91566.734,11584.18,11350.507,18426.44,88445.4,13549.972,6480.9907,7718.69,2562.1711,33019.453,2396.6313,8309823.5,344113.5,106776.72,6294.636,10887.917,10342.651,285356.12,8787.83,1891970.1,594330.06,10905.106,34965.47,5812.5063,149061.48,16813.56
asthma_191,asthma,417749.38,342030.66,191071.47,17485.328,859014.1,38083.86,27164.691,46883.242,11745.316,127191.27,44973.586,660428.25,130343.84,25301.525,1303537.6,7123.474,169418.55,16356.054,29860.123,15822.198,40437.45,742204.7,743493.3,39710.63,4894.178,96264.01,32693.443,38270.133,6162423.0,29762.064,40205.914,472454.4,41776.926,24763.832,14226.242,25287.438,80968.16,2836362.0,7532.783,3674.8105,20602.81,17720.057,267580.12,169376.88,84426.78,105813.8,11227.195,26535.348,21967.607,30220.992,831409.1,25192.041,19989.324,7493.6636,22745.172,14396.393,93503.914,19246.035,5262.2417,11960.839,10355.621,25147.8,10280.633,8024509.5,218420.27,102566.04,18452.414,13131.587,10628.242,49697.984,16169.775,1405800.9,619069.06,9490.099,6764.8296,9123.002,195185.02,25530.418
asthma_192,asthma,7761.5156,11879.472,29170.033,1586.2885,312183.62,8567.656,2171.5278,58823.523,1195.3065,32215.246,17286.172,65890.77,2579.2568,9058.13,12464.836,2897.7266,4815.0005,15261.89,3641.5437,6195.335,18122.766,612549.1,534.57806,19745.299,12256.774,36264.562,15059.592,21459.666,955280.25,4196.8955,10274.065,129370.195,2917.0034,8079.065,6216.4556,13475.365,32505.225,342999.84,9551.794,9848.21,20472.459,12567.053,242148.19,101782.02,16463.51,75680.875,10139.415,12918.3955,6582.691,28212.71,593453.9,14764.801,63243.1,966.5197,15970.028,11624.743,66.3,5694.596,5156.8545,7833.291,32030.514,10828.411,11456.888,7219.5503,3932.9229,14535.282,3541.623,22146.879,3448.5596,28495.51,10875.566,4469.6143,304.05524,18688.287,8547.309,9796.787,12399.526,23325.367
asthma_193,asthma,457692.75,90988.12,327725.9,8487.696,673916.0,19236.896,42914.664,20277.268,155180.48,145029.44,43202.86,811448.9,170901.94,13744.506,1545807.5,3623.9844,124836.11,7437.858,19218.852,7335.517,34172.676,108459.26,558056.8,33499.906,7789.334,78073.81,30707.344,79754.06,6754344.0,22518.389,33551.863,443805.22,29795.975,26167.129,7758.163,66082.02,85601.484,2137136.5,6136.33,2831.0679,22944.922,9289.099,218884.86,104400.65,62614.215,79244.12,8144.9,4054.545,3669.1218,21894.234,644007.56,12817.795,40483.676,4586.11,17936.865,16616.16,70201.266,9274.624,6824.2446,15752.71,3777.4282,12183.639,3932.4014,7561845.0,286710.22,86062.086,21740.445,4931.4287,11267.992,108010.86,10120.9795,754676.8,330233.3,7342.93,2919.8347,5101.744,103623.76,18614.875
asthma_194,asthma,169917.58,42359.46,131816.42,2281.107,164515.48,8419.355,46527.438,22593.79,21511.53,45723.11,29461.668,468623.5,29003.094,11432.841,709204.75,5060.6055,58969.73,10294.664,16184.494,8374.514,38661.52,346190.2,50683.67,26130.096,6047.5156,71708.46,22947.438,24618.656,2995324.0,9923.414,19824.928,389703.9,21482.027,16214.467,7587.0215,46062.266,53810.57,1464348.0,7471.1616,7034.9805,7596.5,781.9701,144658.27,107017.72,13600.155,56510.676,8460.45,5687.523,6672.862,30042.365,621372.94,15168.019,34153.355,3607.907,16403.092,12606.872,17224.393,11843.079,2674.3416,11943.022,8401.099,21102.584,11027.162,5255960.5,333691.66,104802.37,5903.065,5409.852,7372.405,61011.504,10204.056,601362.2,108913.67,8132.922,6357.2607,8679.632,125550.92,14439.736
asthma_195,asthma,266268.62,174373.27,146789.67,11886.34,1153657.1,25851.559,18503.61,36404.312,55702.555,71100.22,31289.13,545295.25,12867.61,12182.512,748057.25,3760.3293,156468.45,14912.321,26940.463,13364.742,30005.428,744147.4,74076.9,27296.072,3627.4639,61400.434,21154.35,27299.432,4846767.0,25347.44,15636.331,392031.8,37314.16,19216.248,11132.34,33109.45,61836.29,2678203.8,9216.135,4260.031,16049.764,10186.95,199585.0,125724.54,113188.84,80633.73,8524.195,41799.402,26939.846,34769.543,656282.5,22464.162,63772.812,7244.1826,14656.923,8522.358,10788.691,7238.063,3901.207,9896.25,15951.67,21645.36,29339.584,7776115.5,24525.176,32425.465,14986.733,20969.75,7243.381,52245.168,13796.251,1009186.9,101764.75,10827.595,12490.946,13407.997,133207.28,35837.816
asthma_196,asthma,327563.4,198682.36,195717.94,10129.015,330877.03,18414.318,52813.16,9867.504,30924.47,63809.684,22592.582,744554.8,106388.125,9677.248,1130552.8,5336.8066,157102.58,8043.1436,7595.167,3544.2253,52914.395,306660.0,104042.13,37672.48,3787.3398,21978.002,10047.958,23142.693,4979053.5,22657.033,82222.375,385898.3,20454.797,33395.402,2484.8523,95423.37,62537.41,169177.5,5703.4243,8511.627,4831.3794,939.51483,123469.29,120068.79,22313.393,44440.336,3071.6345,8529.515,6080.786,8399.696,344314.06,1929.4747,40446.473,2199.3162,13799.159,7231.48,29643.938,1536.8499,3524.2024,8957.772,2760.4536,1095.5212,4660.3774,6616790.0,29144.922,343542.94,13946.566,37799.234,1032.2156,305434.44,11145.673,515215.66,215782.33,35376.227,6676.459,7477.4634,65375.508,11597.258
asthma_197,asthma,172528.23,103880.23,40749.598,3956.2334,435032.4,5744.3057,2864.4062,28722.434,2813.3665,51647.76,26057.527,292519.6,32233.07,13047.407,534693.7,2778.8757,38401.86,7819.69,5084.449,6986.467,39787.582,525030.8,73857.375,24336.006,5887.017,44468.867,15394.22,18743.193,2983470.0,4934.5107,19263.646,362907.38,18939.652,14278.059,2426.6702,11078.839,45315.61,1421416.0,5189.382,5001.0537,16412.34,578.1866,199225.95,98365.27,9585.47,43049.98,5230.1157,5002.6953,6411.7573,15684.155,508151.78,7795.5103,33292.117,1622.3685,13625.732,10608.605,61378.77,3439.203,2224.7083,8156.46,11109.059,16665.232,1414.7119,5356416.0,37755.17,170128.2,5824.8,10388.355,4358.3213,133503.75,10607.735,564721.1,104380.63,11950.326,14361.847,4156.825,140889.95,11133.136
asthma_198,asthma,265500.3,410737.34,87549.7,22852.084,561601.8,53695.074,27320.764,38286.703,48868.574,64815.668,28642.176,181921.97,225930.19,42954.547,1103251.9,28941.45,192072.64,20224.541,14606.922,22113.826,34326.03,1137387.4,573280.06,66213.43,4928.936,95640.84,21454.08,32537.543,3257197.2,10515.6455,170471.86,556968.44,50080.996,77473.03,6670.011,156718.9,123573.07,2211502.8,15090.029,2770.216,7074.8296,9192.335,454786.25,231591.05,66453.31,124982.99,9713.95,53215.254,51161.395,35759.223,1086929.9,14110.827,32911.742,892.0337,34070.492,11195.981,103626.23,4405.024,10901.03,18529.799,18303.432,16138.237,19599.107,8236534.5,193495.12,351664.03,20193.49,91160.96,5922.2227,259027.92,21812.887,1501401.9,205383.73,43848.035,30570.504,23535.576,124544.65,52573.1
asthma_199,asthma,189028.47,271527.84,98310.51,9493.811,251533.44,26913.344,10793.354,33829.246,10042.535,81398.164,31335.807,532977.0,197057.81,20446.857,1042197.5,10725.031,98237.77,12135.279,17132.285,12457.146,58007.383,646839.0,820462.1,49352.72,6084.5923,107407.38,44227.703,31225.486,4004820.8,12288.331,72873.78,448020.34,37497.164,30397.059,6548.192,91800.1,82404.58,2516690.8,5618.746,2709.9763,2354.2021,21714.129,240841.42,161370.38,15992.724,84872.164,13056.283,28186.059,12652.163,26506.768,726351.3,21295.521,23156.955,5449.8823,23681.207,15360.576,100575.305,14273.852,5108.6006,15983.773,10297.649,12120.912,2255.234,7709496.5,119044.79,121159.586,11693.085,9609.517,9419.382,110446.24,14780.482,1311431.8,249728.34,9951.279,4224.989,3812.7688,223539.42,20397.367
asthma_200,asthma,85942.18,44180.32,140458.9,5023.113,64539.58,36873.06,198301.88,6152.6055,4627301.0,64021.93,22962.98,528010.94,176791.7,16678.285,1306174.5,30886.861,85223.36,3425.461,7762.0415,6790.332,49811.63,47872.098,66957.41,41069.64,5334.7197,41454.375,19875.076,41853.89,2430807.2,43231.625,209485.33,497534.94,32200.287,75144.85,2037.4667,941739.06,97070.67,501456.75,4719.5723,3016.8892,499.23517,6411.971,81910.49,79522.64,3022.4807,89300.164,8436.783,1479.135,1885.0674,11558.631,953723.7,5370.8276,72908.68,551.54065,9507.929,10966.697,26609.957,4124.618,2935.3452,12570.96,3518.683,3516.1868,5351.268,2496908.0,18158.145,675198.06,5435.3984,4655.7656,6332.3154,518899.62,8593.56,213553.94,18194.844,6451.325,2361.964,5260.917,130073.26,13044.284
asthma_201,asthma,60870.16,74755.58,78380.96,1443.4606,1206258.2,21556.857,2901.6023,26505.553,16791.445,75908.28,16155.439,218104.5,89332.27,15595.3,193432.02,2201.824,67956.35,6184.507,5415.035,8666.917,54482.23,350828.94,7291.035,19577.418,2796.587,35407.21,12662.363,32142.727,4284953.0,3938.453,24678.178,350843.66,22309.285,17502.18,2489.693,31356.672,41754.1,1166630.6,7201.5386,2392.874,36053.1,599.87213,129053.51,142757.53,106987.31,88363.11,8424.175,11002.265,8832.517,23545.543,421735.94,5896.2275,180552.89,8051.4717,14474.621,10848.455,39125.543,1846.5531,6306.3125,6013.3145,8566.039,26856.447,5120.5728,7269458.0,70667.98,93121.79,10971.635,28194.904,3449.6616,86127.12,7195.38,370484.94,91853.875,21698.168,22631.572,18763.617,51180.82,15800.619
asthma_202,asthma,519095.16,92983.7,247856.78,7491.9556,514304.03,52501.203,365367.4,10353.913,322920.16,121549.84,30803.287,720621.1,135330.05,5136.7163,1568559.5,4560.929,232637.42,4767.4526,5399.897,2885.0725,39220.848,195456.42,57747.24,23362.525,3576.9104,15377.315,7253.15,20556.49,6417109.5,27866.492,33986.05,339816.88,13913.379,17744.494,1426.8091,49862.723,37703.68,632474.7,4235.9937,20885.521,22790.49,2339.6846,70824.914,146957.89,86397.86,48255.305,2799.7595,4170.922,2572.8682,6324.203,315775.0,2419.2566,20898.873,261.2884,11784.095,6174.0806,4367.8228,2222.7605,3221.551,6061.52,1747.8044,613.7347,2315.6272,3792382.2,2324.8416,205200.69,18963.89,17441.342,1482.664,167951.25,7317.6836,444630.47,270347.28,8963.362,2862.6375,9169.41,62593.258,14356.712
asthma_203,asthma,404387.56,257495.94,212094.2,22257.41,1028494.8,44244.242,68932.32,27158.863,48379.49,77275.05,28202.354,613620.9,127387.56,15478.298,1144839.8,8983.081,340846.06,15262.123,24810.852,9591.3955,55401.734,1001699.1,485634.7,38734.074,3291.8047,54681.13,15184.519,56001.96,5567110.0,40281.832,55508.41,494967.97,45709.508,45960.242,5218.883,65880.03,79686.93,329693.0,13150.575,1567.8289,18880.174,11051.621,231666.14,162787.17,98752.91,114585.26,3916.9133,32232.979,23835.557,12741.763,697426.9,2889.1309,47660.363,1812.7839,22321.863,8304.676,87760.37,2273.8005,3491.223,18111.758,4413.2085,1807.841,26968.586,8236142.0,56399.336,536388.3,21130.518,85629.734,3581.6873,352053.28,17622.357,1465024.1,194550.94,47474.367,9775.348,23229.73,96751.26,37635.6
asthma_204,asthma,197874.92,101281.516,136333.98,6236.2437,375069.9,8217.539,9823.135,35731.508,7258.7695,85964.88,34011.215,539114.06,126410.69,26131.365,836527.9,4286.351,59538.56,8288.035,14555.744,12597.737,49030.426,294843.66,554988.56,33216.098,6666.0425,116225.34,42635.67,39057.69,3906494.0,9580.031,34438.438,355427.12,29509.191,15004.01,7256.8936,39395.992,71086.18,2784076.0,7634.54,1422.2263,10475.584,6746.1177,291138.06,139403.19,14698.568,83680.805,11384.365,7505.2227,7505.6235,38393.363,648506.7,21752.371,32037.54,8456.562,24703.021,19572.525,93419.77,11601.052,4994.442,15889.174,17424.898,21407.459,2134.2498,7626875.5,319966.25,124006.22,9096.362,5526.9526,9878.323,79938.73,13027.537,1086520.5,307909.28,11620.298,9318.666,2074.6528,141032.86,17384.611
asthma_205,asthma,568231.06,56355.945,74572.51,7999.4736,839457.6,12434.035,150635.88,29633.508,14410.858,137790.25,19051.176,685368.7,270691.2,48754.71,1433455.4,4705.7764,97985.984,16287.731,16064.236,7662.743,36703.145,586685.94,879605.7,31295.904,9009.294,181961.0,55819.6,46166.582,4230894.0,40361.664,27951.08,377131.22,48623.07,26733.785,9580.891,32663.244,69182.38,4269558.5,13048.216,1416.7351,13776.396,12049.357,161297.44,166849.7,37831.184,109403.99,18864.1,10224.748,9328.973,41257.33,862020.2,14315.146,42748.74,12045.864,11692.237,26474.53,104783.875,13425.643,19697.768,28446.498,4179.082,29062.07,2825.1914,8312994.0,1197849.6,115395.89,8899.643,4034.8293,10582.624,31932.94,11052.064,1944230.2,225136.31,12145.77,9282.341,2704.133,134824.42,12541.321
asthma_206,asthma,382829.5,173095.66,112311.32,6060.3984,597419.2,18174.275,9403.091,20271.602,7162.6353,81162.83,31833.781,598247.56,156513.83,21028.389,735607.56,8176.657,274903.88,8148.2876,12536.263,10507.414,75887.36,1072631.9,202993.06,43012.223,5636.46,79317.69,25988.953,101648.55,4869831.5,26055.615,64356.785,529614.6,46335.61,33660.35,2373.383,64910.805,90285.46,840384.4,7691.579,1794.7137,18582.041,368.9946,305435.03,170170.55,52828.676,108738.06,10460.298,8889.141,18949.824,24465.021,881445.5,5368.1694,192896.5,431.3479,13624.783,9725.873,97768.305,3290.7747,5954.3384,16543.973,7992.229,13153.347,3160.21,8238498.5,8165.3413,131847.23,15407.175,37850.71,4557.7803,141152.34,13100.488,1087259.5,85173.47,30907.135,34751.87,12516.55,76706.445,19460.549
asthma_207,asthma,37359.023,46850.746,14026.871,2619.1216,44124.273,38627.168,43103.344,13532.292,3279.4363,20308.62,4509.0283,89018.2,100891.76,52198.652,228929.81,7370.682,100212.055,19548.852,2476.942,4477.3804,16289.845,472626.1,74001.555,74037.06,8064.422,26268.496,10452.47,11456.888,87637.51,8827.009,204759.28,494460.3,27870.08,79116.125,2215.81,228699.6,98651.43,311873.84,8509.728,2037.178,259.3719,457.89694,230634.69,146829.44,666.5023,45113.973,4126.346,3953.3774,7585.6177,9337.519,947876.0,1572.9,18158.006,3511.1355,10280.074,12262.831,53271.72,1606.5028,3645.8015,6170.9014,8663.404,12306.041,1598.3082,1894275.6,555862.06,484122.12,1745.851,74222.01,931.0066,423732.3,19106.656,206494.38,920.3983,54195.137,40319.766,3953.7734,93911.26,9391.698
asthma_208,asthma,357497.75,408431.94,109813.34,12497.202,1404845.2,47431.645,7950.253,35582.324,6795.023,105317.96,39182.973,569693.4,84205.89,14200.73,917248.3,4564.746,175340.95,12335.547,18057.564,13747.665,47792.86,855129.2,284637.5,31618.895,3451.538,71393.55,22064.803,44094.277,6088305.5,26452.371,33827.566,397655.53,41594.45,28964.479,9448.58,11447.254,69570.03,1126976.8,8661.396,2941.4941,32463.617,5813.765,209116.66,157973.98,150679.12,91069.375,9560.534,25983.625,31114.277,27121.41,566579.56,11457.729,24681.072,4355.2456,31697.605,9456.929,88221.06,5839.3076,3495.215,11183.549,7084.9453,11975.45,15850.759,8093464.5,60234.473,124202.69,17805.777,32848.055,5508.395,62136.125,13702.766,1439035.5,368110.84,17230.406,12647.711,15495.652,158773.72,28463.758
asthma_209,asthma,55935.56,76801.98,87455.49,4047.4734,714606.94,32286.111,1712.728,36678.332,2961.8105,30405.553,12581.636,51911.062,65215.906,22135.96,69731.18,5762.5586,178037.16,13639.774,5896.2334,7797.5254,43135.297,936626.56,26189.074,37563.383,5548.7207,31851.06,12139.539,54601.76,824961.06,2943.8313,37434.457,205382.36,31302.8,26280.648,3666.183,37646.87,56940.0,417793.6,7786.7637,1508.3727,13950.61,1701.4938,311197.94,168595.25,37171.73,89092.09,6602.215,14562.0205,30431.838,11798.535,638662.0,3144.8928,87542.11,368.33606,16092.912,7947.3037,20524.383,2362.638,8907.421,9942.921,7569.6016,8203.851,5841.3857,456716.5,24340.951,79292.42,7166.558,84667.46,1702.011,183148.88,14204.482,46966.613,4477.419,41861.08,26629.785,14142.705,13411.885,21485.553
asthma_210,asthma,55646.855,12770.597,26592.934,638.0151,645907.56,30028.36,394174.3,29484.268,63363.36,54287.008,4270.7563,109192.4,220438.81,41953.76,302239.25,3667.813,40155.254,21408.44,9700.017,2689.7644,64643.312,739564.94,2357.7144,12411.5,2394.4978,52468.414,14535.227,11831.349,2406344.5,37769.72,12359.383,341444.7,10004.916,9449.004,7325.072,95817.86,25758.924,3563891.0,7721.967,1532.1917,5724.8877,31166.22,91724.32,111223.88,96834.52,72502.77,7463.441,19211.283,5048.966,20591.182,466089.22,4248.109,47796.555,33236.6,6795.6904,12589.018,168.21051,5130.708,3243.6619,6457.8877,1970.5203,24627.533,5200.7744,8226839.5,987085.7,102682.016,2002.6447,7799.177,4544.9775,24625.303,5393.668,244618.97,28618.611,7728.2593,7587.398,9972.239,32464.516,13202.577
asthma_211,asthma,110922.836,315954.84,77111.62,18796.36,95424.37,35227.15,32865.445,19575.867,333631.5,61090.574,25124.547,773036.3,240426.97,32875.883,1306089.8,14193.607,172573.98,11452.069,14584.162,13821.512,53886.32,688142.3,609410.8,69361.75,3908.359,67480.38,21875.887,35396.746,3139273.2,5255.791,186484.25,547511.44,45852.32,67135.61,5165.8936,553199.3,109603.77,930912.2,13021.798,2550.6921,463.65134,24860.498,214550.73,218799.28,6498.918,98733.23,7050.7666,31430.086,17240.318,18818.512,825116.8,5412.763,72594.93,1638.9672,13268.357,12948.84,96140.8,2690.9631,6933.8755,16805.754,11153.69,7084.553,7914.1797,7986969.0,875337.06,621262.7,7994.6074,66190.26,1904.1666,269258.88,20551.002,1071373.4,209327.16,50089.02,10150.639,15342.641,182154.95,26675.818
asthma_212,asthma,473168.62,471676.47,233797.53,8523.635,935922.94,36255.156,58100.008,36660.496,66736.125,109802.87,48106.656,720298.94,232667.81,15626.879,1543446.1,8148.6997,245588.34,19025.41,27882.31,19750.27,41572.676,696227.4,964869.25,37505.785,4392.122,66701.89,27589.938,28489.531,6387862.5,67835.45,45929.965,571856.0,46343.562,38756.023,18133.52,69253.34,102426.65,3205800.0,9096.154,7108.169,17876.938,12677.299,247744.06,180244.08,170796.52,119147.695,9754.0205,28533.092,18618.87,41459.87,825700.1,27661.23,28641.111,4368.306,30120.773,8235.641,98008.04,17025.465,6628.527,14808.548,6600.32,39650.91,53538.605,8257810.0,529566.2,108779.76,18129.127,10809.755,13641.935,34027.434,14023.059,1556960.0,262265.28,11205.928,6810.602,25688.54,132184.77,39515.387
asthma_213,asthma,274406.22,70816.47,54513.727,4579.6665,498037.66,5061.986,3945.2063,41121.18,1337.5424,94344.38,38010.562,787530.2,110614.164,30538.713,964595.06,3129.3994,56486.055,8730.553,10555.427,6603.9346,57524.24,465190.88,169411.92,24933.63,8085.772,73462.65,25851.582,33370.92,3994510.5,16104.596,22130.156,351097.72,33584.902,15128.115,6021.9185,16469.965,54226.93,4007904.0,6375.308,2446.9207,22657.143,9343.764,303465.9,124441.59,10309.56,77641.08,9731.134,6697.756,4146.7305,35426.566,797832.25,19650.69,58232.586,9769.56,17125.26,17568.188,81728.76,7736.1284,3418.0054,9953.092,24949.14,33624.58,2121.3157,7740091.5,30319.754,77029.516,8139.0913,5510.555,10809.301,34513.766,12714.703,1010589.2,155685.81,8736.241,9948.574,2105.6562,209501.7,12767.637
asthma_214,asthma,17020.79,48899.11,61535.145,1984.3021,889777.3,14923.22,16426.59,54989.203,2691.727,39490.223,33230.45,165887.25,5610.1187,7054.0225,66945.59,3541.3762,8291.15,13865.53,8324.74,8853.366,27013.865,426474.12,2442.5696,21748.098,7390.936,29683.29,12823.946,20509.004,2683317.0,9919.875,11792.674,206486.89,6620.957,10195.446,9088.254,18141.2,39777.074,271440.06,7768.737,12274.731,33832.277,12982.129,178370.25,112905.734,68877.445,88181.61,8002.931,14741.373,9797.1045,22256.688,458941.94,12216.195,37540.746,1659.12,24632.303,8910.846,148.4247,5981.902,3630.8635,7517.782,23975.748,14427.168,23137.705,119958.57,21196.377,26318.824,8286.731,34069.617,4020.0767,29055.863,8724.201,13972.288,5842.4443,15117.226,11034.433,16117.288,28726.133,30451.725
asthma_215,asthma,191806.12,95033.22,91049.23,7616.887,193668.28,9283.094,16243.984,15046.771,31263.926,40689.715,16487.678,392218.4,47978.64,9986.858,771664.06,3083.9692,110050.805,8873.351,7407.973,3811.9941,45101.285,410140.4,62662.66,28145.418,4530.4424,26672.105,10939.004,21150.658,2953710.0,8424.119,32277.707,351523.2,17521.836,20541.557,2298.6592,100253.54,56122.258,480379.4,5674.6694,4688.0703,2506.639,1586.1998,171198.5,106092.375,7671.431,27316.516,3282.6729,12070.338,7392.5996,11062.072,332333.3,2880.837,56936.906,2369.7888,10395.7295,9143.037,22140.627,1874.0065,3274.7751,8876.7705,6229.5137,2235.7817,1764.5293,5264157.5,74826.91,154263.58,5950.319,32729.568,1089.151,142531.97,12743.986,360540.88,45917.043,29141.865,15907.445,3083.4575,90606.85,11276.765
asthma_216,asthma,20381.266,9853.895,17951.293,2569.304,99690.836,21475.145,12960.936,30933.969,336.08188,27699.932,3951.4773,12868.519,39839.867,68867.59,41835.254,17262.53,17942.906,15898.663,3355.5808,3736.8894,5873.9873,607253.25,4491.368,66742.234,13052.572,20570.709,10525.86,13764.524,89429.79,1468.0697,199362.42,256932.98,27830.371,93988.22,3054.0388,32305.27,94447.46,324252.06,7094.3516,2863.4487,1487.1525,15465.165,188140.92,154851.11,3403.1628,79770.72,4884.72,21002.453,5000.8057,8113.235,1168009.9,1557.9972,14480.061,381.9201,10735.07,12611.214,32178.889,2092.7346,27744.164,8290.684,5470.178,3844.3013,1338.7863,2612.8784,948032.44,432456.22,2688.3381,86337.65,1895.092,643959.7,19541.525,27665.268,68.32055,35161.93,9953.491,3988.7197,7110.861,13391.191
asthma_217,asthma,399038.72,129099.42,341340.5,10145.954,738428.9,37901.426,52248.008,16358.659,257094.75,121173.23,41935.24,738858.56,112532.72,10853.847,1650759.6,7714.1787,195753.95,7240.273,19283.02,7970.0767,50632.848,206375.86,183283.25,36191.176,5723.9214,37690.484,16521.646,43386.227,6615414.5,16000.581,35442.48,447206.72,25018.525,36296.29,5305.1006,224177.75,72144.66,2011582.8,5193.596,11748.678,7857.6406,13448.313,163865.81,134763.23,54996.492,60758.223,6157.895,6471.836,3525.3625,12722.115,660041.6,12105.975,47657.637,1794.4535,14173.195,11939.081,33126.664,7881.72,4650.6255,9540.494,2581.0254,2586.509,4287.7085,5332196.5,111074.11,141525.31,18783.904,5897.0264,7755.781,197078.67,9469.258,798837.25,283990.56,6205.8687,3422.6355,6088.7026,91418.664,21311.35
asthma_218,asthma,577794.56,343902.53,183066.11,15215.6,1153466.8,52663.63,37094.844,14391.3545,31909.895,148358.33,32644.559,899820.25,132418.58,16114.045,1253335.6,7214.801,222320.78,8241.047,8350.155,4324.3555,27726.469,232561.33,145093.06,39440.01,3928.5283,26742.176,10071.196,29624.154,6841441.5,40107.414,121889.03,442798.2,29704.898,60727.17,3377.3416,36573.855,81697.195,684930.9,5201.4736,11951.876,28154.035,2914.059,116271.8,124844.805,136317.73,53470.84,3988.9023,5140.9663,4473.4146,7301.46,624504.3,2566.2944,17603.627,1740.3728,14788.266,7311.9204,65117.586,2946.1982,6967.342,8800.402,1888.3763,1405.338,3770.2175,6712367.5,33952.652,631818.8,25588.287,10917.657,3279.8557,333168.25,11628.47,905782.5,412335.88,8796.299,3076.5906,8464.26,55203.43,12660.77
asthma_219,asthma,91617.31,51012.21,58153.336,5398.949,67232.555,9981.765,17911.291,11181.522,86748.09,25060.58,13310.133,628470.25,76886.33,15095.614,590193.9,10367.016,83340.89,8342.211,5922.9517,4819.279,50265.793,293445.84,95229.63,37375.668,5039.266,55126.46,21199.55,19660.87,1648673.4,15206.678,115819.59,439548.84,20841.766,27352.258,2905.2793,222875.06,70390.586,494249.1,5987.7188,1664.3561,645.3531,1219.3175,239884.17,104906.96,1687.0475,40902.188,5714.4946,4020.4907,6036.3066,17359.875,490911.9,3521.5173,35818.34,6611.0938,15009.706,11599.945,38778.95,3046.7812,2551.1836,10668.685,8381.05,7863.3237,2131.6826,5325361.5,48502.51,286524.06,3495.5151,15370.614,1744.7593,200284.58,12164.644,463104.7,58550.28,27322.273,15389.302,2600.3833,147190.88,12184.604
asthma_220,asthma,31296.084,54410.625,27477.758,2074.553,128296.73,4485.6694,4696.628,16752.783,7210.267,19597.93,14331.156,298940.34,43801.184,15275.098,241948.98,3427.2979,32081.904,7733.399,3399.425,4720.09,37070.23,244536.88,112131.734,24142.793,5151.3286,31855.041,12125.295,11863.688,1123689.5,3664.9487,35136.855,264133.78,11019.183,14609.61,2292.3362,75414.51,44414.785,1055348.9,5249.1523,2444.2073,1268.008,2846.684,177683.16,77217.44,2411.6401,27773.443,5271.677,4878.527,3801.2676,16462.16,468476.94,6559.469,38540.438,2485.9133,11349.662,16087.464,30817.451,3624.223,1979.7388,6013.8076,11442.593,4939.3516,686.85815,4268671.0,118126.48,213516.66,2885.5334,6041.197,3954.8447,179459.36,9635.287,306576.38,17909.48,9182.302,6438.3237,1256.8538,157376.7,10330.555
asthma_221,asthma,258650.23,149406.19,55873.074,5253.5,347933.47,10683.469,29030.906,46850.703,7141.536,65356.81,37638.652,540054.75,122341.945,30084.973,1144524.2,4138.8506,45541.68,14789.465,13867.766,19201.594,30204.367,441605.16,571210.1,40691.074,6358.6074,68313.8,27285.324,22072.78,3179178.2,14608.036,28936.123,432736.34,35217.844,18518.033,12472.304,53501.906,70623.914,4659161.5,11180.019,5289.8604,8049.621,4318.3496,278131.1,172306.58,26838.473,99985.05,11269.776,11449.602,8376.799,57012.215,817207.4,32993.734,40111.008,16705.38,23228.799,16211.143,80999.36,19316.834,5938.4346,9242.754,18093.889,41448.723,12049.197,7411160.0,839909.25,229797.11,7642.4956,5048.0176,12371.294,29059.354,14745.493,1164519.8,343218.4,11731.534,15415.215,7354.1025,165676.03,19269.746
asthma_222,asthma,69319.555,113250.39,33609.637,9344.682,51311.504,24960.588,76859.79,17859.846,65257.965,29226.533,10801.036,243602.56,80465.875,34589.586,563756.9,9571.967,144457.12,14116.185,9459.266,8321.057,41946.84,488618.56,193076.5,63960.78,5677.3115,40953.906,13919.776,16192.739,678997.56,6136.886,136054.47,467774.7,34317.062,53234.95,5620.3916,384149.4,96484.59,513634.97,12133.624,2732.0596,356.1978,1896.4161,199091.86,179868.7,1514.4991,61322.66,4864.3687,13477.897,18497.594,15685.92,709741.94,3399.9893,37224.98,3853.5867,12650.933,12515.834,46561.04,3677.844,5187.0757,8483.527,10758.03,11623.624,6693.5664,3590435.5,775730.4,307188.94,2890.5962,45484.035,1301.3132,152830.88,18132.22,430388.3,18784.729,48152.234,19525.598,8059.6006,103837.83,13681.988
asthma_223,asthma,609346.9,5720.614,30540.256,915.9173,335312.84,26502.9,1671574.2,11998.818,10290.865,33171.97,6428.046,109539.086,258421.19,40204.305,778566.0,8470.583,421955.97,10854.416,17675.143,2532.1667,43145.914,974958.9,748207.8,24579.666,8191.668,197835.67,36585.58,12110.605,537972.9,41940.52,14071.37,223640.5,45665.848,10361.213,3026.4739,107153.65,25375.81,1644302.0,7835.316,7648.2856,2217.4585,549.78534,69620.74,45283.812,25074.062,99851.734,14297.545,7823.435,4886.081,7024.8687,556453.94,2073.8345,15970.806,498.29816,4906.7153,18731.63,83888.555,5518.229,3855.907,29568.408,1570.008,9464.337,1438.3225,8313216.0,1433207.9,28489.967,1789.7808,3529.7673,9009.552,17022.834,4880.533,1943031.0,446.26077,5895.474,16615.082,2636.7908,47466.4,12430.691
asthma_224,asthma,243239.25,42591.17,126338.61,2639.2734,256139.56,3076.0154,19858.781,17837.545,7987.2754,34921.547,24713.012,682752.0,48296.418,10777.975,399995.8,2391.7156,56220.24,6633.9224,5397.6157,6132.6904,44053.254,256191.36,25996.887,26235.521,5725.543,46880.426,20168.334,18622.402,3022547.2,6181.34,45388.53,402621.66,21878.684,24909.84,2459.5337,19668.484,57014.39,622353.8,5049.992,2393.9805,15893.493,323.41898,156034.53,147389.08,4746.344,56254.348,5275.6606,3081.9224,6880.6562,15619.936,390616.28,6599.4697,41523.105,2283.9434,10958.009,10009.659,44836.504,3395.0466,3764.4568,11696.889,10753.353,14512.053,2148.7126,5421675.5,123818.914,193937.39,5057.536,11005.214,2383.0513,138625.9,11762.995,464369.1,202384.75,17606.28,13155.003,5310.143,124504.16,9251.795
asthma_225,asthma,165240.52,52785.01,84114.31,11117.591,82083.08,19261.883,30937.303,23041.584,271931.06,48578.805,26289.748,648843.8,137492.94,24129.465,1016047.25,14067.156,174428.98,12568.287,23545.139,13764.248,38377.332,256836.94,591355.56,29649.338,9007.335,108552.805,38115.582,59632.492,3203801.2,12914.035,26506.084,378736.2,33419.363,15060.784,8265.741,367072.8,58480.69,3679571.5,13382.484,1460.8123,926.15955,20641.42,227739.33,127366.43,25793.512,95479.17,13916.684,14085.912,8885.546,56008.156,668755.06,27983.754,124722.34,13139.692,16941.238,21904.3,67757.35,15640.388,4758.1074,11406.874,15392.752,25081.549,10246.01,7061480.5,188492.02,80295.234,4860.2173,4722.279,10749.312,37464.027,12880.196,1108034.8,142441.2,16079.411,3855.6199,5026.851,195891.78,29803.023
asthma_226,asthma,9553.862,56009.812,38763.64,4435.564,732620.9,28195.926,2560.5764,75264.484,6124.9097,50401.35,17419.498,19952.756,6977.137,18552.947,44130.29,17897.545,3093.6667,22507.652,14768.393,14800.965,18375.248,969120.56,1192.2255,38780.98,11010.915,52106.887,20952.457,37885.38,549423.75,8321.137,22450.861,256832.3,10978.962,14081.814,13404.583,16301.407,56756.316,1870684.2,10711.752,43571.83,16129.067,22515.19,254792.28,238488.61,25352.178,105203.02,21987.94,35317.434,53625.22,56689.508,873014.4,30699.818,38724.88,630.64624,16274.797,11978.362,43.30028,26162.662,20743.13,8938.212,9136.848,26567.99,21539.799,7508.3877,970.52466,4400.3706,7828.481,56523.13,10524.374,68340.65,18797.775,24569.096,7920.999,13442.3125,11022.179,14622.687,6836.225,42990.12
asthma_227,asthma,209842.64,128107.83,44404.28,7232.5215,566855.75,46356.25,15586.779,34355.67,15298.527,56890.824,12386.95,96684.75,160452.55,43702.754,507718.22,16293.48,215953.4,18411.0,9639.415,15756.481,75763.92,1245591.5,198982.9,57198.31,3886.0828,56840.984,15627.177,45998.7,1725540.6,2920.9575,64336.41,440606.9,47353.0,50506.824,2203.5115,110777.9,81238.336,1366751.1,12323.436,1375.7887,9317.546,1157.7743,418702.25,216902.86,61022.676,115292.82,8519.668,22209.678,24914.33,16939.412,812639.1,3996.6265,82677.1,517.3365,17751.367,15322.65,94999.414,2375.9727,5999.6045,10844.027,5149.4814,10100.671,2753.9932,8223827.5,43504.02,246904.38,7922.9033,74138.03,5404.292,329817.22,16689.074,948613.94,16298.951,36387.617,66439.375,20503.957,51931.367,36496.156
asthma_228,asthma,385577.2,59292.69,79876.46,4523.788,598471.25,42460.215,388727.3,25446.844,10080.797,126620.38,41809.33,423681.0,23197.627,7219.874,480757.97,3143.663,114292.66,7645.959,8236.301,4467.3037,24191.447,178071.45,5497.2573,24950.068,5195.097,17945.045,8663.669,22006.799,5827135.5,15047.432,13617.313,255680.98,7437.3325,10855.99,5741.512,12196.544,33424.273,1061175.1,5314.7593,24743.93,43486.723,1628.5614,107365.29,132445.6,186562.52,64206.402,4549.5146,3678.2405,4882.535,8242.7295,365022.62,6598.0913,12915.156,1036.2218,47145.227,7188.0605,1780.0581,5814.32,2135.9192,6323.238,4132.968,7662.663,11262.512,1901479.2,9586.192,29165.443,18776.4,10168.352,3525.931,21077.3,7176.353,110585.89,150861.02,8085.1084,2582.2952,12983.28,62496.926,19221.932
asthma_229,asthma,505437.47,79326.46,69434.22,4390.371,555771.4,38380.477,86717.734,10568.774,13481.073,104394.87,18416.9,968948.7,226637.38,9920.414,1277222.0,4118.8467,136058.48,6689.3096,2215.3354,2458.8958,19437.287,590855.0,32807.543,23819.695,3013.6646,15211.378,7271.0137,25911.365,5770931.0,39522.55,100249.05,458375.5,17507.855,27094.807,1048.6395,71299.375,32246.969,428861.28,3588.1677,4704.946,12985.658,1447.9895,87137.8,119296.984,61688.62,44264.29,2645.9482,7496.823,2697.829,6222.0317,309221.12,1446.5751,14750.923,2073.0037,8668.752,6621.008,62274.883,1174.1318,2780.3367,5898.4775,2041.2065,434.18277,752.47064,5930426.0,3202.7302,744508.7,21942.082,37639.047,1065.8834,526060.25,11469.1,1209767.4,321940.2,22278.072,7958.682,1926.6509,33632.98,9345.172
asthma_230,asthma,219538.16,90265.914,223278.64,5007.799,656000.3,18358.713,9096.311,11401.022,289568.6,91916.18,23900.477,487829.38,126156.2,14867.829,1143987.4,7373.3403,95615.4,4302.61,4946.693,4417.7534,33248.395,92541.73,192757.48,26622.75,5165.844,24053.596,11802.722,29049.434,4389200.0,15993.06,80114.72,349944.75,22358.873,38833.46,1977.1798,202741.16,62941.105,1034201.44,4054.8545,3663.6028,7692.379,8766.006,137534.77,95290.59,24524.92,52210.7,5992.381,2965.363,2140.496,10989.732,764751.8,6545.114,28553.809,927.7113,12400.484,10591.358,64620.01,3297.8896,4611.606,6401.2715,2390.8772,719.07556,957.74207,4077924.2,40984.46,358149.2,14417.69,4013.3752,8404.777,344051.47,8432.954,441541.56,232101.58,5027.815,3324.9778,2054.0444,116695.266,11366.919
asthma_231,asthma,201217.14,223122.39,100764.92,10096.192,875838.06,56239.652,21022.975,43849.918,7996.8726,107058.76,34645.215,264334.62,49471.285,12306.897,526011.1,9996.007,128324.26,16680.863,18192.537,10991.493,31324.062,953189.94,116256.6,30070.945,4641.1597,47557.293,18640.67,25153.414,3891349.5,7681.2275,26885.51,333094.22,24328.65,21775.246,10265.044,18287.57,62901.62,1434025.5,5909.07,10930.003,16294.506,8376.927,237287.8,138116.27,177888.66,81689.41,9764.417,31033.107,39871.605,13926.2295,650462.1,9750.234,15852.302,1206.8638,35078.16,7901.343,25206.414,11445.922,3542.5286,9569.694,5643.9326,7584.54,15765.425,4122375.0,12665.407,44767.84,15877.434,38142.164,5159.462,58258.973,10058.86,497602.3,104396.164,9787.513,4469.4736,17263.55,59199.406,33100.516
asthma_232,asthma,487481.03,212482.72,29554.65,1252.1937,1415103.6,59251.766,50349.707,40303.195,33485.785,44768.992,10305.834,61852.92,160771.75,20673.553,168302.88,30605.336,241075.12,7134.4146,4358.479,7905.451,66910.484,1129701.2,219703.83,13843.187,2333.8445,110029.5,20466.582,13487.967,2163659.0,7128.048,15433.633,200185.84,41074.184,13168.121,1755.3374,19154.148,30599.354,984038.5,4544.336,1395.4255,35003.973,3038.097,88901.98,98174.37,319789.3,116708.06,11779.297,22611.744,9402.292,8729.062,496115.88,3297.9685,23267.068,1888.5538,33421.754,8069.023,76016.66,3105.3613,1762.5941,15197.108,2414.3557,1857.4006,2372.2385,8312891.0,11050.293,185295.95,5078.7056,30041.162,7009.5884,395072.66,5090.8164,1920344.5,20855.229,10227.771,27878.854,20660.19,158487.66,48948.848
asthma_233,asthma,33230.04,112650.62,29102.148,3355.6255,88400.7,13125.902,7681.2275,23665.244,4591.713,23009.062,14848.443,230977.64,40187.09,19549.934,386636.53,3439.81,71900.55,15512.568,5351.697,6540.951,48388.996,515585.28,256525.08,37629.535,5413.419,37037.65,12338.807,11268.486,544165.9,3181.3687,32540.49,310554.28,23884.8,23752.887,5116.0615,115929.22,59616.457,1151238.1,7336.294,3492.6187,645.72394,2212.026,247908.8,109649.984,2699.2913,42288.383,4782.0815,11549.528,9684.598,18947.006,611376.06,6377.3027,35538.37,4522.127,13545.101,12955.485,41841.8,4053.8564,2433.888,6014.2437,14951.927,12124.52,1988.6311,4645806.5,512465.6,177421.38,2396.8108,9959.616,2707.3352,76154.45,11357.762,353467.6,27011.65,14225.456,14943.801,3029.1602,200905.55,11286.524
asthma_234,asthma,483853.5,206031.33,120755.04,8075.1436,725441.7,8862.187,15677.156,40628.254,2593.4907,132882.72,42603.645,1146235.9,277343.12,55161.484,1617999.1,3797.422,167482.61,20003.705,31015.443,13195.893,56777.484,211677.33,1082249.5,36997.508,5927.4844,64091.758,29125.889,51229.848,6342336.0,84879.69,72277.43,472815.9,47062.297,43081.152,19013.875,26857.088,81741.85,5647207.5,18012.105,1634.3833,20554.06,31070.777,301076.44,201861.6,76625.29,122161.0,13804.135,10326.772,4568.706,66872.98,1132776.0,30747.14,149892.14,53068.484,27988.746,27165.625,104287.6,15421.347,13061.501,13376.372,13358.676,52267.297,31649.969,8309705.0,913933.7,191402.84,12059.36,3668.03,15369.808,14363.066,16167.246,1934564.5,513840.25,22363.586,5287.555,9807.006,269313.84,14409.786
asthma_235,asthma,472707.7,177261.55,191434.42,12139.007,725438.25,39070.098,164972.52,10537.381,49151.777,98485.89,23912.287,765047.25,57258.617,10615.873,1262768.1,5817.992,189550.72,5795.9805,7611.564,3750.7712,32967.406,289850.94,38595.684,29246.973,3843.9932,19700.248,8816.954,18403.152,5057100.5,27300.55,82217.28,349738.9,20989.238,31659.115,1901.4152,39178.3,52901.176,345888.22,5935.592,13903.947,23554.91,655.13416,98678.625,138829.25,60166.324,51789.766,3212.28,5487.1465,5376.4043,7134.3057,359666.88,1812.7424,19156.322,1004.2183,13701.628,6241.5757,15439.625,1538.4088,2899.6125,8282.804,2621.8503,904.002,6316.83,5132791.5,13779.734,508142.06,19571.816,25617.857,1175.8365,376527.8,11015.516,630530.06,269972.9,18124.234,4463.364,11254.898,68920.68,12152.247
asthma_236,asthma,15576.0205,31555.18,20483.025,1658.4165,49759.402,6713.1377,25439.516,20661.332,18773.338,17293.229,13516.877,226616.4,82491.78,15007.13,105992.664,5103.214,24889.488,9012.07,6449.59,10154.677,43382.707,209971.95,150120.89,28393.482,5718.955,91098.82,26863.953,10375.85,498022.0,2154.62,43505.555,365906.84,21935.24,12765.445,4737.3564,131807.25,58077.406,2232011.0,8842.454,1860.487,587.1024,994.3693,193257.22,93642.59,1863.1234,58664.473,11446.773,4069.494,4768.817,45938.9,656959.44,19055.664,29323.443,6761.069,14712.552,17922.826,51266.457,18455.865,2910.3044,10289.981,28783.01,24964.23,2677.898,3005585.2,921500.7,187369.7,2039.3892,4022.313,8183.4375,80763.09,11336.388,320741.03,38513.688,10212.078,6368.835,2241.1594,124821.586,11305.184
asthma_237,asthma,219661.1,121955.43,187045.84,5890.466,137075.67,37211.74,7316.162,7297.1084,978792.5,69911.5,16412.777,442879.7,130869.72,14271.374,1492357.0,16873.674,120460.24,4863.663,6072.619,3064.674,28725.42,132429.56,111891.27,32263.549,4651.7305,18611.057,9739.62,17862.52,2910838.8,23072.172,143453.83,473650.8,27140.686,77880.31,1756.0796,427073.22,76737.914,472216.56,4351.691,6041.0874,1756.5354,17454.254,141548.94,111490.02,10622.527,65264.562,3392.269,4032.1206,1986.7744,6715.4883,773575.4,1719.9949,34991.29,770.92334,12292.48,6639.341,26472.94,1269.3837,4718.258,9185.087,2476.7197,966.9046,7428.485,4276229.0,9371.574,632132.2,11033.959,9608.71,3674.0535,555470.44,8110.4805,657986.5,48260.457,10465.6875,2908.8875,15773.246,75433.35,13800.252
asthma_238,asthma,108030.336,300496.72,69338.0,11797.252,61823.906,45463.22,58193.227,9048.02,1543743.5,52581.426,23158.17,797730.3,266281.34,46640.77,1383347.4,66397.57,132751.88,7907.6304,10714.255,11340.692,48283.43,199565.02,463576.6,78412.29,5166.5635,79210.34,33270.09,33726.387,2279063.2,18233.531,260583.42,597513.2,45160.293,90012.32,3685.8237,833403.25,130577.75,899489.94,10963.58,2213.55,322.91214,20152.645,179698.95,183121.98,4172.6846,108808.5,8612.637,8281.231,6367.4927,17247.57,1049985.0,3350.2903,81726.03,2287.3235,19931.795,13025.251,93226.2,2869.0378,6752.478,18749.432,7880.0215,9832.077,5143.8994,7636380.5,131134.7,874702.0,6466.073,56455.14,1648.1469,581612.56,19157.254,935653.44,74778.54,49286.445,5963.9272,12657.57,154339.95,25354.04
asthma_239,asthma,33605.438,106205.76,23466.72,5613.8125,51709.07,28924.947,20716.697,16543.627,4814.013,22445.467,5754.226,133169.56,39908.32,48844.113,334048.25,15654.924,101023.18,18303.014,4408.017,5681.347,28367.525,604281.56,69868.58,66992.47,6701.494,26840.496,10271.675,11166.219,213294.02,8050.0513,155713.14,401736.8,34801.457,59101.535,3297.827,206577.69,86601.7,529440.44,8983.629,6693.8345,282.83624,2545.384,206777.36,153066.6,1325.3271,52893.86,5091.608,13967.412,13661.438,11853.814,869127.5,2238.7507,20967.53,2292.8887,11547.083,11855.623,43609.035,3041.9224,4731.806,6183.593,9363.694,10063.889,2455.9639,1417814.8,205257.05,315805.4,1965.1877,54582.76,1213.6676,221725.38,17181.555,320225.72,2026.7202,40264.66,19079.451,6278.171,88153.61,12205.574
asthma_240,asthma,168730.38,74501.7,69607.195,4905.138,264541.4,36903.91,22225.422,23480.11,2258.2979,40453.03,13826.535,226404.28,91638.9,35789.008,331839.28,4715.329,276123.03,13678.113,4789.5503,5318.04,30200.162,636951.56,77774.77,61528.63,4158.424,28046.195,11917.897,44010.97,1188059.9,3360.4563,88532.99,450149.75,34338.08,60797.465,3268.5862,90127.08,81709.74,229894.42,9144.058,1504.2787,3867.3962,864.856,230055.19,132014.06,13363.519,77271.37,4079.4478,8482.258,10841.297,9978.442,678109.7,1649.9706,46772.31,866.0984,11003.125,9773.203,76883.32,1450.8658,4960.462,10851.58,6796.0923,5355.21,1901.6338,3606049.0,955111.75,338946.22,7730.9136,105051.63,1577.8896,458046.0,15989.902,610207.0,28208.73,54563.816,22060.09,8427.478,44580.926,13106.05
asthma_241,asthma,366684.1,101504.5,94221.56,4094.5117,923718.8,14329.38,20432.861,30156.846,5759.009,129547.24,44582.63,652804.94,125208.11,24623.26,1191171.9,3010.9746,78811.21,12029.493,18905.363,7394.158,41549.605,219156.81,469621.62,28339.998,7194.8647,52378.574,20628.076,39097.605,5253730.5,22346.594,23725.4,379484.6,32133.348,20503.352,10049.501,13251.992,60312.305,3812991.8,8275.508,2676.6414,36937.61,9928.631,249730.5,131605.78,72030.74,73359.52,7086.6284,6136.1016,6413.0356,29819.684,700232.0,16729.281,32851.844,10601.697,26525.102,16836.459,69695.48,9297.067,3552.3354,9932.58,9149.771,30534.607,6493.8247,7885084.5,333602.88,112766.59,12313.214,4638.801,10987.835,28270.377,9814.978,856476.6,223596.14,9101.005,3619.714,7263.139,182075.05,16332.609
asthma_242,asthma,281897.16,168392.62,85743.81,6515.6885,908307.5,23082.34,20472.42,39340.5,6463.033,122778.38,40306.77,389656.34,52855.434,12882.235,769505.7,3437.7236,105984.17,10823.981,14635.02,5909.7915,30525.377,339828.84,215228.05,26340.068,4928.0947,34086.55,13643.223,28759.959,5403902.5,19042.53,16803.365,314610.22,20530.217,14945.839,9087.274,14513.1045,50217.684,2336211.2,5704.273,5457.795,30630.564,12725.161,190787.05,116802.04,79088.97,48644.777,6058.208,15163.23,8732.81,13474.929,491270.2,10384.294,17030.84,2279.7776,27597.543,10584.471,50174.984,6623.5723,2379.558,7987.443,6661.2563,9625.166,5837.3696,6596892.0,87216.03,46399.95,16554.707,9826.687,6493.044,30368.459,9988.878,341225.28,169260.28,7688.8286,3831.111,5797.0366,149531.48,18410.156
asthma_243,asthma,110043.56,121074.23,30623.76,10075.684,58470.598,29292.584,43155.297,25169.707,393713.72,37323.91,22437.098,696419.3,200033.17,28681.484,1025263.06,13713.708,131983.22,12033.165,13068.03,14764.364,45784.285,322544.38,573076.75,41932.96,6691.9004,90780.445,35351.81,35936.043,2713994.5,7122.414,80265.07,492638.75,35309.52,23145.43,6584.493,620369.3,75454.8,3746934.5,12379.131,1395.7665,396.33426,15944.142,215178.98,179621.86,8621.694,94674.72,12740.511,13318.107,8344.145,43368.89,789861.9,21131.262,125366.91,8243.075,18621.941,21764.615,80647.26,9453.061,3280.6943,13598.482,21634.896,20525.52,4403.239,7097310.5,441671.28,199897.78,3837.2812,8718.47,4797.1265,71953.914,16188.662,1129398.6,189370.75,23248.857,8481.206,4323.5513,222163.3,28203.754
asthma_244,asthma,222767.11,61119.77,116045.914,7262.7583,218175.64,14766.209,124824.445,11419.502,14894.753,36608.65,14619.771,267485.97,21178.271,7385.6577,1020963.1,3411.5002,109486.98,8141.5366,6591.1157,3189.8809,31218.22,455965.34,19940.219,20259.096,3861.2256,16553.365,7677.7627,15911.147,2739214.5,24143.967,21945.16,188880.7,14471.805,12976.806,1788.2837,60269.297,33239.516,98912.1,5438.8315,28108.908,3323.6682,1702.175,106162.414,118117.58,11373.198,30635.385,2931.2651,8349.208,4845.4326,7351.4097,315020.3,2331.0261,23092.094,649.3247,8123.766,7469.2734,3183.2236,1667.1791,2009.5929,5834.9146,3655.0051,1167.4281,1870.3292,3439925.0,4336.293,108603.13,5681.244,41670.76,862.1201,123096.7,10126.155,260679.86,51997.426,20297.545,9039.092,7587.1157,71073.84,11088.279
asthma_245,asthma,248798.64,186707.05,204489.0,9477.028,397210.56,19742.172,7325.5815,15909.539,48571.81,78334.93,22705.748,519209.03,94191.195,10590.327,1107102.1,8481.125,146195.78,6961.8477,7829.8774,4438.9756,45898.48,254775.28,301569.28,32538.783,3948.3801,28651.055,13671.879,26096.475,4408947.0,14623.384,67363.09,384572.4,29304.74,32478.791,2658.0813,93844.914,67286.88,380543.56,4690.6377,3809.784,6987.0933,13427.462,156110.0,112939.766,24897.537,46451.133,4390.8823,10514.141,5669.6216,10036.666,460033.94,3009.6995,43895.61,1944.2947,14121.194,7798.1206,68586.805,2825.2415,4521.001,9562.058,3092.6902,1538.378,2858.413,6342457.0,116356.43,314565.22,14367.136,15085.928,3645.4365,294803.75,9784.153,509570.75,177499.22,12017.51,4309.7734,7935.647,81857.78,13931.836
asthma_246,asthma,425414.72,171034.66,130306.055,16721.258,1150398.5,55695.117,38301.35,25029.527,10228.981,111251.05,24223.146,629745.8,75971.8,23790.521,764458.0,19337.035,269480.56,11110.87,16115.274,4515.4585,31591.795,798191.5,47712.8,38717.31,3673.9587,32533.012,10463.91,21805.71,4693953.0,21743.516,99186.61,433185.56,35853.164,46505.035,3762.9668,19110.264,64605.348,754432.9,8471.148,3415.1177,31349.197,4760.536,111260.27,125710.875,186662.0,95825.36,4810.162,15336.715,17454.354,7747.463,696859.1,1958.307,13961.525,2439.095,21522.428,6910.7466,44114.68,2244.8596,4646.923,9953.453,2802.6777,615.6947,8279.376,5521595.0,3936.2144,608239.7,21170.154,40349.54,1858.5823,272933.7,13030.32,1492786.9,346500.66,16804.406,2999.1863,15991.366,59292.918,20196.014
asthma_247,asthma,73103.14,15348.553,20613.799,2377.206,75478.836,19768.154,33515.723,20285.332,7223.931,19594.678,6288.179,100341.734,23427.9,28221.484,44590.664,2511.1113,143847.83,12520.717,2534.7795,7368.8477,16774.463,488907.1,3068.2869,59774.61,9767.277,32161.064,11812.271,20633.035,186087.19,1236.2831,68095.25,309853.16,25570.502,26444.803,2024.6058,100576.84,78860.68,668721.9,8806.112,7209.8613,1789.7526,219.47765,353100.0,148080.98,2115.2473,77632.64,6790.1445,3529.0066,8715.568,19443.629,781537.2,4101.0513,129613.11,900.15656,6085.532,12262.141,16528.297,2731.3052,10856.881,8593.346,23046.154,26188.15,1422.1836,73718.95,278545.47,49123.332,3563.2197,58243.695,1233.5115,112096.234,17204.215,75239.3,4026.0327,45470.59,53340.504,5395.7007,27086.307,10970.714
asthma_248,asthma,52150.387,259631.38,90863.42,8647.958,546526.0,20807.844,4134.51,23428.414,3861.502,44847.58,21167.064,157676.86,12085.589,34468.633,499370.78,9440.194,57559.305,12404.66,7881.194,6245.691,37991.176,631512.75,115005.43,48826.555,4504.4756,33776.99,11328.012,17059.533,1348224.4,7405.2036,90191.57,315290.53,32282.879,41835.336,3750.9287,46086.83,73389.82,378280.28,5901.697,13791.831,5354.786,5079.849,174253.58,142236.9,18144.643,50460.414,6129.392,24138.809,13860.004,13512.753,659914.5,3195.3447,22964.252,1122.8741,15635.078,9162.618,41234.516,2985.3872,3984.1565,6709.9243,7731.3633,3341.2004,3106.834,1793173.4,492184.66,298389.47,6768.973,40667.41,2386.2205,317773.1,14255.417,417059.12,98601.39,17875.676,12962.79,8679.954,75974.91,15017.295
asthma_249,asthma,29457.172,35492.137,38582.656,2065.7495,72667.24,6812.473,4825.383,12808.679,78136.016,26575.414,15377.857,419141.3,109948.836,8764.952,348068.22,5321.5264,25537.941,5057.551,4689.595,5269.7964,37467.6,150563.78,113052.59,20798.102,5441.2183,52983.324,23465.2,23750.803,1588149.9,6480.0825,34911.39,308417.7,12578.828,14194.217,2440.6594,214432.9,57131.633,1326397.1,4762.3755,1432.1732,643.697,3929.7988,230867.52,68023.72,2546.4019,40293.895,6829.206,3025.1519,2846.2236,22372.674,471083.06,7025.03,62474.1,2734.0464,15725.885,13711.054,33253.215,3721.2268,2557.2026,10198.879,14858.955,8650.878,1259.9153,4079986.0,26034.576,193541.25,3403.3123,4816.797,5453.793,125500.88,8252.602,187540.44,19006.422,8945.479,5760.9536,2213.0137,160336.14,14575.624
asthma_250,asthma,252758.36,79884.08,93906.77,5817.387,446087.72,14938.428,9219.616,25531.537,8930.193,64629.01,28640.072,388763.66,63626.47,19166.482,588580.7,2961.3896,141390.27,13313.84,13519.997,13300.476,31350.004,707263.56,296951.62,28349.352,5795.411,62876.133,21588.396,20059.719,3031747.8,12020.799,23975.336,382390.2,37395.848,21858.244,8736.092,19338.807,73480.09,2500656.5,8827.472,3572.8215,12745.227,988.9279,199634.67,147161.25,35847.215,87577.016,7621.335,16303.476,21696.47,27516.988,591273.8,19802.496,41417.31,2609.417,12863.059,10836.935,61380.82,8897.274,5253.059,10269.716,10743.091,27184.258,14632.801,7545665.5,317664.62,81726.58,8517.873,8540.121,6786.182,48383.918,13345.14,856501.1,194011.02,13413.688,10810.054,9576.177,143329.66,15917.34
asthma_251,asthma,377695.6,104568.25,160288.6,6956.909,709869.9,11343.872,8462.177,48069.324,2487.6855,121310.24,41743.39,686716.44,213322.48,31711.695,1185263.5,3634.5474,93681.27,11683.576,15450.112,13149.923,39500.883,327917.53,842467.56,33196.812,9621.907,110505.77,45664.848,44958.62,4723519.0,19947.617,35996.035,405238.8,38895.434,19277.613,12190.031,15666.409,68564.56,4371938.0,7568.8003,1348.2769,22852.717,15039.756,311088.44,151867.3,47288.285,102697.586,14224.967,8096.1357,7571.934,46273.52,748596.75,30067.934,28288.691,16214.699,26874.46,21148.42,101153.81,17408.752,8294.29,15181.984,21694.299,39710.176,3372.8435,8154850.0,325499.44,53042.273,12791.148,6216.248,12145.526,28174.664,13944.358,1376496.4,423038.66,11229.529,6829.3823,3098.7236,191888.28,16999.455
asthma_252,asthma,199393.98,192147.77,85440.65,6280.375,460069.03,24634.84,9162.652,24111.613,12896.422,82785.27,24636.13,299805.12,32742.838,9262.283,854985.6,3564.42,122639.36,12485.693,11034.685,4596.976,35875.637,525056.8,100435.66,28388.283,4421.822,31716.838,11600.443,26265.715,4877054.0,13969.477,18900.963,316228.25,16208.066,14410.13,5425.1943,31453.744,45201.79,923480.1,6304.5205,10521.304,8738.6,4080.1208,180706.72,99289.766,57489.85,33523.906,4563.989,17157.99,11103.666,12448.892,397491.34,5596.762,24106.785,2403.62,19874.414,9177.565,24945.357,3093.2004,2646.3623,7545.1655,4110.2236,3127.4595,5921.844,5907181.5,11474.318,44261.04,10480.96,16439.645,2550.2942,42610.918,8848.655,584937.25,58877.85,14693.229,5447.845,7352.735,106780.484,17493.184
asthma_253,asthma,363023.3,78156.88,127989.734,7758.104,1118220.4,11349.456,30027.785,51595.625,7194.378,129257.73,37690.38,672968.7,200508.56,32138.375,1258820.8,2642.3523,210572.95,15472.335,24660.414,8939.917,27319.695,660819.5,849350.44,27765.977,9910.295,130510.516,33375.312,48052.73,5624751.0,32055.021,35414.473,442783.4,45716.133,26429.523,13972.715,42441.875,73584.164,4552478.0,11567.057,1554.6837,16984.756,25467.82,289709.72,154811.1,45558.402,104264.53,14290.292,31818.15,13083.819,36786.97,800303.6,21382.994,33325.79,6662.6733,9798.665,19988.506,103124.71,14587.361,19410.797,22257.006,6741.615,33596.465,20850.912,8305062.0,1817043.1,51492.395,15765.38,4955.8457,13514.957,19127.332,14201.813,1449705.2,55660.707,10665.906,6039.4224,6970.5786,107086.02,16497.414
asthma_254,asthma,224377.31,235346.47,193534.42,14749.812,811857.56,31288.893,9375.204,26514.857,26458.553,78738.26,27533.686,528318.7,52533.258,23283.627,1025286.56,8782.668,185218.56,15396.73,17835.709,6639.398,51459.848,680719.0,338811.12,38365.22,3797.777,42876.332,12859.28,28754.447,4497655.5,11661.021,49703.434,406946.34,37345.668,39249.473,5427.363,59184.164,79583.19,363915.22,10660.313,4038.152,9545.637,10280.711,158162.11,137526.11,59314.355,53778.66,4481.931,33144.266,23358.783,11489.65,471258.75,2700.547,32920.973,4474.3574,19108.295,9605.448,69689.695,2274.3755,4157.8247,10119.281,5827.6675,1889.8535,11036.043,7222523.5,109844.766,330422.94,14657.929,62166.113,2038.012,251285.03,14814.664,1183108.8,247025.67,34199.734,7976.9746,11031.317,91970.72,20497.018
asthma_255,asthma,91269.875,128335.27,38671.402,3512.3447,76241.51,21592.639,20840.494,8527.351,449820.16,32821.0,10931.797,612187.6,193340.17,18564.523,1144492.6,8528.953,100007.836,6281.303,3822.6929,4996.1,50565.816,156477.27,152726.27,38081.72,5412.7373,25691.723,14182.269,18029.291,1938812.5,13132.075,174179.97,483505.72,21960.15,55716.844,1835.5474,501923.25,78254.14,728215.0,4749.682,2153.5288,373.9421,4770.6914,202048.61,122002.08,2319.7346,53533.242,4369.3896,3284.3674,2989.8333,11941.678,756134.9,3326.5261,56773.914,2566.9385,9625.221,10659.784,51515.434,1971.4869,2746.7224,8564.846,4590.39,4070.0608,1249.2308,5817502.0,14317.222,626118.6,4055.0786,13018.941,2316.626,467097.56,12860.998,414254.6,17461.264,19084.328,5953.072,3656.7595,171214.83,12038.571
asthma_256,asthma,178740.62,71919.68,59902.727,1669.6293,732392.44,20276.03,56004.523,35593.457,8912.656,103246.15,37945.695,294279.6,78571.28,15326.874,448528.66,4576.295,30455.732,21977.477,22671.516,11224.904,29745.92,506942.16,130569.16,28262.074,7751.839,38489.676,19569.39,24160.182,4080772.0,27697.688,17709.598,471963.97,24057.564,24394.635,16359.596,9859.225,68439.13,3401321.0,8544.293,9131.089,34029.902,3983.081,153870.55,166649.8,160855.64,110391.586,6824.466,11415.875,14547.765,36039.797,670643.6,15542.112,37080.625,6101.7314,24890.627,10960.088,2919.1523,12447.241,3697.8718,9255.113,5256.4526,40772.535,34925.844,6097044.5,10899.834,60932.598,7915.682,10053.787,9947.218,16790.453,11028.361,355585.12,36825.58,14622.407,3631.3728,24954.852,48286.1,27499.098
asthma_257,asthma,296353.0,302542.34,192417.33,14247.574,358129.72,25844.533,12848.075,19348.344,64523.7,86406.43,30963.574,829926.1,172262.88,18090.973,1065978.9,10244.524,245769.22,10343.214,16876.473,8052.547,69056.414,681776.0,305308.62,49600.586,3970.4978,60830.812,19358.402,48726.867,4819370.0,19773.3,86644.58,537489.75,40234.105,43791.035,5440.035,85081.734,94144.31,688542.75,9276.234,2125.6484,3562.0881,1843.1979,281196.62,176413.6,18636.67,78002.22,5395.0728,17075.63,23104.695,15910.98,587166.75,3616.6628,55310.35,2625.545,16687.053,10347.871,81656.61,2288.6956,4501.49,16427.326,5462.3833,5996.7896,7562.6377,7961189.0,54694.793,354678.47,13617.716,57766.902,1417.6068,150902.45,17319.557,1098104.2,354148.84,47098.668,18169.56,9084.233,100760.02,19985.283
asthma_258,asthma,3113.3762,1673.1213,34334.414,1042.4963,435941.12,29865.535,4130.0557,64074.156,742.95276,27527.777,5658.7026,4085.2383,2681.3506,6559.582,3319.2607,2181.5623,2251.3877,11278.217,3448.02,5315.3623,4246.156,308124.3,243.19283,17296.363,12750.807,20620.68,12542.314,39873.355,218787.81,847.1154,9070.269,42514.793,1259.7902,5601.2,4348.7407,6998.3384,25341.928,404908.53,11344.879,19563.81,35370.895,4338.155,124717.35,168124.81,55264.797,73689.01,12931.29,18139.02,6258.1,13494.438,300261.25,9431.123,40106.84,105.0438,13782.416,8660.628,23.464321,4260.7095,16376.236,9081.573,32416.592,7777.3594,5815.8228,1035.8342,2228.2048,1307.2504,4181.024,113248.99,1471.8728,93555.56,10844.338,1193.5155,87.542854,36359.797,5902.479,13257.188,1365.9313,38463.363
asthma_259,asthma,337154.7,169182.98,53639.234,3427.9453,645388.5,18374.547,72869.055,39736.086,6993.8477,123040.13,42149.188,679803.56,209563.86,47895.344,1441468.0,4048.3381,140392.34,25901.36,29983.945,8287.363,52175.46,348515.62,938492.6,27949.64,5837.0356,48209.902,18974.564,30474.152,5822664.0,132291.97,37770.98,500088.03,39855.184,42336.04,20639.195,24932.062,74057.9,4369070.0,11997.892,2197.573,22947.219,22251.934,258339.86,173538.47,152515.8,117791.47,8840.92,20707.492,9713.737,55461.79,1092003.2,24526.533,83097.086,34773.85,23311.936,15006.2705,88096.71,8467.223,4910.0815,10770.7295,7021.3384,51377.023,47901.51,8264593.0,276899.9,71212.19,11576.779,4733.788,13747.363,11882.792,12523.989,1260368.0,121613.85,22181.502,3631.449,21846.615,133752.38,20602.104
asthma_260,asthma,428298.88,347607.44,112957.43,13980.3125,945858.75,34902.3,3644.3967,28846.463,9529.591,78085.21,33815.277,462936.0,158845.22,17967.53,1004410.1,6985.2676,219867.11,16612.023,9672.478,18320.67,66975.09,1151167.8,497818.75,40333.035,4387.5747,77177.98,22443.625,39206.934,4572188.0,24754.717,52281.355,482681.47,48917.395,42391.023,5158.65,31037.281,88922.836,1316822.0,8261.635,2472.9148,16603.771,1572.0492,326796.16,197823.4,40218.76,114367.67,11082.01,28611.79,34375.27,38576.33,811264.7,19278.754,47784.52,1672.0065,16310.038,8450.079,102005.234,5654.7744,8330.904,14763.083,8566.08,19209.873,10184.356,8200113.5,64274.53,108750.92,16556.885,32148.246,7662.4946,131892.75,19057.39,1537258.8,415149.2,21868.441,26640.885,16089.121,129941.336,24917.182
asthma_261,asthma,108645.19,57210.254,43750.668,6491.31,123538.43,9520.696,5027.964,36095.523,9983.316,56057.8,22326.719,662250.94,144947.72,25263.861,519562.7,6123.21,75118.484,12766.029,15395.365,9866.619,53729.906,552055.1,666820.3,36739.39,5628.4443,100566.1,36272.344,39444.754,2855643.5,14180.375,47119.29,346703.94,26334.14,14853.075,7258.091,161411.02,61167.35,3280665.8,9103.202,1330.8707,1081.6147,13562.876,301409.4,143713.6,8948.063,80172.96,11437.661,20152.414,9939.849,35293.664,672329.1,20014.83,43890.88,12553.145,17183.57,18833.828,91384.664,10926.063,4410.8643,15203.589,21033.725,17776.695,3375.8533,7683711.0,40692.16,80498.95,4802.515,5648.478,9228.52,33378.176,14507.293,1076356.8,121026.664,16718.674,8096.1743,2238.2222,218985.08,20318.559
asthma_262,asthma,385340.44,257519.52,78529.78,10422.088,451629.8,47439.02,19796.812,21905.47,2590.7024,77412.47,24741.76,890670.44,132776.44,42209.49,1214459.4,14960.385,248101.56,13461.274,5098.631,3854.9248,49652.695,895346.75,172067.98,54765.832,3441.579,25632.764,10282.104,37564.85,3494169.2,32479.906,181903.75,518477.2,41067.055,72017.0,3194.6711,112984.15,74215.99,344388.28,8581.216,2108.7698,9284.803,4413.895,178334.03,146260.9,148641.0,84275.14,3825.8484,15941.952,8281.967,7440.9727,751138.4,1554.841,23764.783,3890.3557,27128.342,11011.66,92148.51,1222.8285,5180.8057,8742.018,2893.3235,865.8429,5328.1953,7567494.0,25026.521,1052783.5,17433.957,66007.32,2401.9443,475503.28,15198.761,1592007.6,126860.31,35166.793,7698.1333,13441.453,109865.4,16486.984
asthma_263,asthma,18588.688,80095.01,23951.637,1291.467,137555.62,8114.3027,6264.347,41827.914,3199.5022,26543.549,20893.393,110310.766,19472.746,21469.656,111129.836,3917.7505,5887.702,23063.746,10325.905,13135.583,23098.02,363096.03,45988.87,27525.65,9762.248,37123.938,16837.615,13438.223,348273.1,4882.4653,15074.4795,337571.03,19812.32,12840.224,11713.434,24503.574,54258.695,3723229.0,12793.32,21120.201,7091.138,1671.7712,248536.11,153688.11,7098.846,91526.75,12391.522,4635.9165,10661.655,70525.375,901669.7,28943.354,62360.227,10596.319,13155.492,17054.393,2070.3914,16997.688,4746.874,4570.8984,19266.787,46510.18,8945.495,913045.1,17117.062,47867.305,2796.488,6143.3813,10310.69,20536.738,16750.818,110452.25,9203.257,15325.427,12043.935,6165.483,35322.152,15383.183
asthma_264,asthma,616581.44,155444.44,201028.2,9236.33,844222.5,49600.3,315473.7,27827.266,20697.521,147496.64,47848.547,913392.6,86674.91,16889.5,1739664.8,13776.726,229810.25,14508.275,32528.576,7359.681,53291.793,571956.4,303622.22,35567.938,7168.4653,52594.01,14706.463,70310.61,6739943.5,57423.33,40956.055,485338.38,30385.871,36327.25,9737.038,38524.195,78192.59,1682496.2,5343.031,21398.723,25227.89,2357.4243,153196.56,133595.44,182964.0,93961.16,6688.3076,3970.5662,8657.672,15962.75,757305.44,10838.94,25827.234,3086.1,33371.715,9723.081,27890.82,14960.899,6116.7188,8934.095,2367.601,19140.342,10191.499,6503864.5,31543.115,95460.96,17566.06,8046.4585,9287.415,36169.543,9443.923,836540.6,408549.22,6751.164,3191.0435,16375.611,65090.58,25004.07
asthma_265,asthma,77492.24,72286.33,32398.418,3798.3894,86352.96,22191.723,7170.7837,19447.986,407939.12,47406.773,25500.486,427838.38,185565.81,22138.705,806096.75,6310.874,124125.13,12658.415,12472.887,10235.09,42364.797,128069.23,692118.25,32931.145,7255.108,52952.004,23541.996,37535.95,3161246.8,11230.708,21991.777,350780.1,26947.633,14898.745,6679.6885,433044.72,49909.727,4246396.0,12491.887,1334.4943,676.6064,25865.295,303504.1,118276.97,9447.021,71845.77,15596.847,6645.252,5436.3003,57808.953,760511.7,28783.695,113002.47,18488.809,25552.828,20281.521,59376.44,13050.954,3082.243,5914.2466,11206.099,20364.848,4002.33,6311407.0,31642.545,48086.93,3594.8176,4048.149,10926.563,35366.477,9139.95,850346.56,42703.1,13256.24,3821.5298,2308.7024,210378.25,23859.346
asthma_266,asthma,149978.08,21774.912,51015.52,2268.0447,223831.89,6014.519,77580.086,18435.352,4954.0215,30248.416,21997.377,181432.84,4225.791,6485.5054,418370.53,2079.4338,30531.055,8094.0435,6048.208,3895.9001,16993.02,429066.66,3153.807,13242.655,5051.712,19371.848,8645.483,12419.315,2488552.0,6280.201,10729.431,230914.86,7727.6772,8587.438,2823.3567,9014.641,24932.775,370684.97,6047.6885,23487.14,21633.617,494.11124,91173.05,107798.26,18696.701,44075.863,3289.152,3944.1338,4581.283,8861.451,321473.53,3053.2756,20972.629,868.312,12351.617,8615.98,274.9254,2251.9517,1674.6683,7296.969,8917.783,8758.701,2642.075,1711834.9,6920.1064,63461.996,3592.5278,20266.594,1455.9028,60102.035,8497.505,184729.22,42987.37,16421.467,7885.5024,7496.552,72310.32,11834.915
asthma_267,asthma,239945.72,383856.44,89199.9,9151.352,747158.2,32100.758,7810.782,15453.178,4442.5254,83094.07,23123.08,450426.72,67163.21,23105.201,865162.94,4270.9927,161427.02,9907.696,5476.6416,4334.5063,46207.504,618460.06,132326.92,43248.203,3472.44,29151.26,10186.241,26328.992,4058401.5,10491.862,91411.08,392117.44,27231.174,38699.516,2211.2988,26345.193,64823.086,270437.28,7231.9424,4154.094,12288.425,2067.8723,152418.22,131209.52,92607.59,48930.367,4192.814,16836.234,14511.79,8640.299,402622.4,1949.457,25171.965,3999.3267,20900.766,8176.5405,79846.914,1406.6832,4045.6243,7493.992,3267.2488,901.7418,2901.6326,6596030.0,81587.18,518156.4,12761.599,56256.066,1208.8883,318710.0,11296.723,933740.5,218186.88,33999.7,9389.092,7501.9663,73749.055,12585.104
asthma_268,asthma,60972.53,82862.05,18294.828,5212.6094,78863.01,22021.37,5790.339,37329.465,5349.135,22252.654,9708.115,92578.89,8564.2,32302.896,203772.98,6714.0664,79030.61,23886.896,5627.011,11634.6045,35151.637,910877.8,28418.352,45328.88,7708.0815,40078.24,11646.761,14169.4375,204736.62,2727.268,35925.18,362394.47,34886.758,30596.932,5108.245,209924.9,84708.25,1616265.6,10301.038,15952.964,665.2758,6258.405,353662.47,170149.3,3663.4597,82193.13,10121.212,25198.578,18916.924,37594.383,792690.2,13121.872,66889.18,1846.4977,8327.369,13505.306,25785.271,7820.593,5740.685,4731.978,20604.01,21602.422,3044.5178,1675165.0,31514.7,48083.4,3273.1511,18662.852,6352.0786,52942.156,19149.709,447141.88,4653.954,15959.918,17877.074,6187.829,77315.664,15768.026
asthma_269,asthma,78666.13,188099.11,69482.71,6185.811,256579.16,13601.828,6328.101,14325.267,4517.63,42190.29,14380.351,313933.16,73126.43,36825.02,769528.44,5501.627,129521.42,9892.862,4069.4395,3823.043,49103.332,521226.25,195497.44,49325.9,3996.5579,27342.451,10665.052,17491.115,1553505.8,11809.984,146805.08,397731.0,30831.121,52766.49,1923.9733,123609.49,76832.23,463862.75,5162.2827,2452.4412,2073.796,3061.9592,215409.36,104846.95,7230.8525,46451.312,4206.005,12841.767,6629.2227,8781.939,564268.94,1745.8651,25006.719,1938.6335,11146.598,9200.992,71696.49,1488.8466,3675.5994,7504.6646,5182.5405,1089.0865,1086.7639,5290777.0,209166.12,664864.5,6102.5405,28508.123,2090.5793,414933.88,14769.66,486007.66,136256.12,22061.541,11452.004,2419.8787,110784.98,10128.097
asthma_270,asthma,283546.2,76581.46,221254.11,8356.657,217811.4,15802.096,16650.664,18770.365,174917.73,99253.13,34663.33,714043.56,264371.2,21780.043,1110104.6,11154.967,162386.03,6522.8833,13410.772,9504.103,42460.58,99282.195,939426.56,30113.562,10078.355,146106.16,53976.43,86310.4,5839591.5,30713.846,52738.617,435715.84,32896.3,17428.621,7822.95,173993.69,70881.74,2528428.0,9802.723,1223.6661,5703.0596,22698.062,252158.14,124368.27,26628.465,112831.35,21697.92,5424.599,3961.1726,44536.69,818021.4,24703.516,47084.207,10343.105,16857.283,22824.184,101003.05,18151.254,7483.728,23266.002,12403.974,14075.987,4000.5552,8015025.5,261066.22,76228.86,13701.668,4427.921,13626.707,134769.67,10335.305,1541557.4,296096.47,11070.632,2737.668,2734.2566,186671.62,23987.71
asthma_271,asthma,219059.86,61661.508,159469.36,7446.617,741814.75,37369.36,4731.743,34863.777,5460.7524,65181.645,13107.725,84983.77,116243.3,17811.705,220370.3,6198.119,334836.7,12071.247,12690.945,9155.175,40458.625,982296.4,323301.97,35206.457,3290.5864,72702.6,15894.706,56043.742,2655608.8,8463.687,33079.656,338256.78,37073.945,36705.207,4408.799,56855.676,67737.516,541484.8,10204.114,1363.0293,16179.694,2103.31,259168.27,154844.03,58121.51,101051.51,7017.5425,28981.277,36587.777,16624.672,563927.3,4596.3447,146163.02,667.74133,15868.456,8415.108,89603.44,2345.8179,6355.697,13410.938,7364.2734,8603.425,12032.028,7815534.0,223528.33,126556.64,15653.296,52744.754,4467.2188,143702.9,15100.236,261160.61,51347.926,33523.17,18847.717,19492.627,35353.223,22077.854
asthma_272,asthma,145471.31,306596.25,94845.52,10774.911,683876.75,39209.625,3245.5374,29456.133,9787.019,70575.5,15986.41,186379.7,63435.07,15135.085,379388.34,4383.843,203630.0,14707.754,8927.596,7277.9727,36723.38,841056.3,220238.56,33431.668,3853.2925,39415.42,11944.127,32399.684,2971243.5,8259.208,42949.26,368628.66,31115.82,31251.047,4618.328,36674.414,70376.22,284690.72,8612.366,4162.9126,4914.997,7628.9497,210734.47,115191.6,76403.17,63592.133,4560.2417,36576.996,31615.365,12534.564,420181.88,3275.6218,40453.957,1854.8025,19940.693,8077.9478,70258.93,2325.0312,4387.939,10229.889,7722.689,1423.6732,11045.109,6332635.5,72066.4,202530.72,11001.604,74535.04,1515.9734,119615.74,13492.109,738059.94,67285.79,36795.633,9844.069,13733.538,58496.758,21893.273
asthma_273,asthma,55827.055,23037.299,41984.66,2129.5288,84862.94,6230.4526,18687.807,26030.852,25439.418,31087.346,18493.766,392128.28,44701.84,13236.014,309559.56,2556.5073,39611.188,9469.908,10715.369,8395.804,38995.72,207970.1,145075.77,29013.607,5574.2847,66375.914,20158.047,17446.082,1682218.6,4087.4446,23309.756,350127.7,17537.62,12232.133,5875.153,102900.82,56289.285,2385401.2,8248.305,2043.0273,2026.3577,1213.2953,201579.38,100834.91,6341.9746,49650.184,7226.757,5155.246,5602.3223,38917.33,552999.4,16632.998,48786.105,9189.565,16820.346,15721.341,31104.932,7358.3896,3137.7366,9250.268,20447.697,25613.8,6414.0938,5023381.5,361313.62,96506.96,3287.433,4936.907,5459.581,34410.234,9989.012,284126.0,41839.684,13022.94,11820.6,4585.48,124147.03,13337.072
asthma_274,asthma,344466.47,156614.02,94309.484,13079.515,782649.3,37228.457,105629.99,26888.87,26928.004,103357.766,38541.21,546984.9,152840.64,22688.432,1217056.6,5863.6533,220563.52,18676.74,30525.174,18916.22,34103.133,830390.9,814109.9,41907.375,4552.449,104553.69,32916.51,21794.172,4323023.0,27300.525,57000.145,485318.47,50080.95,39066.145,12639.74,64222.88,102661.16,3421612.8,12271.407,5067.3677,13394.423,5677.636,243630.67,203016.3,63519.883,110374.22,15788.508,33186.492,45949.766,42019.03,902785.7,28718.135,43964.78,4549.38,18228.436,17169.236,101005.94,14463.457,11133.465,17642.15,3555.7021,37569.258,25917.842,8303233.0,3009408.5,80372.16,13304.308,6281.675,10160.044,26172.67,14734.894,1563112.0,91774.63,11482.091,11361.587,17987.574,146938.0,18979.307
asthma_275,asthma,185846.34,134999.8,124307.56,8546.143,648298.94,13623.692,4739.6255,18123.37,6997.945,49881.035,22166.996,329951.56,14257.605,12203.944,523712.1,5198.0566,103421.76,8312.229,5458.8936,4976.0815,42390.78,654765.9,55135.027,28554.734,4428.922,30487.902,11483.569,26204.064,3422010.8,12602.063,28516.852,290065.53,23881.133,19476.404,3116.3684,19210.111,51239.57,304221.03,6137.1143,4702.384,13658.65,1581.7522,190752.3,118989.516,41251.508,57971.434,4232.12,10470.489,10725.399,10281.133,389594.28,2452.2095,28594.604,1696.808,19926.854,7886.9766,28229.479,2174.276,3552.0374,8494.71,7388.131,2724.5674,3492.3354,4024926.0,15076.622,121795.15,8632.301,42254.92,1712.594,142905.6,9823.903,589218.1,83245.09,23031.916,11352.856,7494.5786,79577.65,15027.568
asthma_276,asthma,214480.56,128089.625,36836.152,3092.7698,209599.64,9260.853,12430.004,31017.01,16991.14,43434.086,27230.783,534797.75,59077.582,27679.309,1279997.4,5118.2827,59234.31,22680.469,23256.885,12970.47,53439.742,462566.62,478325.44,27681.656,7297.7837,40922.28,14313.235,34215.23,2737156.8,20641.045,16759.0,420634.94,32033.965,21182.17,10809.404,114206.69,59078.37,3084425.8,14113.627,6133.5854,3193.3,6545.9565,247578.73,139083.81,29605.514,90763.305,11388.373,10186.533,10764.25,66488.69,864871.75,28317.6,77497.71,23766.166,23519.285,17535.596,47781.51,9611.057,3477.681,4458.2407,7250.39,36865.08,16390.658,7582903.0,18173.98,132895.27,3668.786,3671.142,13591.26,21378.691,11164.578,1313178.9,68220.18,11048.47,11309.67,12758.689,204169.03,21520.416
asthma_277,asthma,46502.55,117898.91,39843.324,6954.05,58737.473,20061.078,30460.584,17814.781,184839.36,33575.07,13723.011,521062.22,168368.38,25942.992,515245.62,10096.279,106402.84,8582.641,7899.753,7641.0674,50487.32,209386.86,301967.88,48116.383,5911.0376,52755.016,23790.975,24548.484,1247485.2,6474.133,128263.08,429200.06,26812.506,34023.055,4587.7334,609202.8,79471.24,737487.94,8032.089,1576.8308,312.30856,13104.875,174553.12,135271.08,2232.5405,54392.883,6950.7144,10857.574,7962.6763,21737.543,617238.6,7039.8267,64004.47,4012.6362,12436.467,15418.272,69966.86,4604.0854,3832.533,12316.174,11602.546,6561.2964,2111.3386,4778332.5,681540.7,334746.34,3479.088,18365.578,2058.4321,168995.77,14843.431,371509.22,55284.14,25552.975,8132.782,2921.4062,163995.25,15521.301
asthma_278,asthma,106097.336,32537.17,153544.39,2282.8018,80352.914,20810.127,59716.605,5915.3467,4362937.0,90282.96,26615.516,503843.53,202301.77,6760.753,1500498.6,10460.787,54257.605,2706.3242,5608.2036,5353.79,60070.58,38252.98,185307.08,23437.062,4480.8115,35646.926,15666.724,73573.29,4602878.5,48874.074,74635.19,370333.75,14594.82,37416.86,1256.5396,702204.1,79628.664,451715.1,3444.0718,3366.1545,685.41064,2140.6177,82779.91,57573.965,4832.361,52978.473,8219.075,1192.2255,1570.1444,15489.255,624242.94,12054.703,172019.58,896.9875,9399.315,9661.772,41212.773,4007.606,2793.483,8285.309,2456.9785,5097.838,2618.4219,2536647.0,1595.6749,170288.9,7524.848,2758.9382,9122.088,292548.62,5670.4653,187980.58,59931.414,5100.426,2176.6162,4358.9243,98797.46,16033.287
asthma_279,asthma,247012.95,294429.5,166744.08,15785.571,403505.75,31977.008,15253.479,24437.016,35461.92,56534.125,29006.357,336404.1,82488.87,30581.848,785720.75,10762.073,184045.7,16459.506,18417.604,12032.568,46840.473,713587.44,237882.11,66556.63,5353.8257,57203.652,13238.917,31507.576,2930235.0,14139.766,122676.8,474675.5,44020.33,60683.926,7947.8574,97241.34,98007.945,310344.97,12780.7705,5772.5435,8253.247,1749.6533,205459.16,198858.08,22516.627,87240.734,6765.436,20822.97,44173.367,19108.277,734467.75,3834.9575,47179.543,1500.445,17120.035,10021.553,66955.555,3321.386,6665.5786,13428.46,7846.19,8715.718,16241.66,6026494.5,295054.9,283928.8,13831.243,91841.35,2041.5961,365701.38,19635.553,922933.4,114918.71,47732.14,33998.758,18058.322,66533.85,23285.36
asthma_280,asthma,291185.0,179284.53,229784.83,9839.207,479896.78,12554.246,26012.438,23449.629,28144.96,89254.44,35573.57,738152.9,61908.81,14348.539,718134.2,6276.9194,135109.28,9537.138,21213.81,9230.888,55716.047,507881.9,139284.92,39076.914,5239.728,76214.68,24567.244,48345.312,5432855.5,24337.957,41926.883,441284.34,30370.805,26191.072,8611.002,25408.72,72746.57,914317.3,8054.106,4790.793,11258.27,1142.9386,196835.42,142471.36,34411.152,73558.555,7003.8813,11117.474,25928.57,21778.174,561376.94,10036.283,39566.145,4852.2363,19914.334,11313.889,45949.984,6358.092,5327.6973,15139.864,8442.378,22116.969,16759.512,7435251.0,63079.74,137242.72,11130.599,13108.362,3761.6318,66726.71,13455.485,839063.8,227046.03,21985.969,17679.729,12207.635,114011.24,17403.605
asthma_281,asthma,461731.4,46901.266,347571.0,2034.5236,231305.2,31359.693,548167.7,8301.413,2693064.0,127594.625,47235.91,759383.94,244412.38,15221.595,2046238.2,10443.162,93171.09,5983.437,40174.56,7207.799,56894.242,42307.098,779989.2,20878.611,8138.152,49409.375,12387.233,102995.07,6285914.0,73098.26,28997.701,504058.84,26159.643,52338.375,10239.934,214852.55,90654.734,2322926.0,11820.262,11928.496,18308.564,1427.6857,116074.25,123931.14,119317.35,109314.93,7475.317,1242.0453,2506.7058,58187.066,727983.8,16012.992,243531.94,19989.287,21134.486,14943.259,19039.568,7523.5137,4482.718,13987.262,2494.2163,33774.25,41126.395,6807637.0,219345.0,139451.6,11743.849,3166.52,14072.282,30877.82,5822.0557,841849.1,320455.75,11147.044,2074.8438,24194.562,56825.7,34032.92
asthma_282,asthma,345369.72,232198.11,142036.42,9565.059,733355.56,25119.18,3039.268,22286.424,5244.663,104272.984,29795.635,525238.1,63397.332,15757.143,893762.56,5967.4043,131525.36,10401.721,11123.816,5848.148,50670.523,588545.3,307859.34,32555.111,4602.505,50847.94,18462.941,55249.883,5169281.0,17677.84,43378.777,325182.62,24979.21,19740.686,3856.1938,26583.78,61001.207,752029.3,5075.674,3941.1025,16049.29,5079.9653,180341.73,116931.66,46295.15,46271.047,6783.645,13927.133,12328.35,14279.788,500018.88,5244.543,29877.357,2282.2825,24243.39,9971.449,82175.03,5913.1294,3286.8342,9705.468,3628.2253,2892.4956,3499.5588,6691205.5,22257.918,145250.34,13459.747,13023.499,5339.714,105577.414,10238.176,700621.44,178321.78,9464.717,5834.609,6873.034,109897.68,14267.468
asthma_283,asthma,357769.94,207350.62,73864.27,5431.0347,1225147.8,24340.371,79368.54,42735.695,7194.6455,97832.29,35243.176,499592.75,133662.34,30862.246,782529.9,6031.3745,67858.69,14705.944,16093.879,13317.434,56781.004,682886.8,243056.53,41251.586,6715.0654,131285.36,41131.69,24755.922,3620259.2,26021.096,34541.195,474123.1,45050.86,24376.773,12450.056,43489.21,77602.44,3154519.0,10414.953,5821.2783,19050.377,6826.445,299661.06,181654.45,70818.43,101176.195,19920.203,20134.53,21136.14,55723.543,913749.8,28540.467,33436.258,9137.736,17321.406,18217.607,92991.77,17821.34,7335.181,12683.273,5009.3994,43050.145,7598.0146,8288485.5,224476.4,36285.285,12695.328,9393.849,12623.692,24141.25,13473.207,1686676.5,120903.92,11834.17,30181.244,6883.0386,122560.2,20895.443
asthma_284,asthma,53244.85,153698.66,41559.156,3915.318,553954.8,22358.723,2298.396,50320.28,6960.2876,57286.8,20241.58,226687.31,18794.746,15903.076,228016.19,3344.0127,43174.312,21495.574,9079.755,12545.915,35044.324,850459.25,64936.875,23245.842,6175.871,41401.63,13940.249,18435.352,2172871.0,11314.676,15645.416,323257.88,27014.047,19547.977,12997.008,24801.791,59515.508,2134443.8,8687.408,10574.905,11201.108,12459.95,286134.7,154695.25,48021.76,97832.85,8634.4,30942.88,18981.658,35251.58,749255.3,21109.89,66341.87,1764.7382,12782.478,10531.483,9976.672,7201.4077,3728.9414,7229.949,19399.285,28377.402,25963.312,5069360.5,10863.831,44056.363,6483.136,15730.13,9677.765,26812.838,14461.126,174345.0,11421.887,11003.902,8590.535,16849.021,80471.32,24873.494
asthma_285,asthma,67502.39,67999.13,50693.918,2533.5295,53307.145,26777.777,25174.557,7997.9937,1842202.0,32946.85,8933.934,570519.8,184548.73,11435.665,1196056.4,17047.578,101817.66,5489.8794,4758.4023,4432.1973,51417.117,120309.5,149003.48,24879.664,5553.942,23953.51,13665.739,25114.39,2148097.0,18518.88,113163.266,413866.44,22951.553,37801.65,1625.7137,837572.8,62164.75,694990.2,4474.5283,1556.7986,257.99417,43217.445,130002.195,89297.09,2603.793,69675.14,5194.379,5373.8354,2154.8062,11183.879,622315.9,4466.4346,86617.97,1944.4078,7594.153,9359.962,35740.812,2724.7231,3218.3257,7041.0557,3734.9863,1032.3727,1178.5889,5121975.0,1577.3635,410572.06,3741.4265,6416.5234,5083.615,356812.78,8950.129,471609.44,3792.5168,7751.491,2291.808,3244.3953,209421.2,16873.867
asthma_286,asthma,5788.809,10131.787,12696.163,1297.6428,55699.047,16871.646,2824.5447,42010.496,1184.9597,13639.762,4191.182,1776.2753,195.0923,19933.525,7768.3,6491.273,6038.708,19929.44,2931.11,8283.839,9221.542,869430.9,511.61856,33298.47,27471.652,36263.87,12205.551,10358.259,24991.436,513.9698,17920.006,94707.68,6753.4443,12480.419,5251.802,32228.398,41338.86,751526.7,9586.668,45473.324,787.9135,2694.5122,306946.16,164111.97,1138.2468,64985.383,16155.192,10872.673,16501.898,39115.246,769270.2,14994.74,21357.271,187.93753,9169.743,15141.467,51.409912,10494.034,8296.269,5815.7007,19882.717,20191.969,4125.976,1410.7534,4090.8967,5926.602,1679.1256,30232.727,3724.6042,67075.836,16958.6,4283.302,16.101309,16122.762,18090.697,7140.3574,11404.851,20040.406
asthma_287,asthma,485004.78,54987.21,43545.53,810.29425,1136737.9,28510.76,637933.3,18098.064,48085.97,50526.387,7636.0693,190466.36,249559.31,42954.26,770430.2,10017.042,46789.04,14702.018,7078.0356,3834.4053,89397.39,915456.8,235509.02,19600.678,2886.4546,137972.77,23854.66,11240.674,2523891.8,20490.02,13491.376,389335.03,43710.09,13229.993,4660.5156,86326.53,27978.764,4370708.0,9614.761,2536.8347,7453.1187,2459.2441,74039.89,142508.33,64252.04,95530.54,14806.754,11274.904,5072.8086,16348.459,476680.16,4030.6323,35695.574,17835.01,6342.9365,19756.977,30946.51,6505.2437,2764.5557,13230.385,1744.0201,25337.264,1795.0974,8312891.0,806804.3,165597.05,2227.0283,5442.2046,8243.594,134366.95,5192.4272,1981618.4,231313.8,6789.7754,11393.446,5602.99,150034.0,13471.202
asthma_288,asthma,383412.28,107242.59,148919.81,8991.318,399683.16,21197.205,30700.932,12627.643,25821.89,95766.8,23471.332,702273.75,104985.23,8214.318,1177769.2,4759.0786,137773.3,6858.097,6102.115,3435.6975,43827.844,401799.25,69211.69,27346.676,4081.024,25667.355,10953.787,38858.582,5752128.0,22542.734,59928.613,359040.4,17133.74,21490.531,1895.744,39598.31,49499.316,513916.22,4652.8223,4233.675,13060.4795,1622.9492,138757.5,136542.3,34571.28,45892.57,4138.124,5774.658,4995.114,9109.464,359517.7,2749.4673,31670.049,1681.2251,14520.097,8190.918,38460.465,2378.329,3160.7766,8501.007,2717.3923,1233.0029,1654.9583,5823236.0,7725.621,217990.95,16952.293,18942.578,1863.0931,247220.34,10216.695,364085.3,221568.11,15514.521,4871.1475,5189.105,65801.35,12050.3
asthma_289,asthma,186209.69,65962.83,56896.74,3425.9673,209810.62,10391.339,17581.547,10200.543,88383.336,39444.715,19610.008,458612.94,100818.75,7373.727,976804.4,3792.4988,69798.98,4763.0254,3152.5857,3900.8015,34436.5,167253.23,47631.234,19811.47,4202.616,19986.828,9618.384,19456.744,3779352.0,12368.593,50531.3,322059.03,12435.921,16996.084,1570.986,75135.75,42950.04,619973.0,4090.1826,3958.2227,3539.7214,2332.5444,129311.12,111195.04,6575.706,34833.9,3564.3552,3561.7788,2589.5273,10273.565,380277.62,4422.003,31011.064,586.5606,9476.956,8864.24,23822.557,2305.8364,2304.8335,6792.1914,3023.6313,1899.9661,844.4787,4721605.0,12189.775,178554.58,8615.57,8757.599,2266.1792,234773.7,8921.467,189193.12,101195.3,9724.23,4316.1543,2597.4612,90274.78,10714.326
asthma_290,asthma,257769.89,128185.8,151549.0,7764.426,372189.4,12072.525,10886.474,16043.122,26405.54,41487.28,21339.336,440250.72,48593.03,10414.794,696960.1,3413.9387,191063.62,10846.551,8347.8545,5278.1826,53850.92,406952.94,118771.16,33034.32,4064.2024,27322.691,9736.639,24974.518,3944251.0,5498.925,28366.12,347672.75,24221.852,22040.49,4567.124,74321.88,54597.44,309703.66,8002.16,4828.6333,5442.2876,1852.8329,186426.11,125173.37,25742.666,54713.523,4045.254,17444.186,10434.152,12520.776,382847.4,3508.8318,65767.35,6533.4497,11738.362,9848.098,32265.12,1898.2717,3190.1548,7508.925,8453.062,2591.7344,4369.9526,6573780.5,34183.17,119051.03,7566.4614,58691.95,991.59143,62234.273,12437.048,522386.22,59852.305,34006.09,19110.447,7034.9805,107597.15,13123.387
asthma_291,asthma,166726.73,329303.34,140481.95,10110.772,480167.34,32428.959,5134.9624,16397.992,826873.5,87659.57,30992.793,560369.75,161765.9,21208.45,1197489.9,19465.004,133575.06,6295.969,5436.871,6480.181,42005.406,160289.05,668996.2,40654.223,4790.5234,30927.568,17566.545,35761.203,4439888.0,11057.188,89810.9,468395.2,34973.008,50524.844,2870.9502,419798.56,86014.74,1473994.6,5556.1035,3496.9558,2992.059,49386.15,189587.6,114175.54,30498.168,69150.85,9463.977,18581.67,3463.2861,13938.733,899656.4,8342.616,52635.06,1768.6002,17896.914,10922.886,85655.46,4363.6,8084.4375,7504.514,3633.9614,748.6011,2459.0576,6518407.0,197754.56,348107.38,17346.287,6326.043,9471.128,378550.6,9251.494,882910.25,177579.14,6754.7715,2581.944,3082.1812,172481.67,20580.639
asthma_292,asthma,426611.6,240723.86,359977.1,7672.7554,500037.0,50537.47,46895.63,7988.3037,490766.8,129046.734,42436.652,848883.25,184939.86,22639.408,1826144.4,30791.744,138256.75,4631.7573,10145.016,7103.7363,55323.066,191320.36,256256.61,52441.703,5603.3003,52885.49,21847.031,62848.914,5432974.5,52672.367,182143.31,547538.6,37424.89,70892.89,2545.0442,542964.75,108138.16,1217828.6,3729.7383,47769.805,5713.372,3447.1616,114646.47,146530.64,66194.11,91841.26,9810.645,2813.2969,2283.404,8687.408,1104020.2,6971.463,49161.715,410.99683,13042.344,10018.055,73476.945,5485.1577,6433.695,13674.839,2104.0286,1289.5819,2401.6487,5756655.5,10327.658,609999.25,19682.258,5050.5654,9116.6,517700.5,8309.438,992308.94,366489.38,5341.93,2644.7722,6092.2344,88706.25,17312.62
asthma_293,asthma,436486.1,112709.72,66758.85,3102.9507,846540.4,8942.083,34234.36,37775.59,3182.3977,126175.58,37964.12,886846.1,146525.61,33913.816,1104257.1,2406.0234,126564.0,12366.057,19124.193,10433.754,35115.016,474883.78,325541.03,26630.953,7411.1885,85544.84,28993.691,42484.598,5570864.5,20696.219,33262.76,443162.34,44055.69,29327.498,11989.049,22646.514,69690.03,4558173.5,9258.336,2974.9204,27807.29,4496.092,183283.95,164565.69,42406.715,91610.586,12267.709,9878.36,8822.229,34701.863,812185.1,20981.793,70760.64,6639.8604,10050.91,20498.404,93111.49,11403.796,7982.287,12391.664,9386.755,43802.562,9952.551,8249387.5,1243257.1,93218.375,12958.872,4650.5635,10425.299,20440.6,11681.916,1219622.0,227908.14,9991.794,6912.0586,7039.9473,207199.8,12618.396
asthma_294,asthma,199816.02,35377.645,142550.88,7098.162,204405.75,7904.29,21958.014,16153.175,873429.1,82050.59,25713.025,840632.06,206693.77,24292.48,1199085.1,5958.0312,103290.37,5820.079,14073.558,9259.439,34375.86,63313.406,576678.2,23949.787,10258.193,89753.1,34938.3,103570.2,5780156.5,29463.297,21773.23,326654.38,20494.535,14381.022,5342.0776,309079.03,46100.63,2864816.8,11871.204,1221.0428,3917.6233,23562.256,210536.61,113466.39,27121.668,87597.73,15537.147,3122.6865,3269.3188,51176.33,599348.56,26376.09,143422.23,22534.738,16673.943,27890.502,66785.59,10649.257,5752.975,13258.288,9193.913,13559.5,2715.1624,7304044.0,58967.48,65485.77,8175.2456,3547.2358,10398.149,56511.27,8698.917,1207699.4,105710.01,14833.284,3161.3074,2881.366,197911.53,30898.588
asthma_295,asthma,251636.36,16222.217,21486.412,519.4265,513930.44,5796.069,672438.75,14912.72,11643.418,90970.94,3364.2092,79252.51,303160.44,50060.51,510530.47,4004.568,3174.1174,9722.793,12663.753,2521.7542,49029.723,328757.03,158283.89,17131.566,3113.7979,187164.33,46185.254,18304.217,2397303.5,106181.35,20686.727,407157.5,27920.281,9456.019,10116.318,9450.581,29720.596,4756046.5,12148.342,5181.29,3092.2476,1505.6819,51152.516,148037.92,29645.295,87008.26,20658.139,3240.3833,3900.0686,35441.535,617750.94,6487.825,116227.56,28813.633,4617.293,19432.06,12325.939,15838.172,10691.358,26823.53,1561.4518,39145.324,3057.184,8311559.5,680491.1,137804.58,1682.1494,5237.2095,5827.6006,75709.89,5749.5625,1829346.4,400506.94,12298.66,7979.859,2532.6777,23476.37,8617.485
asthma_296,asthma,155133.14,94565.625,107171.23,5552.3154,158487.95,13321.156,22683.693,10883.193,153039.44,44164.48,15131.751,435211.28,67365.54,7385.531,1033055.06,4005.4924,101522.02,5793.2114,4378.1177,3481.1328,37856.45,209450.56,57040.93,24358.135,4220.449,19684.059,9265.845,18780.322,3196028.5,14465.471,37756.754,341094.16,15009.878,25575.502,1895.9014,213806.83,47875.434,355978.72,4536.8906,6363.528,1592.8862,4164.354,145875.6,110237.25,6292.355,37582.05,3241.6758,6847.3257,3062.7861,8759.253,386638.03,3289.7139,46164.293,741.1285,9439.807,7407.1606,13136.31,1832.6466,2668.3906,6741.525,3552.1255,1531.2429,1640.2697,4327927.5,15510.364,181689.8,6701.5454,16464.139,1539.9438,217868.55,9227.375,215601.11,45205.84,15890.477,4967.0854,4424.172,83986.46,12507.993
asthma_297,asthma,94778.79,137839.28,33071.77,4692.7144,61377.074,41847.824,69598.5,15239.694,12425.95,34806.336,10564.995,445373.56,121897.055,51908.637,676545.9,9026.341,161865.9,16966.818,3928.6633,5842.9067,32199.611,479439.78,215939.4,74924.305,5420.415,25851.953,10913.617,16631.54,556165.9,10383.552,180308.89,525622.44,33167.6,80017.21,3103.673,365741.12,99673.25,300221.44,9274.244,3514.5803,312.1967,2351.2842,217802.89,162783.28,2021.772,56032.41,4537.531,15880.463,11994.207,9496.201,778477.7,1699.1727,33175.004,3696.736,10402.732,11497.564,78683.234,1686.0851,4882.8613,7350.449,8060.669,4976.2856,2319.843,4843565.0,449170.72,510221.38,3370.579,92659.09,1079.5524,383584.2,18116.111,631226.75,17441.14,53129.453,21411.379,6937.6133,89879.36,13999.873
asthma_298,asthma,15702.939,23017.666,18950.295,1362.8855,332291.2,5667.794,1346.5492,47151.297,3461.0999,52752.453,14654.909,61056.15,55394.76,29860.152,49238.902,2833.4456,3272.1802,19118.76,5764.2847,12269.113,18657.727,509296.75,3325.2158,22540.37,12420.642,67160.14,26660.686,23861.053,743607.5,3945.6165,18336.191,244135.38,11991.508,13082.646,8053.9526,16119.855,53588.51,4934519.5,10681.94,9840.192,13520.0625,3897.5247,242256.3,163365.1,5004.9766,96385.82,13357.517,8504.187,7548.11,69631.1,926885.9,32085.576,197231.34,2815.7349,8110.9834,21264.754,874.3446,14058.56,20116.236,9513.035,43817.1,42990.203,4595.7925,1149449.9,6356.7817,24376.47,3757.0952,9348.801,8007.1533,28940.896,18760.004,125741.21,24819.23,13708.451,18970.275,3333.5276,36743.734,14774.605
asthma_299,asthma,258291.58,139375.27,170662.19,9423.804,282436.97,27380.314,13967.771,12278.42,535012.5,76005.34,16136.299,737044.94,154156.81,23402.041,1508149.5,16243.225,149040.88,6916.088,5736.0273,3851.2788,42083.56,191235.89,272965.97,41710.68,4056.4753,21241.545,11126.193,18068.021,4107024.0,21907.645,158061.23,504433.44,32867.67,68787.91,2009.1692,532346.06,80126.336,433668.38,5113.1685,4592.4004,1983.1078,29817.21,114517.96,107525.04,16786.13,51865.043,4063.082,11535.812,3366.2734,8464.663,698714.44,2456.7031,59505.35,2672.319,8533.648,7475.2886,62001.277,1880.3599,6296.69,7422.7056,2644.5955,523.7622,1843.9939,6218341.5,55063.04,743782.7,13376.219,14621.473,3224.718,478628.88,11714.551,859531.2,98581.836,11429.166,3750.46,4179.2695,121297.87,14293.318
asthma_300,asthma,73497.266,66711.56,19266.328,5098.4653,62461.055,19461.254,7123.1343,27589.621,26675.615,23645.21,12328.878,307646.0,47477.63,17498.34,446670.94,7939.576,78971.39,21489.836,13839.768,15130.322,34724.207,598523.2,394870.0,30503.492,6636.15,59314.07,20171.258,15122.69,932881.56,5053.77,36176.477,333686.22,29134.28,13569.85,8065.299,372015.16,58021.434,3249716.5,14433.719,2857.2012,444.6488,13347.494,240617.36,131150.1,3981.0564,85065.586,13070.299,21278.326,12684.641,55635.445,744290.7,25379.658,65183.074,13694.143,12872.815,16399.32,38841.87,14072.94,3258.586,6445.1743,23339.654,22628.443,7317.6416,5687549.0,59247.08,90373.16,2682.8384,5645.7744,7758.0596,29398.15,15829.519,905283.4,35242.605,12571.188,14903.08,3075.3933,220265.45,18718.111
asthma_301,asthma,242268.08,27725.438,78728.35,1776.5702,287667.44,7758.156,132383.47,21568.95,21394.703,50398.758,32019.334,308119.0,6936.0386,8041.8706,440308.66,2511.593,27648.387,8257.854,12517.039,5998.0537,25668.36,243603.48,11096.6045,21668.783,5516.898,32948.74,12926.925,13608.005,2533124.8,6327.232,13744.125,289948.53,10749.558,11321.715,5442.7344,13683.28,38249.7,1083106.5,7393.474,18139.572,23968.799,573.28516,101147.055,94157.78,35774.23,50313.51,4259.8154,4102.409,5151.756,17163.521,436274.28,8791.401,23267.8,2342.6543,17617.383,9026.427,916.4539,6031.593,2095.314,8184.7563,8941.162,18192.953,8175.55,3432280.0,44808.46,83492.914,6807.0366,6724.7505,4326.4473,45623.62,8121.798,304508.7,43282.7,8467.175,6320.778,11042.581,80639.65,15140.499
asthma_302,asthma,513669.75,122397.73,116717.63,15198.906,781824.2,38715.168,307038.7,29634.186,36239.29,74382.72,26806.42,414635.62,157787.12,25580.016,1335221.5,15552.092,207538.38,17055.336,24657.146,19481.662,51043.65,1199160.6,423115.3,50638.45,6451.288,151457.97,39358.21,43185.76,2562955.2,22147.617,35533.355,539024.6,49732.312,40027.742,5147.2173,86095.91,87091.02,4896394.0,11257.218,2502.67,7368.918,1078.16,304784.4,217188.92,60588.51,123120.3,16873.271,14990.75,34415.355,32289.098,888628.25,16992.438,27385.38,1511.6683,13357.466,14648.887,91006.08,16264.245,4678.162,19526.771,4221.5605,19995.256,7232.349,8292731.5,15891.371,64728.258,12340.713,16356.038,10363.279,96825.195,16295.967,1909280.1,358456.4,12457.432,15942.195,14564.2295,195097.92,32276.506
asthma_303,asthma,96405.77,88032.21,55662.62,2941.5798,428164.94,11079.22,6686.9873,30283.688,14435.261,57633.402,29882.486,233534.8,28992.447,13725.472,696312.4,2468.4727,33093.57,11939.719,12960.998,6627.111,38492.465,278310.22,158756.47,22338.07,5890.949,35200.383,11651.738,16808.125,2970594.5,6234.751,13573.124,290350.06,19552.451,15005.483,6787.101,25788.617,48974.996,1934396.6,6405.1743,8699.522,11986.2705,5019.463,192685.06,97803.0,25608.525,39495.27,5271.6567,6510.4395,6547.5864,23119.354,552224.2,12871.269,24253.312,2517.2795,22647.83,12813.518,24581.12,6996.1963,2415.36,5675.8657,5181.3296,16575.908,4151.987,4926789.0,236874.27,87982.44,6434.5728,5034.169,7579.5645,32258.719,8467.288,269746.7,58961.016,7212.647,5027.983,7012.812,108506.44,14847.99
asthma_304,asthma,60648.69,36816.24,34566.207,2086.5488,85038.74,9157.891,13595.992,13621.016,18648.014,27190.664,12668.898,248485.16,43007.426,10697.713,397373.1,2707.0344,51033.28,8408.738,5013.549,4083.3838,36396.99,274893.38,50920.1,26516.678,5600.132,34208.445,11784.77,14713.576,1276222.4,6812.1484,34319.582,300698.53,11140.231,18257.996,2590.1067,92044.43,48414.152,730805.2,5878.914,2996.2922,1138.0834,669.1532,183867.47,89753.27,2438.1702,19987.494,3796.187,5677.723,5949.9443,12412.329,405364.44,3555.373,39277.594,2346.7234,10705.317,11024.407,11432.263,2476.507,2145.0503,8500.513,7311.6206,6901.8804,1470.0317,3716861.0,68902.21,139016.86,2845.9712,13744.741,1405.1516,112573.51,9298.539,154409.73,12635.292,20947.123,14252.385,2977.5852,111554.37,10798.244
asthma_305,asthma,595827.7,2170.8752,13774.833,386.8059,147096.98,2586.5398,1667479.2,7600.798,6502.781,56402.348,1803.9844,129224.445,317982.56,62700.26,595622.6,2460.4058,236722.28,6549.96,3282.4724,2228.0771,25003.975,438481.66,932024.3,27002.146,5916.537,183974.11,42169.656,11217.423,247963.19,4353.2188,22180.021,207574.39,49793.816,9007.722,1289.2294,17078.336,24312.252,5120549.0,10543.675,3353.0337,1198.1255,197.5215,54866.047,42988.81,3374.208,74950.61,13579.08,1227.1573,1671.1205,6956.6904,418297.12,1887.138,18832.084,1819.6058,4209.2036,42091.625,104657.04,3536.4778,21181.342,26968.74,1484.9132,31748.494,500.05594,8313232.0,7468154.0,86685.82,1446.4088,2388.964,10797.966,16402.121,4871.8213,2055971.8,133572.12,5133.082,11158.415,733.4168,99469.086,7536.3047
asthma_306,asthma,477474.06,280955.9,165340.14,15908.173,707125.3,56624.723,100801.64,22041.5,76629.31,125502.086,36112.566,656336.94,96699.14,12431.272,1296629.1,11541.391,260708.95,11943.648,21530.371,6104.8867,33995.68,623963.2,183451.66,32647.205,4517.518,33719.44,12493.21,27575.916,5777627.0,23214.736,54178.547,443232.53,28634.693,33542.49,7425.17,48869.133,66805.28,794105.1,6903.829,10781.512,13794.212,8608.982,140580.98,132428.55,141892.23,72901.445,5200.8438,13749.8545,11649.161,9536.019,550740.0,4068.9,16948.17,2020.1724,26817.29,7035.141,35161.16,4368.456,4577.557,9066.324,2362.9636,2280.6455,21141.059,6525827.5,17507.488,246211.66,20219.006,21441.746,3607.432,123795.66,11341.946,1039575.9,255917.86,13283.792,3840.2656,16937.457,76837.43,30558.611
asthma_307,asthma,221669.97,95225.914,146655.34,4822.0283,274768.9,14910.757,27714.229,13056.046,51956.88,75246.18,20520.332,385171.06,57927.44,13892.945,861390.7,5176.1924,118927.69,5930.1763,7593.3633,3861.034,40893.06,236057.0,49659.703,41096.438,4187.3857,22450.197,10283.418,16522.986,2930349.5,15575.932,70824.305,346626.6,22930.832,29521.86,2128.5344,45275.133,54996.81,546999.44,4388.2695,9414.577,6897.5957,3046.3335,107820.055,112334.67,13123.424,51505.95,3776.56,8158.6616,3812.4307,9189.363,523869.44,3220.2942,23483.31,1014.31006,10579.747,8493.332,33359.72,2819.9246,2761.6614,9343.986,3382.31,1925.301,1928.7753,4919694.5,34608.625,253225.47,8419.669,14101.787,2355.7864,235402.58,11961.033,331117.25,146263.83,10008.638,3785.877,4268.8623,103121.664,11691.624
asthma_308,asthma,477515.97,448271.62,108796.88,15943.686,1416039.1,63414.26,10342.474,31764.908,8307.093,85421.09,30340.523,314561.6,172462.6,12160.861,1042135.9,16253.794,319900.94,11668.888,14837.798,10567.907,42718.375,1161417.6,447752.1,40909.13,2789.8103,57263.97,14056.428,45224.125,4315468.5,43701.043,72113.7,440522.03,43755.215,62973.83,6423.5347,13750.13,75632.09,269874.84,7339.3105,1877.8666,22463.818,11390.089,279390.97,170397.58,234327.45,117415.07,5501.905,42151.76,41550.28,10783.064,792694.75,2427.0916,17709.379,591.86,47546.594,6140.534,93885.195,2059.7014,4746.3623,21593.771,4031.5513,1409.2437,28288.826,8232891.0,1307.8213,640503.44,23442.674,92814.664,4293.975,324959.75,15505.765,1335719.5,121441.51,36467.14,8816.677,26457.365,48063.41,52025.55
asthma_309,asthma,331669.7,138650.5,186883.23,8954.749,774295.06,9807.445,8002.5034,36882.45,13577.255,127675.086,36389.805,811993.06,161106.81,19331.08,1130118.4,2711.2034,131510.17,12738.251,20230.771,9981.412,44801.41,627876.0,499815.78,23472.361,6433.1304,105707.484,33662.793,60969.1,5551004.0,20012.043,35740.266,454582.47,44188.703,36419.316,9910.446,23134.771,90459.9,2747552.5,6663.309,2044.5669,21772.92,12543.235,247463.3,147330.61,40424.145,84956.22,10111.196,18804.77,13888.983,25241.873,691310.2,20475.193,37352.58,1363.9279,11201.824,14425.765,97096.96,11840.944,9160.162,15290.84,7167.303,23888.674,12157.881,8182654.0,1145591.1,155927.58,16671.67,5626.619,10407.794,45283.336,14245.155,943645.9,326628.22,8650.8125,4548.651,11102.946,123109.5,14801.741
asthma_310,asthma,19994.549,40801.125,37499.99,2466.119,96420.3,7093.9727,6091.845,13557.379,63529.88,21185.22,17180.08,145932.5,72337.22,11410.792,229214.23,5288.5034,36119.867,4985.7217,3874.4824,7080.1353,29744.246,115229.17,254083.5,20376.7,4386.001,44094.656,19124.887,12847.904,911360.9,3617.943,27498.074,242459.45,14863.292,15755.851,2476.5273,115488.81,50425.824,920079.0,5232.181,1429.413,1010.5263,8630.53,175219.61,62013.934,3569.7417,41162.69,7601.1313,2883.189,2705.5383,33712.59,593073.06,12670.748,29718.414,2367.2861,18624.197,14220.762,52695.832,7237.6353,2353.8599,6128.188,18716.916,7229.025,958.1481,2739285.0,86146.336,181241.92,3196.979,3655.1343,8879.227,153083.23,7830.4976,244673.58,22346.912,6301.6406,3748.0063,1420.3545,182750.55,13090.634
asthma_311,asthma,172526.58,156738.19,72897.695,7727.5444,107650.94,30774.365,69206.47,9845.468,115261.375,65414.55,17593.037,1015074.9,233938.72,55129.086,1344121.4,23628.1,133165.12,11268.9375,5735.6445,3903.5413,49613.594,237032.45,196198.03,76480.88,3964.919,24056.9,11344.457,17765.746,2757393.5,34316.504,261966.06,580272.3,38419.37,101047.555,3223.2847,573200.25,102260.234,392482.94,6792.418,2522.3582,1009.86957,21051.305,149872.98,124374.445,8732.692,80654.11,3969.5474,8053.2305,4511.928,7964.0356,1053010.4,1538.8508,30457.533,6443.767,13259.895,11154.158,77961.54,1370.8639,4539.5483,9760.618,3651.4192,1547.8549,5064.169,7131730.5,187823.78,1184221.8,7308.3086,38145.84,2541.3804,567300.8,16196.137,1029840.44,25666.18,30863.863,8353.127,5923.799,162750.69,11871.476
asthma_312,asthma,256192.34,206531.0,266474.9,15348.802,235401.47,27949.56,11396.576,18367.277,290798.97,92797.67,30313.133,882550.75,158060.78,13596.238,1295805.9,11733.594,167358.06,8674.525,14948.091,7212.0625,51006.957,359867.94,380327.7,46824.348,5060.8755,76268.85,30246.078,56276.188,4647561.0,24976.639,80143.836,488765.84,35349.11,34419.33,5716.8555,324009.72,91846.95,781023.1,6938.7646,4084.907,1738.0709,14681.042,213211.44,151112.72,8508.641,79492.47,8194.724,14385.811,10066.212,18412.914,590909.1,6492.493,44317.47,1205.3995,15437.961,10551.732,71349.1,5126.2905,5696.275,15255.574,3662.9146,3793.5444,11966.612,7339214.5,167031.36,274851.2,13258.63,14675.568,4738.5317,239308.12,14636.388,817655.6,256877.86,21353.158,4935.386,10655.719,91863.86,22457.607
asthma_313,asthma,133575.83,167627.06,54675.55,9119.514,298403.16,16193.279,3531.7646,30674.941,4453.438,45679.438,20706.031,390405.47,92258.86,28797.04,696656.44,6377.005,85967.18,11249.383,9248.001,8522.407,42128.734,651557.94,525384.44,33874.09,5297.0356,79889.72,26533.121,21797.27,2432938.8,7910.3765,50331.32,369181.0,29578.477,27726.15,4663.1436,67918.19,72865.79,1507932.4,6496.067,2128.1455,2249.747,8697.996,242422.47,132029.17,11903.743,59123.184,8256.641,20930.688,14701.008,23418.094,517255.84,8481.036,33685.723,4763.257,20632.936,12136.807,92274.086,5604.5405,4032.936,11764.319,18091.3,6494.097,1841.2388,6792475.0,177704.5,180272.78,6390.864,13201.658,5041.6416,90822.875,14963.453,1123090.6,153466.66,15416.509,12172.6045,3643.7988,154409.16,14719.569
asthma_314,asthma,14673.86,15759.742,18370.08,1409.1233,51838.34,6071.866,41127.844,17245.037,3823.8928,13802.7,9380.731,124334.0,11192.715,12310.056,67274.695,3580.7954,39892.945,11202.198,3184.3564,4711.3545,31805.742,461110.97,10685.63,33824.695,4992.589,38406.184,12217.291,9580.626,206935.77,4181.889,37197.547,274688.97,14509.3125,17201.885,2366.2925,69217.164,49169.31,441428.72,6583.5825,2079.7483,645.44556,615.2256,175439.48,83886.24,881.6725,36306.883,4413.6465,4502.143,7276.2095,14316.976,463981.75,5040.391,23276.479,3001.2786,9601.079,11720.362,5943.523,3836.2566,2137.392,6626.7446,23836.443,10638.404,1596.639,1061021.4,404657.6,122673.516,1743.3114,8645.08,2016.8309,117191.0,11197.082,100509.15,4053.551,17557.451,12558.881,2935.985,135425.72,9337.456
asthma_315,asthma,294433.72,41128.355,63781.574,9809.157,230777.7,6700.651,7470.271,37595.277,9854.524,93836.234,28542.318,872598.2,158814.31,33575.645,1168627.2,3905.9846,107947.016,17583.508,26877.715,11316.1875,58198.555,501920.38,823665.5,36872.46,6939.109,105905.46,31005.062,50433.566,4183900.0,26156.873,39426.55,355281.06,42458.27,17561.504,10300.763,101359.69,77094.7,4809875.0,12508.614,1646.7139,3612.2117,10719.386,332093.2,154940.05,8879.091,103285.05,12031.765,17696.143,6616.2856,45981.812,835652.4,27251.49,94539.38,17323.422,12990.266,21869.629,96301.11,11752.298,7348.164,12409.725,20594.58,41421.734,7721.82,8216811.0,63401.26,93433.23,6741.776,4157.5234,12998.495,21087.273,16518.59,1380715.4,209846.05,13234.915,12235.062,3529.276,225883.02,17183.145
asthma_316,asthma,346423.0,48323.37,562074.44,6099.5024,306132.0,32225.264,56518.87,6254.0664,4893402.0,131588.72,41632.188,643496.75,193690.45,10791.511,1797326.9,14962.54,86742.71,2825.488,8386.4795,9947.882,41034.363,35433.73,396134.7,18619.49,4392.625,41892.547,15168.062,86504.71,6163381.0,76207.77,75577.01,397366.66,19966.842,53339.434,2437.4377,505496.28,88280.9,288148.5,4257.829,6344.1284,8668.885,1500.4694,77836.875,91639.766,36330.438,58018.945,7140.3574,1171.9866,1704.7173,26839.242,678752.2,17041.14,154286.53,1807.7546,14953.638,11007.807,53214.848,4719.172,3537.1863,8893.864,2573.8906,6131.6143,6052.178,3092800.0,50458.246,242759.31,16358.035,2837.7036,10442.694,249660.95,6302.753,430847.47,395731.78,5278.812,2451.6772,7234.833,78226.16,20584.271
asthma_317,asthma,204418.8,207341.12,80446.0,5795.7373,980588.25,10613.332,4078.436,43888.785,2659.517,91142.97,38447.227,549750.8,44600.83,24627.486,796561.1,2946.3894,61022.734,14089.835,17687.69,9049.884,45699.004,398600.94,511479.78,27085.17,5146.049,54727.72,19148.176,34236.48,4930159.0,20568.021,21120.182,361032.22,30026.64,18088.746,11552.911,18607.42,56675.777,2574348.5,8082.4023,3399.5159,21559.406,17956.395,266549.12,122572.945,57673.1,63492.93,6522.4727,15134.263,9023.492,30247.117,673811.9,18019.7,30757.053,6860.78,30790.129,12538.451,79653.73,8659.53,2863.4773,7682.832,13340.635,21068.377,9155.76,7729056.5,262467.72,128561.41,12205.307,5286.0977,11458.101,23848.176,11590.446,746547.06,156314.83,9634.635,6129.4624,7118.8076,172639.66,17734.242
asthma_318,asthma,200117.89,240693.1,170649.48,12896.274,259679.16,16993.943,7007.429,17612.611,85425.9,60230.34,21845.156,835540.0,169688.92,31356.463,1231814.0,19301.586,140409.89,12558.282,9058.934,5140.157,59584.06,516925.94,401706.9,55379.39,4073.7974,46987.67,18812.268,37434.17,4331718.0,22007.996,157735.06,497403.03,37696.13,55989.145,3321.345,366684.1,95410.625,370988.44,6412.5767,4222.064,1609.3806,26080.799,165021.45,157561.88,12047.014,71969.836,6426.133,24333.965,8805.768,13933.936,695039.9,3087.5872,72361.234,3501.8765,14379.007,10003.8,88345.836,2760.609,4850.76,12017.177,4854.5415,1700.072,4079.4165,7741420.0,51977.695,540429.8,10105.383,30546.607,3422.4492,360249.44,15528.4375,1067594.5,174320.23,26634.764,6820.47,7376.6533,157240.33,18116.354
asthma_319,asthma,318759.22,110008.09,66277.74,5843.4697,1010884.1,26406.898,24962.23,41562.25,6415.6665,120082.76,37744.51,584361.3,35429.67,18819.518,959428.94,3072.3145,123124.53,12076.947,14510.945,9757.379,39775.215,595032.2,181187.14,23820.059,5240.2627,45452.684,21433.3,40389.195,5362565.0,13359.517,15411.157,369854.8,30482.234,17704.617,9518.727,17716.729,49835.625,3093210.0,7566.4253,2815.2942,34194.973,11218.493,181298.8,134047.48,93419.24,76153.73,7219.089,17377.283,12827.298,22151.568,472363.4,13893.012,26166.105,2958.865,20813.777,11509.875,48177.727,8056.9795,3444.3118,10809.62,8598.15,20449.842,9174.318,7440074.0,64267.727,94295.81,15139.6045,10373.228,8699.788,39732.41,10996.484,796325.6,156262.08,8749.392,3820.5056,10424.295,152146.06,20678.305
asthma_320,asthma,412747.4,80055.6,131660.89,10604.751,707499.0,14699.424,40341.652,32982.156,21590.209,125370.97,35728.68,673098.3,164078.17,39693.25,1760064.0,5642.8833,149409.17,24232.295,31749.342,13079.54,54458.18,646611.4,822758.75,39653.258,5996.9956,66143.305,24255.625,48947.59,6064587.0,79943.984,34137.754,496035.44,45088.684,32769.797,16234.413,50912.723,84936.29,5246175.5,14520.928,2008.9517,16163.376,17121.44,285688.3,181001.83,69474.49,119849.82,10907.853,24696.26,12161.268,47718.395,987168.5,22324.354,92171.27,21786.047,14045.64,19585.56,77626.42,14199.836,6842.788,12394.1,9476.034,47113.85,27467.854,8246131.0,102072.58,115667.82,10874.042,5501.448,14474.482,18835.91,16354.307,1548078.0,242098.31,13821.498,4878.4946,13238.0205,174951.77,23896.307
asthma_321,asthma,223438.81,314844.62,138899.17,14053.652,232529.62,25583.285,23954.697,20143.479,36665.184,66850.27,25729.412,940126.56,148734.03,44823.08,1330862.2,16312.667,189841.8,14538.194,10921.761,6172.9795,61556.805,726755.3,229509.31,73058.33,3670.9285,43591.777,15258.193,35046.594,3799557.2,19153.783,213843.53,564532.1,42046.25,75999.48,4117.197,233948.53,107621.78,489265.3,10809.1045,2918.9353,2375.1929,3913.0442,245316.56,162935.95,17974.387,76008.46,4936.601,13249.933,17763.22,12473.922,851600.4,2078.0664,47431.06,3850.5881,18125.219,11516.858,85226.86,1564.8029,5992.587,13298.23,5012.3486,3768.1357,4447.7065,7636927.0,147312.34,829497.25,10777.214,68805.88,1622.6511,432405.9,19114.785,1131579.6,308583.62,50000.914,19345.871,10113.617,111600.336,16010.503
asthma_322,asthma,278222.62,258735.11,119200.88,14308.703,789345.3,40166.324,11942.931,27271.3,3675.3083,87310.234,27859.504,233859.53,58814.773,9916.866,566865.44,4817.7065,273440.4,10188.505,11593.906,6247.21,37874.074,705175.0,206647.05,27330.797,3748.761,49132.605,15641.566,36130.895,4961955.5,13335.635,28346.432,369430.03,27654.61,21758.057,4615.474,15836.706,53167.367,344901.34,7472.2803,2246.6401,21120.543,7402.09,191197.78,115967.81,110574.19,61541.305,5188.2734,25359.916,31532.947,11967.788,374439.1,4355.088,20971.83,3944.6907,29243.988,8140.9233,69344.086,2884.3115,4213.643,13814.672,5763.344,2400.3086,5652.0405,7465063.5,150597.67,145004.27,14575.86,50882.676,1727.9941,69533.88,11616.464,606131.4,253542.02,30083.51,7586.298,6841.3394,93826.66,19692.64
asthma_323,asthma,236109.23,112688.55,216037.88,8361.712,248804.58,19873.863,13675.426,18448.068,329791.44,85206.87,30313.596,760552.3,114386.1,10538.547,1312559.1,9591.094,100987.92,7067.3433,20029.229,9576.012,47680.273,122131.76,404879.56,34780.09,7154.067,72446.99,30858.42,60548.42,5368526.5,17717.656,38090.11,388292.34,26475.893,18889.898,5352.238,266429.94,73903.59,1122304.8,6981.97,3954.2903,2296.8987,17058.8,174920.9,121030.48,12447.752,58737.195,10352.393,6425.1094,4463.7217,28953.402,608716.1,17254.975,74140.72,5188.075,18071.848,13125.313,60391.504,8777.317,3851.22,10928.419,4406.3354,7365.749,8239.585,5722904.0,275788.53,85248.64,11144.758,5442.459,8154.523,122236.984,10142.055,727098.44,219733.17,9210.854,4261.734,6863.542,129758.43,24465.814
asthma_324,asthma,259620.47,256214.33,67463.13,6061.936,1133833.0,30125.398,10159.55,54173.95,5910.186,107969.56,40601.14,360619.28,53047.23,20794.73,865059.8,3986.909,82533.09,15566.041,20770.094,14235.092,38177.684,674016.25,504620.62,31947.166,4497.379,78780.02,23734.023,25268.754,5473017.5,11221.254,22851.213,406421.97,33610.758,16706.783,11926.482,13183.69,61571.54,3274720.2,7589.1206,3296.877,23628.777,15069.966,296328.97,139039.53,96686.6,79405.86,8793.179,26410.248,17851.756,31036.156,637705.25,21006.2,19313.941,7026.497,30850.738,11133.593,71920.37,11924.981,3367.301,10770.688,12749.749,26238.174,15600.9375,7639709.5,142739.97,101415.0,15431.13,9886.617,10693.47,37891.344,12286.409,1158729.2,245941.78,10227.615,6800.145,11503.202,176778.89,28235.43
asthma_325,asthma,356646.1,245645.48,100745.9,6001.041,1097668.6,39455.363,26193.096,33202.637,3599.3093,138751.16,45415.42,541358.8,86056.51,16916.164,1034499.4,4670.8047,109451.9,13122.535,18316.162,11266.036,37154.54,615057.44,322134.28,31803.77,4812.3975,46714.086,18560.557,32155.635,6302914.0,17010.873,28024.592,385270.62,29061.46,21449.477,11191.765,11511.5,63340.16,2846393.5,6073.517,8573.878,30489.096,6888.904,238436.77,158212.2,148626.97,78609.28,9176.629,14054.242,10906.6045,18417.55,687634.56,14802.7295,18305.945,2248.4167,33681.836,10932.714,61034.375,13929.458,3334.329,9355.026,4056.3127,15474.917,9494.7705,7179403.0,38603.71,131633.64,18173.86,9824.166,10655.789,47712.434,9623.458,992965.9,273732.9,7634.205,3895.5955,13274.787,108531.69,23493.684
asthma_326,asthma,188556.92,139899.3,48117.3,3681.031,1384907.6,21781.33,5712.8,59016.316,9217.4,95658.445,40736.113,206087.33,137284.61,32131.111,427532.9,8726.016,21152.574,12642.73,10624.249,15377.55,47257.63,879492.44,145958.39,33614.414,7231.818,113432.09,45331.645,37004.742,3068699.5,9171.011,21956.59,415755.0,34658.203,17356.613,12811.892,16032.629,56370.67,3984450.8,10628.191,1878.303,34131.96,18157.418,235396.97,160732.2,105091.914,110965.16,18690.318,15355.947,18729.469,63288.35,842671.6,29086.998,59958.74,6999.58,22223.111,13974.98,67076.22,21930.994,7013.708,11136.948,9469.475,34840.94,5397.564,7933918.5,109351.21,41253.867,12352.478,23781.81,7966.763,64524.008,12846.703,1308362.5,235773.97,16165.427,17860.766,5681.6562,90463.01,36195.215
asthma_327,asthma,35242.504,51854.656,45053.137,2860.0823,442043.78,18471.273,1294.3044,21795.46,1337.7894,33337.805,15457.305,119917.05,44198.523,26282.68,157534.22,4312.8413,57567.375,9234.858,2580.0874,5453.216,28836.807,674064.44,13891.753,36401.953,6052.8076,27071.998,10975.12,27573.863,703535.4,2685.1328,46360.008,235657.98,23642.686,31615.758,1877.6176,22032.734,62340.605,360814.0,6000.795,2021.9166,7306.838,587.25476,226339.3,146184.9,11968.519,68037.734,4444.602,7195.5103,7336.672,10044.423,590510.25,2378.0103,51469.418,428.1955,13493.357,9958.656,27048.463,1696.0997,7205.8604,7066.669,9769.047,6846.1567,1529.8933,306107.2,103283.57,304920.47,4667.4556,44070.863,1476.5013,329724.12,13258.478,125979.11,32937.176,32612.104,26787.355,8454.916,26129.049,11181.309
asthma_328,asthma,97684.336,178700.06,67293.17,7465.7974,70196.98,40510.48,34919.383,9456.396,1747761.6,49468.688,15361.426,707037.6,234872.25,29255.564,1502913.2,24521.248,130052.42,6813.851,6775.523,6762.5264,45590.26,96657.836,386551.75,48214.96,5000.8965,32074.318,17437.732,29185.756,2685728.5,20668.703,210291.8,536383.7,35377.98,72615.98,2787.2764,935439.3,97320.11,641766.06,7398.589,1967.3191,320.49396,29045.473,161544.67,142098.61,2389.779,75660.734,5953.464,5729.728,2997.4443,13778.145,849054.9,2897.4321,99821.65,1734.7017,11243.483,9517.537,69554.18,2030.4434,4491.4795,10707.013,3874.0352,2385.2986,3894.1948,6554749.5,184069.22,784641.7,5050.011,17341.986,3593.3264,485568.47,13799.186,705286.7,29405.693,22535.469,4940.7417,7169.792,151137.22,17305.059
asthma_329,asthma,388845.22,71424.125,208940.62,5973.4805,685549.75,15036.801,139166.61,20210.715,58179.797,145183.45,40585.46,741627.3,145334.45,12314.564,1330382.6,2693.0562,119243.41,5995.7144,10233.733,4985.6934,40766.855,99087.15,264782.97,31474.39,8443.264,55024.562,19719.158,55116.574,6738150.5,13067.345,30341.738,402351.44,23133.094,23669.33,4671.2373,40226.51,71292.914,2345484.8,4937.684,4529.2544,25537.748,3805.5996,176605.83,113379.96,48704.008,68219.92,7160.5796,3811.9434,3102.258,14608.176,492425.97,10041.262,24769.643,2601.8599,17443.953,14822.975,56850.145,7409.372,4589.467,11596.395,3463.8809,7302.651,1639.6101,6953514.5,204600.58,64909.816,19895.332,5118.893,9876.231,126436.125,9083.791,361610.44,409310.47,6201.389,2749.5435,2921.4885,114418.4,14295.745
asthma_330,asthma,165146.62,133406.25,113507.95,5138.2847,516725.8,10343.697,4925.0215,32174.96,7331.1597,51089.527,31607.346,432006.06,28058.85,13693.803,608919.4,2984.08,63521.094,13151.779,15071.561,8500.61,49068.082,429295.44,249088.75,25834.871,5087.7144,50731.258,17427.291,22744.588,3668184.5,10949.274,19532.451,339807.12,25518.197,16302.916,9072.076,36080.38,63015.94,1655876.1,7051.937,5786.209,8899.405,5773.5015,226102.84,103857.64,17874.465,46700.945,5538.399,18119.826,10197.848,27884.064,578107.06,16493.465,39006.28,3334.078,19302.652,10320.411,47417.625,7758.237,3056.6797,8535.171,12128.024,18485.02,9057.37,6991963.0,400916.97,90905.98,8442.571,6155.053,7749.1113,44312.355,10939.911,520679.75,77307.92,9372.915,9974.389,7143.2188,128508.2,15368.65
asthma_331,asthma,117275.07,29385.594,52918.383,3051.3306,269333.62,19152.064,14298.322,20369.062,785.9001,25968.092,12899.141,100791.64,54902.95,15928.365,247833.62,2665.742,61240.312,9010.617,2638.658,3701.2527,16457.387,380643.38,36326.246,36235.797,5336.038,18576.07,9255.704,23311.824,597088.8,3608.5298,34964.934,250118.05,21816.28,27785.287,2007.2896,36965.977,46421.55,66175.11,5599.87,2212.981,6928.2563,556.27356,153200.22,128007.31,6510.5635,58617.438,3363.2947,6125.4297,5191.585,7374.8945,378790.0,1689.2794,19585.168,496.87335,10112.518,8129.758,58921.61,1277.9525,3654.0813,8679.996,6769.5156,3416.9817,1061.72,1092249.1,476998.47,134394.89,5047.8535,90218.49,935.5279,385853.06,13199.984,470533.47,31467.457,51013.332,18586.543,3899.8342,21854.158,10165.424
asthma_332,asthma,451603.97,389800.94,139164.48,16018.415,1069586.8,44229.266,30721.14,24907.963,13533.866,113336.29,30128.387,668031.56,73364.28,16955.332,1054954.4,7296.837,283994.88,15342.83,14948.434,5940.4624,43647.438,776765.3,151676.1,43404.188,3524.3604,46079.18,13633.6875,34559.45,6026649.5,28473.64,73951.47,448116.06,35208.406,42898.707,5304.994,25000.805,76864.55,437243.53,8532.965,3533.5305,21582.51,3636.3125,174017.6,138654.6,124811.71,65994.984,4613.6255,19389.26,27413.68,10104.785,546203.5,2713.8533,19552.898,3942.1025,21840.387,7884.901,74017.86,2328.7954,4216.952,10163.707,2847.1877,1211.7283,12038.216,7867470.5,26351.475,535887.75,20199.828,41826.438,1935.7528,174153.56,14219.881,1213063.5,298866.22,24047.654,6045.099,11716.886,110729.52,18661.785
asthma_333,asthma,399200.5,286993.62,194127.98,15296.179,718177.4,31985.213,4827.422,42406.27,39170.195,125340.73,44722.734,600486.56,213432.17,27047.945,1489078.6,10605.055,208363.17,16211.962,22776.191,12057.888,50228.75,421976.9,969527.3,34206.914,6518.3555,80112.805,33634.586,79127.9,6295657.0,46760.176,30103.428,447315.9,39110.098,19782.148,12570.037,100580.484,71352.43,2610269.2,7944.5225,1768.8314,13330.879,40091.926,332202.78,145392.12,88911.05,112490.66,12107.002,18333.133,8855.258,36499.465,813789.25,22325.824,31300.56,6304.316,29556.51,14654.309,100248.28,13051.39,4206.4785,12295.294,6198.6274,13967.198,8877.634,8225380.5,66669.52,124585.04,20113.762,8293.286,13205.223,43825.38,12975.493,1438367.4,521157.16,14661.187,4636.8765,7500.278,181967.95,36318.207
asthma_334,asthma,250255.23,97776.8,34438.402,7014.5444,125763.99,22297.352,62582.754,34700.97,80319.59,92912.086,27149.877,790765.56,167159.64,30232.783,843477.25,6810.3813,140112.27,14828.277,14995.012,18767.252,48513.477,854138.06,477201.84,44212.27,6949.76,96986.74,32919.902,28193.775,3095178.2,7911.3877,85601.484,528647.3,45515.277,21193.244,5033.9526,202943.7,87836.48,4420428.0,15360.532,1298.1637,4838.532,2135.4456,349855.34,181623.97,15619.95,110279.31,15029.89,13074.451,11828.765,51781.023,950495.75,22090.598,72406.66,3121.2063,12880.921,17129.932,96589.27,13715.344,7686.6436,14693.173,21452.443,32526.404,3151.5242,8177240.0,143357.28,171270.52,8476.006,9370.252,9520.742,42624.938,19016.504,1344159.8,143128.6,20529.238,19407.742,4992.0938,177394.3,26820.537
asthma_335,asthma,200756.16,64504.195,79093.34,6813.617,545770.75,23648.412,29151.29,15815.982,3868.4775,52402.105,16541.387,193892.08,14089.069,6695.048,362061.78,2985.4497,99529.44,7368.995,4084.2446,3801.3037,26150.588,345397.72,19338.547,17359.725,4547.2886,21387.684,9385.305,22056.408,2755167.2,6917.566,20209.404,172819.05,12114.048,11331.383,2442.2292,13120.383,32304.93,139567.73,7759.7246,6462.953,24253.266,983.0835,118228.586,119213.96,59619.07,37623.793,3656.4524,8545.442,8994.93,7657.0083,264781.97,2095.292,21963.229,2074.356,18937.719,7791.3403,7954.5464,1543.1869,2432.4998,7562.5005,4711.4487,1052.7833,2716.4722,2751645.8,10678.671,75013.68,8642.846,67171.54,839.9626,87234.086,8704.843,280350.75,78129.38,32498.53,5618.762,7018.6133,51395.156,12742.819
asthma_336,asthma,56772.883,26915.166,64149.055,2631.3213,91400.18,13102.738,29178.186,13732.975,299902.1,28780.785,19052.611,282282.12,55597.63,9101.804,653442.8,5839.642,59263.125,6375.326,10245.697,5892.5283,34002.715,131751.7,142608.25,22322.78,5552.0347,42025.8,15062.551,22300.756,2052506.1,9566.527,19241.74,263478.66,13250.388,15219.838,3274.1973,301170.94,42877.438,701308.0,6673.486,2521.4102,1060.2626,5538.2354,117385.734,84266.55,4334.6924,42115.56,6861.0547,3983.3013,3515.8647,27653.002,566731.94,12690.703,78548.66,2462.0225,13842.302,12267.943,9614.825,6531.182,2258.4001,7073.4395,7156.073,6989.6997,3686.01,2221433.5,116465.34,80184.734,3440.4927,4462.4697,6334.025,108554.25,7812.802,236170.72,16709.906,7415.516,4034.125,5374.461,145032.06,17373.225
asthma_337,asthma,57536.035,39792.742,62710.547,3222.178,330740.1,10535.382,2065.502,29080.453,7999.6724,28026.916,16550.145,201720.16,13031.8,17734.9,167523.34,3115.8542,57246.332,10672.999,5038.281,8267.429,36815.117,571476.56,23211.748,23109.652,6423.075,46089.727,13743.941,20985.355,970924.5,3040.9155,20054.21,260117.62,22054.936,18497.717,3785.624,32995.78,53869.67,641856.0,7351.964,3022.8008,6495.2183,1303.6752,213618.1,132235.97,8215.376,72830.84,5322.201,15134.291,9781.018,21974.795,588901.25,7354.4673,101628.39,1387.5017,9138.791,10655.6875,20170.777,3079.5037,4089.9836,8730.003,33318.832,14782.583,3744.4077,1321866.2,134556.61,87855.08,5342.6484,23359.986,2645.5947,66144.19,13957.211,183687.3,39410.42,20251.678,24771.107,6609.3726,91385.98,13798.383
asthma_338,asthma,639554.94,286589.12,150228.3,7242.0337,1083921.8,63604.87,263505.28,36932.22,17830.283,157774.64,52169.04,916694.75,220046.67,16897.717,1683560.4,14471.818,266263.56,17496.521,29144.701,7725.002,56301.363,352390.2,767463.9,36930.812,6534.4844,54577.137,19733.55,72709.875,7368536.5,67689.34,36808.55,530880.9,35125.934,37164.85,16649.9,26260.654,83702.04,2157687.2,8207.614,4559.833,37928.582,7090.9556,222428.1,179440.55,226429.33,102842.55,7108.616,6095.7163,10462.862,23937.205,661571.1,12895.647,19193.537,7621.807,53668.348,11152.084,78746.59,14667.648,6090.3057,13006.99,2392.85,29326.436,35796.793,8155106.5,292481.66,73384.92,21901.605,6039.8545,11793.899,17733.023,8233.206,1106533.1,252073.75,11133.093,2374.5063,21834.014,93617.414,33133.55
asthma_339,asthma,158666.7,143577.56,15859.908,10509.76,63784.613,29139.559,69398.6,28486.027,49532.516,40842.82,19861.018,464920.78,185720.55,38127.617,730367.6,6344.098,93984.91,12705.866,9503.667,21213.404,41932.48,703730.6,428811.0,46678.95,8222.282,74872.945,24985.072,16334.432,853582.75,3724.6326,115527.15,487212.4,44102.984,31164.05,4781.881,198727.27,102797.24,3883282.5,11865.635,2165.5813,723.91876,1355.7723,337152.44,181563.36,6983.2026,111429.22,9918.985,11554.453,21118.469,45457.324,794396.75,23826.602,55217.594,4794.6606,11635.093,15560.875,93449.18,9449.518,12839.709,9382.683,30995.307,40756.32,4140.106,6643213.0,432245.1,175375.25,5332.181,11786.669,4904.848,43385.066,19698.857,1168996.1,286311.0,24757.904,29608.648,6524.358,161785.05,18087.504
asthma_340,asthma,296401.6,318404.66,73972.91,10138.283,1414951.1,55152.65,1373.101,45219.68,2179.933,67003.59,31002.4,147393.0,118906.82,39212.844,337861.53,24577.158,194489.89,13626.096,7159.35,14188.479,56359.008,1133462.1,302425.22,46651.535,3781.257,63178.355,19937.594,58073.363,2766338.2,5544.552,75914.29,357816.0,45713.605,51446.105,4609.7983,14299.686,71057.85,935603.5,9869.499,1187.4681,37778.004,10498.219,227119.02,199641.16,175858.1,110172.195,9278.783,28433.94,29695.352,19565.602,783331.8,6034.5967,52171.23,1079.1665,47269.98,9871.184,98950.03,3574.3284,7180.5366,13218.718,6804.1807,3336.394,5652.1377,7990595.5,19090.918,330696.9,17973.271,106552.01,5973.697,562216.5,17241.717,1410343.6,179407.86,38284.914,39978.562,19970.213,73777.61,48746.527
asthma_341,asthma,163267.12,32974.797,137518.11,2956.1733,388179.78,11010.369,91766.23,10845.476,57403.344,55826.895,26623.715,239128.12,8751.796,26149.889,684499.25,5077.272,68411.2,4945.759,9953.538,3689.5667,22439.13,128433.95,7813.0474,31705.375,3875.9685,17301.873,7744.301,10667.29,2046369.0,6409.556,48774.29,268967.84,15845.061,36811.254,2552.2622,52385.766,51654.805,740098.4,4371.787,24959.588,11647.928,3991.9895,85882.86,90571.17,19389.186,46672.72,4126.7593,2772.3708,1880.8048,8350.299,832625.5,4149.702,16118.349,426.80304,9021.813,7819.362,2027.8789,2694.3772,3059.3694,4841.4224,3655.0122,2739.9727,2174.058,849457.4,183241.47,359219.88,7417.313,6761.372,3822.3901,243622.08,9253.798,58042.023,159000.56,5413.708,5100.4355,5074.483,61388.08,9956.757
asthma_342,asthma,561718.6,289671.88,119636.84,17707.014,812384.2,63606.203,354069.12,11918.0,24321.041,119721.195,26254.52,742494.25,116679.46,6304.412,1155227.1,7696.753,269986.8,7006.193,3419.124,3039.3696,27244.266,362507.5,41908.094,23293.8,3325.7266,16798.38,7529.939,19960.102,5902704.5,25588.238,65000.754,355619.03,22577.912,22593.637,1395.592,24726.168,40002.285,170516.58,7343.3574,14083.628,29194.357,1218.2822,77617.61,107179.41,178420.95,46256.355,3311.6477,8031.0244,4695.2754,6441.149,280480.47,1675.7754,14175.724,1744.562,21174.656,5883.879,41180.203,1453.558,4195.1143,6234.8105,1970.6782,276.0122,2436.9504,5606927.5,4412.447,410779.66,24083.39,41511.582,838.5354,257490.3,10013.47,927834.0,417019.34,18925.965,2827.3633,6123.0874,41226.06,12655.832
asthma_343,asthma,348499.34,284259.06,177794.34,6737.115,1759483.2,45551.234,18666.982,14702.719,84814.63,140330.1,36481.855,729479.4,41429.277,54020.668,1004198.44,22224.51,85114.93,6923.672,20405.346,5191.8823,34684.16,231521.03,18650.201,62112.07,3718.6611,19967.09,8354.059,11394.425,4298246.0,19583.207,221236.81,443389.78,26577.037,90452.66,4910.4517,39676.105,91348.336,1692554.6,4806.6216,52490.586,39692.188,6027.044,110636.74,112740.46,236918.55,64393.375,4463.9644,5354.5815,3063.1572,7128.8433,1282014.4,2856.8208,13615.301,2941.0396,24363.664,7362.799,23848.973,3019.4863,6460.038,5370.6484,2681.5283,1494.6991,3716.6362,1111426.6,31803.498,1096130.9,20793.957,10461.735,3736.8823,466219.47,10584.824,1009249.44,222473.06,5661.1157,4543.7896,8015.406,82166.016,15426.995
asthma_344,asthma,441819.16,178316.67,95939.016,10400.639,793244.5,15433.691,6762.675,47801.066,4330.5557,136519.39,37708.715,879817.94,252830.92,45593.043,1627980.9,5565.598,121877.875,18093.785,22138.283,16373.706,59531.574,578703.4,935871.2,31149.936,8810.783,111757.54,37007.496,59135.082,5769714.5,48735.324,52501.35,425113.38,44684.79,37233.715,15175.268,36411.363,83381.516,5141120.0,11349.435,1642.4507,18218.65,25118.51,306607.06,198675.53,38786.75,113942.54,16254.088,23494.11,11380.425,55452.324,1041577.5,32968.824,113202.34,19757.129,16787.203,22563.404,103299.625,15659.015,13367.789,18700.66,19143.738,44550.707,9962.029,8294187.0,159312.17,123499.91,13873.706,5483.6616,13272.294,21827.121,18317.646,1737065.2,340121.62,13036.623,10861.707,4145.9155,186984.14,15180.884
asthma_345,asthma,70860.445,46521.715,50204.04,2978.1875,112398.54,6845.608,8034.832,28648.924,11946.383,37986.863,27531.715,322598.5,73803.86,20981.312,450272.53,3954.015,53742.36,9119.244,8818.98,9591.378,48555.69,157719.12,457022.34,27701.28,6071.7446,83893.28,27055.814,18500.75,1807776.9,6844.1978,28440.043,340427.0,24607.154,12339.8545,4888.398,76940.24,53903.074,2278409.2,8924.701,1364.9852,2735.4841,5744.3823,236111.05,95529.17,6808.6147,66330.164,11866.552,4309.6665,4723.5537,50399.812,679011.8,23019.137,44661.78,13055.673,23030.973,17591.93,79246.01,12700.79,2763.232,8271.79,24931.777,24621.545,2856.9504,5951037.5,498297.53,107830.65,3359.9531,4152.24,8937.291,47318.918,10997.816,694313.1,166719.75,9341.02,8334.083,2517.066,176896.94,13234.461
asthma_346,asthma,430364.53,100854.33,152995.66,11191.562,640859.06,12788.232,29746.486,46511.023,3636.1912,96847.73,40491.28,733698.3,106323.82,29604.78,1443034.6,4659.995,120587.02,15858.335,19937.404,12522.138,40978.01,572976.75,657608.2,33247.758,7654.4453,87865.63,31051.521,53789.176,4271057.0,24271.084,29177.684,403479.6,42387.305,21496.865,13241.405,23640.836,71678.17,3824339.5,9431.933,2282.9531,21300.701,11045.268,269818.75,158802.5,34065.914,87826.01,10423.51,18056.531,12572.039,42433.133,696647.1,27850.02,34588.332,12643.405,23330.863,17885.277,91180.266,14040.122,7499.3335,12113.17,17841.135,38022.02,9047.346,8029638.5,838200.9,67041.11,12128.383,5273.98,11213.786,28935.93,13854.295,1292081.6,385566.16,11173.324,8945.299,5320.5264,171861.34,17129.31
asthma_347,asthma,125842.7,202802.27,53552.65,6392.2476,218435.05,24195.832,9124.473,17102.312,2905.6438,40837.562,16611.342,224657.16,72481.06,32413.777,672648.5,4538.163,131801.72,11158.904,4805.9014,4495.882,43837.668,499150.34,203092.6,49189.43,4658.4487,29275.242,10255.053,18960.562,1147301.1,9558.501,102946.17,381088.7,32384.732,49003.08,2475.6768,98564.63,74929.734,351668.06,6076.478,4777.0166,1360.656,1088.5793,170688.39,133242.61,5184.672,41005.883,3847.9995,14809.254,10548.684,9524.111,570452.3,2103.253,27646.225,2325.0457,11638.644,8347.257,80316.984,1708.8174,3769.6675,7774.474,5161.362,2929.8296,2179.251,4914044.0,447995.56,421517.6,6041.2373,42471.594,1308.2876,270617.62,14717.38,561133.4,77367.375,29481.174,20730.791,5208.549,75555.39,9785.254
asthma_348,asthma,46639.746,6124.787,16608.998,579.28186,291406.97,51599.02,17820.184,26888.432,29952.164,14884.982,2675.661,4807.8916,66888.16,50437.465,37883.176,21956.213,52787.023,11940.778,5536.028,9188.364,80232.164,1219117.4,6048.335,57181.4,3301.135,38008.39,12331.207,15096.449,66040.31,1162.7118,46241.625,216718.42,41573.902,19976.957,1795.6431,308296.53,32370.559,3079652.5,7072.9404,8909.597,4175.5596,424.13925,215568.02,249386.11,46226.19,115518.23,20903.875,4576.3955,4949.86,15654.744,743678.4,5629.132,26357.406,299.2423,7684.3125,17632.814,33.512333,7898.502,3808.167,4186.563,1723.3916,32710.254,1929.739,7575090.0,7631.329,84400.62,1648.1311,21099.062,10378.849,486107.78,5959.3613,641800.3,344.0372,10473.286,80696.73,11782.488,22466.047,23494.02
asthma_349,asthma,437855.25,316682.75,158850.06,23575.969,441656.12,47348.8,13353.033,31598.094,120455.875,89611.73,35626.16,443929.7,165819.08,21353.037,1884029.8,19467.898,261119.27,17040.88,28527.105,12088.021,35019.2,1061204.5,958214.6,50234.066,4314.0923,95566.53,24606.99,52859.418,5395344.0,35544.914,67823.68,505174.8,49630.062,53150.688,9239.758,250499.27,98063.766,1322282.2,9808.446,2503.2107,4854.315,42319.973,341970.66,197111.75,76529.26,122698.086,5870.391,52315.52,16845.068,16657.541,902077.4,5237.0444,35806.66,814.2249,32395.451,11307.362,102343.66,2787.5437,4726.668,23682.855,7516.1333,3503.4067,34587.97,8307137.5,27224.031,252901.34,17562.19,62554.707,9443.904,200348.19,17361.248,1683857.4,116962.445,28235.268,9350.058,25199.973,219697.33,60190.49
asthma_350,asthma,471807.8,262995.16,170890.36,23631.188,895665.3,35546.438,5067.329,56396.59,36207.887,132547.58,46764.812,682485.06,232032.3,30161.967,1692666.0,15873.058,240444.17,19203.809,33038.7,15816.435,25697.605,810172.25,1039933.8,35369.547,8795.502,133666.42,52099.88,78168.805,6804288.0,58025.195,26078.86,443854.75,47179.5,19826.496,13419.767,65939.81,80616.195,4186151.0,10205.992,1281.7795,10776.803,55183.793,427842.47,197410.3,69143.14,118906.93,17943.059,40912.484,8034.8706,45238.316,911539.06,33451.824,21576.727,8841.526,40392.043,16149.585,103370.29,16120.839,6726.335,17095.121,14432.714,17715.309,12512.456,8306313.5,55546.008,40697.285,20012.979,11477.504,14178.793,26327.938,19298.916,1914354.2,345791.25,20041.248,9933.054,6675.606,232122.16,56025.36
asthma_351,asthma,281158.56,119588.59,104123.33,3977.697,1162254.1,15337.052,17222.291,31595.592,5388.7056,83692.38,19347.734,382160.5,179075.2,21915.146,331885.16,5140.319,234379.08,8676.561,8267.382,9172.069,48395.41,925155.9,468642.28,25254.658,4151.729,100750.8,30810.045,63754.207,4490802.0,11350.29,30036.922,400595.2,42203.69,27061.545,2795.9531,46167.156,65699.71,1237484.6,7355.043,1152.1866,29265.555,1748.5251,182521.86,130380.64,56576.68,113336.72,10616.227,17677.654,8622.714,23275.28,743542.94,6362.4355,123838.28,484.2986,14377.649,10509.278,102644.62,4421.1973,5291.349,17859.81,3937.0369,4588.0835,3521.0134,8308183.5,607212.1,164343.14,13963.936,11074.613,10220.633,192067.89,8473.961,1257222.8,24138.14,15719.137,16122.592,12161.685,90884.484,18032.852
asthma_352,asthma,317945.56,108090.62,213824.97,5827.523,578200.8,14083.614,20158.566,15616.569,37137.89,96660.14,36153.918,601332.94,76221.805,11588.291,1136654.4,5347.0786,94484.49,5870.173,13368.758,5598.0273,46882.617,178157.58,175236.14,25953.436,5035.336,46608.176,19674.074,29914.938,5389276.0,13364.717,35757.55,363075.25,18598.016,21398.09,4386.1685,37323.13,61760.67,1107368.1,5200.214,4544.0234,17376.688,3617.857,189031.72,113526.79,32741.527,50940.36,6100.5093,4193.0337,3887.4214,14227.572,520558.1,7166.7153,27056.176,3066.6335,23992.217,11637.301,48721.01,5722.2456,3252.1453,10526.714,4077.9536,5443.8555,2600.0422,5657805.5,79837.77,117246.0,12661.386,6143.264,6805.1475,124529.21,8412.725,602774.7,189685.08,7397.3325,3941.817,3988.5142,117318.03,14137.837
asthma_353,asthma,103220.055,60914.934,59219.17,3722.4836,229348.5,7637.5405,10823.001,14831.36,996.79285,36961.36,12164.516,142028.16,16321.195,20418.504,422162.06,3218.8137,48880.32,6595.87,2827.1987,2953.1333,21007.281,510300.22,26699.133,26981.912,4139.2217,19538.078,8241.998,16686.05,1673357.5,10177.473,55018.0,178258.88,13909.318,20309.781,1302.1053,13152.356,36817.68,124830.63,4565.2773,4713.629,8762.612,888.4978,108672.02,102710.71,8116.9346,35406.805,3014.4092,7657.4463,4509.9185,6971.0376,369304.62,1681.432,18955.283,779.83636,11090.13,8383.488,36740.582,1258.0287,2873.4492,7390.231,4834.634,1171.0205,772.9903,2530830.8,109626.14,286954.78,4567.046,29434.285,1114.4845,345372.7,9609.205,280136.16,93264.26,19775.168,9444.787,2965.7026,43267.51,8969.879
asthma_354,asthma,266562.34,14737.072,93782.734,4742.0586,222943.94,21070.95,353960.4,12700.499,14058.05,51998.47,27170.91,211116.88,11233.89,4550.951,513702.1,2165.1155,71935.32,6291.0947,5349.048,3113.2217,20716.5,210881.44,4508.5205,11574.395,4734.646,15580.908,7620.1646,13588.681,4010890.2,9450.536,10284.242,171511.77,5842.6895,8481.489,2331.343,13208.459,25378.521,163801.12,5429.9053,32503.768,28177.62,975.37036,85639.78,128392.56,52373.43,37115.3,3131.914,3430.8733,2790.3413,6885.166,282887.97,2941.0115,16881.045,246.01346,14740.305,6735.13,155.02867,2253.1711,1810.1289,5329.105,4004.801,3775.9116,5285.891,794042.25,2621.2588,25146.361,8573.272,24165.898,1230.0432,49110.027,7084.2153,44534.523,57355.734,12953.904,3376.3462,13229.148,46941.805,12880.036
asthma_355,asthma,443870.84,106286.11,102196.57,3524.811,1236784.9,30780.852,26289.623,34743.023,24179.73,115238.516,24272.01,450063.03,125568.766,14481.4,879675.3,4914.6313,142235.55,13587.073,21772.088,6690.209,29936.484,836031.0,344235.28,26637.863,4272.003,86863.58,20358.07,24383.145,5293189.0,46175.742,17739.57,416133.03,36732.1,30310.762,10894.222,12800.704,52908.34,3634276.2,7932.045,1921.4141,21450.787,15854.523,142392.98,139258.75,153828.58,103349.88,9429.846,32286.111,11666.295,22439.066,690951.6,7222.636,31285.133,5315.0176,15160.411,9889.2295,57942.47,9577.976,4726.8574,13186.331,2645.673,14498.9795,30335.2,8285688.0,80615.96,85086.68,9316.312,10138.07,10008.008,53965.055,7522.021,1198424.4,119323.61,9748.868,5991.6094,19025.719,116575.35,28650.428
asthma_356,asthma,214378.31,59700.035,46606.223,2047.2921,380494.94,7127.7217,19296.764,34091.1,5600.773,47388.24,33059.598,494103.0,18070.883,11951.888,384830.34,2237.315,59004.777,8084.299,7706.964,8133.3486,26545.322,332491.2,49382.24,22453.453,6274.585,43564.68,17875.506,17733.92,2958657.8,4988.695,17740.5,333525.56,21392.03,14414.35,6463.44,14733.418,45164.426,1917213.5,6607.614,4070.445,23741.812,852.0624,174613.73,111953.39,22567.43,66641.805,5354.127,5333.0054,8703.806,21675.666,497674.44,14394.759,41050.766,5697.0737,19134.428,10562.557,23701.203,5963.8306,2674.8008,8980.768,27712.906,29614.805,9395.031,5634887.5,174412.36,86969.016,5601.649,7004.5024,5190.9316,33407.76,9577.839,325655.28,76990.88,9932.372,9682.898,7930.063,146028.56,12820.143
asthma_357,asthma,486088.78,78426.945,82238.61,5490.759,942840.8,23608.232,1232859.9,20758.885,22798.88,101249.84,31044.03,792978.25,247382.36,37140.05,1473001.1,4269.2856,212264.98,13425.399,28122.209,16643.52,55415.105,925462.06,590646.56,53311.668,11703.997,148069.12,39257.11,35395.055,3261801.0,31883.43,37529.15,535767.7,50440.445,27540.46,4873.0947,153815.97,90080.94,4913046.0,12856.546,2158.0188,8137.112,609.258,261779.02,193111.48,49571.55,123366.305,21167.408,10430.988,17082.766,29153.734,943132.2,20286.688,23564.705,2839.4421,7950.5337,24308.334,99731.82,18764.799,10656.644,23777.773,2413.9722,39055.64,3698.6973,8311139.5,2165010.8,35554.035,8738.1,4976.713,10510.19,27609.178,9090.36,1899800.9,111076.23,10107.764,16640.867,5826.6226,99226.06,20447.658
asthma_358,asthma,204514.75,138844.88,110643.914,9340.164,909721.44,38361.45,22895.016,21747.414,6284.929,73800.34,28553.645,236917.4,27029.74,10400.401,473221.44,5600.4204,208385.62,9910.976,8739.908,5298.6626,52469.766,704375.9,46721.707,24611.238,4556.6543,30796.943,12855.822,47486.957,3907947.2,8307.908,19156.158,292575.7,25740.48,17520.8,2967.7107,19212.73,56505.934,250776.78,10126.638,2093.2568,19469.459,1830.1398,163190.22,120759.65,82110.24,62280.406,3905.7275,17750.248,21119.717,9231.636,341098.06,2640.8691,29592.951,2607.4758,23534.072,8507.756,30413.674,1881.0964,3582.9482,13426.859,6360.6455,2267.4465,4225.1704,4221994.0,60592.44,96203.53,11569.958,68900.44,1142.172,140921.0,10055.974,514161.8,140811.38,38585.6,7223.4697,8697.125,81729.93,18705.066
asthma_359,asthma,599332.56,435745.34,86095.91,7205.8257,1278812.6,20936.896,17366.58,32417.148,29859.213,97197.58,33683.86,782603.75,246341.78,24814.543,1398631.8,17954.016,20583.426,13957.598,10306.994,15616.956,73633.445,714429.06,656173.6,49363.22,6224.881,171664.11,45235.21,26409.846,5037841.5,65988.25,39940.758,515734.3,49047.496,28623.771,11751.715,30675.586,81579.63,3698269.8,10532.85,6191.9087,13634.962,2456.033,173870.28,222804.3,115128.445,120156.305,28107.568,9509.57,11231.961,65103.863,998879.25,31391.89,66925.04,23733.367,19905.143,14610.099,99560.58,22558.133,10440.165,15086.086,4388.0894,45847.863,11937.0205,8311575.0,4108.4478,76895.195,7960.1094,15180.855,12807.628,74222.01,14434.559,1990955.2,455255.34,19026.953,39762.32,8375.688,154480.89,27016.596
asthma_360,asthma,289671.6,110885.61,30037.037,6464.704,91932.05,15756.361,138677.61,22044.568,11267.712,56486.375,27483.47,635957.3,144942.73,30190.717,873626.56,6049.8755,140317.78,14208.154,12170.713,18532.857,44989.805,849461.44,182924.22,49235.848,6666.2207,99146.13,26884.305,24823.846,1701545.0,11903.335,92571.21,512624.94,42480.63,31166.459,4992.0415,66177.51,89905.766,3268059.5,9962.361,2601.5955,2850.7632,382.6336,270106.06,189828.95,7397.9326,105373.92,11480.755,12447.598,29676.016,36866.625,768751.7,19762.611,59702.2,3419.623,10374.196,14445.452,88031.125,11872.585,8079.928,14965.651,17778.594,36661.582,6302.999,7119702.0,290885.78,187289.5,6599.6777,11105.064,5007.1685,71528.28,18105.057,1180165.2,353220.9,21427.6,24879.9,9371.771,147657.94,13296.747
asthma_361,asthma,330208.4,299047.0,110799.875,9654.836,1072534.6,36223.773,9308.122,21641.707,4869.554,81250.88,26475.615,564979.2,39876.17,18377.771,775421.2,3706.0293,184676.55,9181.189,7135.5986,6548.6416,43920.4,516791.88,63634.48,37766.73,4033.1206,28985.895,11314.87,31245.117,4846494.5,22176.871,82365.14,398235.8,30166.568,38736.477,3959.2007,18653.688,63279.117,634519.1,7057.6226,3979.0557,23161.594,535.0699,176297.05,161260.38,96501.62,54361.3,4649.326,9432.823,19651.627,11355.866,535798.3,2657.886,25698.145,2651.352,20000.537,7967.637,60306.207,1819.4348,3640.9429,10222.827,3585.8647,2854.7966,4993.889,6065339.0,36601.703,431311.2,16549.135,49766.473,1716.0015,283417.22,12943.246,867021.4,317373.3,30366.084,11948.468,9643.884,65596.28,13927.891
asthma_362,asthma,30314.318,51329.76,31751.521,1914.3887,54657.2,14780.765,18512.152,15221.014,802291.25,20979.791,15976.823,406555.3,96687.43,9679.713,528081.94,5801.4673,55001.895,7201.669,8626.77,8559.31,40288.477,105796.84,153737.8,29435.857,6406.671,43337.594,18001.87,19535.041,1556121.4,6366.3086,31447.627,358342.9,16062.106,14783.302,4458.9937,598320.6,50433.52,2045662.6,9160.268,2428.969,357.50677,6771.556,171254.17,90587.67,2951.4097,44129.406,11271.722,5048.9614,3176.2043,39992.215,648721.3,20523.053,101149.95,4805.411,13559.577,14283.139,13518.94,8452.731,2187.6226,6828.4053,10354.101,13113.652,4868.1562,3167191.5,58987.0,110835.59,2528.0137,4118.4536,6815.307,98763.266,7936.4717,462066.2,12146.997,10515.575,3821.887,3614.3796,187100.97,19971.68
asthma_363,asthma,295273.34,219384.11,90424.625,6359.3594,751136.2,32613.346,14498.841,29886.562,17068.955,109858.91,36510.36,403821.4,31871.36,10443.82,820229.8,5413.744,95176.98,11438.785,13654.639,6104.9155,42914.133,476822.0,101939.984,30942.94,4756.814,39022.617,13437.569,25672.96,5723859.0,11754.203,22803.295,334777.94,20017.025,15405.661,6611.6235,16022.923,48189.906,1297845.2,5551.807,8911.39,22144.893,10991.787,193174.84,118349.86,106690.09,59145.234,5690.2905,10469.61,9795.778,13396.71,480033.62,6494.6484,18242.385,2084.4824,34738.883,8447.46,34016.695,6738.6,3223.915,7653.2627,4230.663,6504.6978,8352.92,5119582.5,16313.788,55730.664,15363.271,10020.559,6770.1743,44128.734,8029.117,513259.4,84026.516,8108.4,3671.2961,13831.507,84160.93,21867.898
asthma_364,asthma,63036.92,37279.12,47766.523,2772.8667,125753.086,8128.61,9199.686,23620.191,3181.9604,27748.293,19566.74,246346.48,19540.072,10850.483,262732.66,2115.0898,89349.83,9276.969,4151.8125,4981.12,44146.496,337843.8,51908.74,22372.012,5953.458,28149.578,12207.134,12747.779,940087.06,3944.5063,16651.744,285213.0,16481.262,13018.259,3625.046,42443.574,44470.184,787990.7,5706.2646,3204.6218,3181.402,1226.0107,234276.95,97187.84,5680.6104,41500.5,3968.6426,7294.84,5810.406,11897.354,460120.38,5788.572,39212.06,1148.5292,11461.806,11219.295,12245.09,3114.5852,2620.0437,6422.53,14166.749,10373.762,1853.7745,2492059.8,192805.28,65545.69,3659.635,14896.869,2039.6967,62055.76,9999.965,61260.992,32724.639,16531.355,12494.926,2588.952,108444.78,10918.542
asthma_365,asthma,351812.97,392923.0,53259.12,4937.312,1395011.1,38384.47,3664.739,51644.61,17884.117,90897.66,38801.03,161878.27,236048.67,17715.764,428249.88,8605.033,51170.277,10823.166,13464.459,22484.867,38139.035,1056866.6,590583.44,42039.434,4883.448,106403.15,29630.371,22092.324,3698343.8,12504.38,34718.117,425684.6,47134.434,25893.826,6662.769,13076.159,78215.336,3742520.5,9427.696,2941.4043,30316.89,2862.8518,233638.61,208413.84,138234.47,113309.81,21308.383,17268.771,24198.924,51801.223,941616.06,34253.074,35237.027,3094.1775,37141.574,10011.626,100353.31,15962.156,6977.2173,11026.994,4790.0117,35404.31,11171.949,8293451.0,24726.592,80650.8,13704.647,19046.234,11264.876,88097.72,15400.857,1631252.2,227519.2,12839.317,50732.61,15474.666,103768.93,38674.242
asthma_366,asthma,46399.418,52435.95,31388.537,2589.6287,761795.75,26496.834,3477.419,48678.605,1150.0194,69496.69,29143.422,67924.27,13207.603,8249.902,75326.24,3108.9834,47095.793,10270.676,5473.3203,6708.1006,17986.94,663512.8,12753.689,18393.852,6131.0527,29639.246,12563.373,18807.531,2424082.2,2984.94,11371.777,184596.25,6490.2144,9487.818,4812.847,6490.32,36607.324,530594.44,7246.09,5618.537,33794.547,7025.854,206047.83,90415.055,113960.69,76664.836,5678.568,21255.266,11480.175,14369.122,356728.75,5171.124,18942.615,1023.7342,35846.12,9717.713,5148.43,3033.4111,3595.044,7822.07,12563.361,8392.577,4904.427,1234627.1,15306.291,49716.0,7412.2983,35555.22,1926.1371,33694.24,8819.225,61216.664,27665.848,19314.973,6170.66,11727.25,41837.45,22710.838
asthma_367,asthma,28616.047,58745.766,31805.621,3353.699,49142.26,18277.336,82429.49,9716.916,55976.49,22084.572,9369.688,328720.7,83208.266,30679.33,502651.84,14436.968,65620.37,10178.463,6175.2114,4775.1807,50115.062,222711.25,85587.6,53413.96,4533.356,31511.783,12639.981,15690.095,904927.75,14057.004,180160.89,434788.53,24524.264,48933.21,3438.4517,510500.78,73680.86,215059.17,8207.771,2269.677,327.70517,3478.328,149920.02,105585.27,1399.0593,45171.535,4605.0825,4705.2915,5044.3643,12274.31,652376.8,2291.2266,34033.535,4323.9263,12627.763,11161.608,19272.705,2284.8838,2429.5344,7077.651,8199.907,6975.6,3756.1313,3587512.5,215835.44,488555.66,2147.2925,26939.871,1447.6531,280287.66,12644.454,140038.66,4743.2075,34157.1,11798.377,4543.738,117756.2,11373.99
asthma_368,asthma,210026.64,306215.22,111502.04,13933.815,1254878.5,37308.18,2744.2222,28231.068,9574.332,75510.01,28112.367,243952.92,45902.727,20379.303,575757.2,5517.408,188559.44,10988.422,11765.037,11494.429,40798.285,816098.3,246657.97,32432.918,4211.9873,56004.79,14847.679,36073.258,3944819.0,10672.623,32336.71,328083.34,36892.195,28789.434,4669.455,18656.8,66479.81,746788.5,9376.537,3053.6746,20089.797,2141.0457,210992.28,144147.34,79481.85,74885.305,6733.229,22265.773,44375.324,19823.13,453828.75,6381.593,29938.227,3370.4602,22136.658,9147.459,83364.1,3183.67,4492.881,11853.679,7064.789,3673.4436,5466.725,6866175.0,96279.805,154350.84,14903.506,52406.953,2600.9106,170142.48,15335.998,1156027.2,357017.03,28679.541,14500.735,10043.168,90862.3,22872.799
asthma_369,asthma,167199.66,127506.68,40718.56,1632.9989,614546.1,23223.35,168193.12,33409.293,3153.491,85067.21,40197.902,327992.9,6654.874,11297.639,293999.62,2522.5159,36118.043,11196.665,16513.943,8391.736,31984.693,370269.84,4838.8184,26725.73,4697.8423,27793.82,13757.043,16382.125,4388178.5,13006.655,14182.012,319064.6,14557.771,11077.317,10036.973,7547.0156,43191.94,1797061.2,7117.1646,32303.482,38367.156,1670.9641,126116.03,126818.21,151748.73,73241.31,6118.183,9919.601,11396.185,17198.129,515017.2,13700.845,17738.217,3135.7407,33498.945,8887.411,2068.5374,8208.218,2300.7415,8122.9756,11234.575,22161.943,18573.998,3502353.0,25270.898,59518.574,10080.316,10376.324,5915.4424,23314.27,8238.037,455706.25,74395.984,11272.409,4226.3027,17432.643,92053.82,21740.197
asthma_370,asthma,268026.8,30059.16,115237.64,3587.6235,283022.6,3792.043,58218.65,26912.445,18863.074,56828.406,32155.299,618943.94,20388.828,15182.607,746372.7,2962.0747,45964.363,7746.931,16494.094,7171.632,30007.346,274999.3,40283.406,25651.963,6779.324,63034.574,21750.193,22444.139,3745816.2,10228.542,15304.715,394882.03,19323.633,15505.883,5593.0264,18221.049,51637.27,2405722.5,7121.7686,4699.048,18821.223,608.03705,142555.36,98795.766,12290.042,37698.79,5947.283,4163.671,7527.318,24718.48,423818.0,12552.653,34889.754,5276.8784,13245.99,14840.841,18785.123,7962.076,3429.9404,10866.867,14111.676,23383.3,3763.4336,4301051.0,522558.62,123795.06,7551.595,5356.4053,6104.188,54465.812,9665.717,467234.3,121869.85,9886.797,6922.014,4883.481,121557.266,12337.324
asthma_371,asthma,317494.4,230502.11,62311.836,5947.907,1050884.6,48185.402,44476.84,31188.877,2842.426,106335.28,32380.254,338236.78,17820.1,10034.818,409458.03,5135.634,147478.36,7072.812,6433.928,7231.9146,30707.285,580420.7,51363.402,19684.547,3672.9424,30441.01,13167.48,28373.072,5270245.5,12339.689,22306.371,291946.03,15063.327,14505.272,4464.9097,8521.294,38749.89,383134.5,7107.83,5280.7153,40874.617,1277.5635,115019.25,132020.86,243509.88,63058.266,4992.608,10773.0205,14407.381,9781.064,384797.66,3839.4087,15624.151,2294.218,39993.36,6771.9243,36114.94,3918.5688,2960.5803,9424.783,4806.7817,3963.8035,11121.281,4499320.0,9635.729,96265.664,16513.912,49743.08,1797.094,85635.04,7924.664,561814.0,292061.6,18115.766,7465.94,14938.471,74122.41,23343.46
asthma_372,asthma,245682.73,95665.016,131589.97,7781.1436,289442.12,8005.725,45411.176,41797.65,6530.821,82571.984,35700.65,724717.0,136268.6,26719.816,939382.7,3488.6394,100556.414,12318.206,19814.814,15608.126,41020.2,488353.5,631149.1,39914.79,8050.8267,118988.266,41446.074,27937.303,3267507.8,11965.745,36748.082,406307.25,38833.387,17233.562,11835.299,30350.71,80034.53,4115026.0,10042.785,2953.0432,8977.496,3507.5466,246542.48,145789.08,21273.355,94103.65,11335.837,16940.816,12595.623,45823.996,701993.9,30549.695,33537.34,8243.382,13134.882,20004.639,94791.625,18178.367,8309.62,16786.178,17398.992,33382.03,5095.242,7880769.5,1617178.4,114271.08,10047.997,4623.1016,11421.092,41587.664,15165.849,1248161.2,355201.12,12065.814,7544.3022,4597.9277,134687.05,16215.611
asthma_373,asthma,55271.17,82798.46,34671.33,3701.6482,735886.06,29756.844,2230.9106,32041.818,356.47928,30260.129,14435.908,40688.824,16655.969,30577.854,54939.04,4271.9624,67975.6,9501.71,2404.073,5446.6553,20633.998,660559.25,10351.365,43395.414,6926.228,25422.344,10345.068,41824.004,465851.03,1147.3386,61468.63,139899.97,23214.78,32102.441,2642.5364,16490.004,52620.35,240350.17,7251.151,1635.384,13474.004,751.02374,250444.81,183024.03,25327.55,83088.52,5656.9756,8159.946,11064.984,11539.542,608731.8,2355.5862,29683.176,373.62973,23568.459,9682.474,37211.492,1796.6825,8458.417,8563.563,5006.1177,6014.605,1426.8888,48394.254,191874.55,157416.64,6150.27,86043.13,1486.9872,395736.3,12590.663,115086.19,8427.984,41143.97,24526.838,8493.445,18181.54,14991.98
asthma_374,asthma,652098.75,376733.62,159839.95,9230.051,1352336.1,63988.418,184204.62,37989.22,31127.367,165549.67,53252.67,821143.94,243809.4,22902.682,1779027.0,11028.804,222946.06,15088.374,27766.85,12199.558,41493.85,468462.66,676722.7,39181.066,5881.5615,48128.543,19275.941,49813.863,7768673.5,49613.74,38326.598,533431.1,36013.547,33091.266,13846.197,10339.88,77780.336,3489973.2,6895.478,6283.257,43653.348,9441.5625,185392.11,175105.0,290867.47,111755.195,8935.885,6295.1045,7788.6577,18022.674,717343.6,13416.376,14286.708,6496.755,48655.074,12695.667,82982.88,18493.783,5856.5547,11091.695,2057.2454,16780.047,10100.305,8117861.0,55152.65,164202.14,23191.81,10061.701,11351.102,30304.895,8817.097,1691613.9,530806.5,7873.403,2557.032,17080.795,118380.91,43506.426
asthma_375,asthma,506973.6,295083.9,97215.75,12207.961,1591848.2,22566.008,7075.1196,45137.3,8221.428,140692.05,44437.113,831644.6,272062.3,41202.99,1534216.8,6162.5137,83338.664,15776.149,14646.372,16534.414,50854.395,562264.75,944325.56,39847.582,8327.306,160501.06,50637.82,41572.082,6667058.0,51425.016,36104.99,491284.25,48516.58,29116.78,15021.421,34969.137,76276.92,4951187.5,13677.266,1354.9381,26655.396,19526.51,260834.53,198039.17,139392.81,115677.086,23103.57,14009.664,14268.529,62275.832,880690.1,32656.08,39252.465,21451.645,37451.418,22240.223,104939.086,17606.146,15876.025,19724.219,8714.978,41920.164,9115.452,8312399.5,120900.234,93741.33,16885.28,6822.474,12439.101,18686.629,14900.849,1971808.1,255288.47,14178.617,21429.807,5845.4375,215196.44,26788.2
asthma_376,asthma,136383.27,175847.36,60251.137,7120.682,147463.45,13928.368,19053.174,14588.571,9208.517,37318.926,14174.155,534179.94,89905.08,17745.916,783059.94,4643.48,128000.234,10078.566,3938.5994,3692.2566,48918.934,465625.84,188293.84,39504.574,4271.62,24889.418,11123.393,18060.873,2520127.5,15475.315,96121.73,406297.56,24810.023,38357.61,2031.2872,152602.94,62737.766,323953.78,5065.8984,3342.8645,1147.8398,4276.125,163542.17,140673.66,4416.3335,39146.855,3720.524,17724.197,8574.777,8993.351,400826.75,2037.0681,31395.723,1716.3577,10252.256,8477.744,59605.312,1692.5275,3572.893,8722.629,4347.7246,1164.555,1393.1635,6007059.5,112033.82,386213.84,7178.708,37416.93,1316.1702,357730.0,13522.396,499043.72,67939.37,30429.486,8025.695,3417.911,104639.08,10867.852
asthma_377,asthma,394128.1,324015.28,58933.695,9010.712,1210944.8,19998.498,10511.955,61115.223,6882.566,127501.2,40259.016,689362.1,161810.5,37460.098,1417428.1,4475.6553,116214.59,19903.453,26138.395,13655.473,49831.633,741015.75,729210.2,28233.545,5609.006,70281.05,24626.312,38934.848,6076078.5,59339.023,36956.145,477930.1,45115.695,35722.92,17391.89,18671.879,81754.25,4623318.0,10235.871,2669.1736,24261.896,32484.926,321497.75,174031.36,140856.5,101929.38,10651.796,37445.168,13350.308,47561.785,960824.4,30457.795,47536.074,20106.264,35425.215,15704.228,96231.79,8965.568,4894.1084,10391.557,15964.805,43867.49,30157.795,8287537.0,36672.42,101640.695,13272.458,7602.9946,13287.1,18363.51,15192.385,1698101.9,213026.28,12515.225,9907.602,11321.186,221140.4,29814.48
asthma_378,asthma,5191.907,4013.9226,15965.779,1684.415,105796.44,8065.5527,881.4137,75939.414,1023.37994,21296.395,3816.2039,3104.434,2612.6216,32972.723,4403.0327,7090.1167,2331.104,23211.06,2907.2576,10106.376,5805.0264,927202.44,342.19418,31316.207,41903.58,53650.797,23982.45,20604.207,45001.133,766.7082,14576.694,100570.414,4522.3643,8829.687,6802.766,20735.16,41382.957,2131976.0,9235.361,58289.707,3192.9192,2231.8452,316843.78,230819.75,1453.601,84125.38,25257.404,17999.5,20967.41,64172.062,1041949.06,30091.803,56652.973,135.67839,5657.5586,20753.719,35.220314,25964.28,33173.992,6417.6187,21949.22,24455.084,2853.5686,1160.0586,2365.191,1859.7886,2434.0413,36234.277,8676.751,122072.484,20230.096,1327.6324,183.58553,14478.39,17536.682,2922.159,2640.3262,21809.996
asthma_379,asthma,76588.47,59787.953,55020.1,3489.345,170952.62,4607.846,5454.5996,23916.12,4085.0825,24250.236,21718.064,330253.78,8493.47,16141.655,426465.97,2705.2866,67696.31,9770.436,6415.8257,6717.1987,42722.082,544929.25,71972.99,29335.135,5237.599,41842.676,15175.875,12274.134,1340290.2,4845.6636,21826.934,335421.25,23686.31,20704.451,3393.596,27251.646,55535.414,1207716.6,6911.4717,3715.711,3791.4316,987.89703,178060.75,123482.59,3058.9229,44476.332,4529.734,7346.09,8810.531,15904.335,462778.84,6546.4683,44317.13,2595.0635,10002.35,11875.417,27903.404,3435.8909,2720.1184,8383.257,19102.975,14587.737,1851.4331,4237427.5,215956.7,193551.22,3095.6301,10014.062,3363.1245,107733.2,12796.956,751556.06,65298.68,15780.514,15869.531,3692.2566,180862.58,10449.17
asthma_380,asthma,177646.89,106304.15,43282.492,1267.4733,1290226.0,28420.818,10380.778,31175.525,6430.474,69641.39,15523.136,137095.02,141072.81,25523.965,281615.28,5224.3916,162608.27,8910.3955,6661.7583,6650.0137,57813.805,922773.2,14322.275,26471.701,2628.4397,56882.414,15296.674,30396.623,2889208.5,14314.996,20527.262,294582.28,28012.78,15623.02,2840.0015,17174.133,36674.484,1515314.8,7758.7993,1251.5831,37794.004,862.4017,128856.484,112383.1,217281.95,103227.05,7793.748,10275.967,7100.3086,13220.458,608549.56,3495.8086,40894.113,3415.7695,16570.945,12098.795,64899.047,2658.898,3998.5254,7015.896,2630.572,8855.968,4291.2686,8235576.5,84477.766,147694.69,10562.899,15170.594,5515.9297,117495.61,6192.2217,912659.44,78159.94,15495.194,21037.576,20874.21,41738.254,21667.17
asthma_381,asthma,88341.04,52734.344,55501.633,3888.3633,321617.34,15365.06,50526.0,15917.0205,2569.2427,23102.227,15457.497,79492.39,6353.333,11617.517,276685.56,2476.4175,55890.98,7297.6514,3954.079,3282.4817,21524.336,348107.06,17701.51,18132.291,4460.912,18200.953,7869.1235,13820.628,1298705.8,4646.5283,20696.416,140586.89,12572.902,11245.735,2425.5012,18350.064,29443.916,95155.734,7584.142,7570.36,9899.998,1133.4716,88883.58,115389.4,16272.701,27886.406,3030.036,9297.315,5773.4795,7131.8086,293857.78,1865.9148,17174.395,710.1264,12176.111,8128.083,2756.823,1423.5211,2668.863,7103.3096,5131.77,1875.1692,1560.3339,657536.7,111465.67,77235.12,4147.7866,65387.668,806.84045,143774.31,9058.554,198266.12,56180.844,34160.26,9710.375,5495.5635,30645.176,11120.199
asthma_382,asthma,43492.74,21553.547,11739.56,1887.8502,41048.965,43903.438,159245.64,13739.512,1294.7709,22405.3,4245.2974,123166.805,86180.94,61244.285,264190.22,25664.932,101944.555,22530.31,3204.3896,3920.6067,14883.79,675931.25,14781.893,73724.86,8568.711,20338.256,9257.664,11552.613,108367.76,14977.56,214126.17,518850.16,37740.16,90489.32,2925.6833,149943.47,96953.63,283535.38,7356.474,2122.1416,224.68062,1796.0757,199284.3,151826.75,562.8742,61057.84,4472.7915,8655.641,5248.832,7335.2095,1152361.8,1491.7529,13218.995,1495.5195,7671.38,13184.634,41611.07,1972.3524,3324.7463,5929.1353,9943.651,14619.312,1600.4198,1258549.5,75200.195,397813.3,1650.3903,84557.56,1152.5386,471825.38,20173.336,256341.67,140.27272,45409.184,14317.085,3584.548,85943.16,9875.714
asthma_383,asthma,37169.14,93539.77,36267.742,2607.5642,167446.03,8103.8228,3616.787,22352.477,4504.686,24805.08,16826.828,205915.03,34235.926,15809.647,343618.62,4295.364,48421.863,9359.096,4355.8857,6446.312,41164.105,377600.88,297237.5,26149.965,4867.311,46473.332,16497.209,12308.389,936863.3,3366.0647,26838.371,279496.22,16045.586,15340.489,3208.9385,58906.16,49753.184,960225.3,5462.003,2229.503,1584.0852,3472.1484,242481.19,82941.9,4229.723,32983.98,6962.5186,8944.216,5975.042,23653.059,534054.6,8144.791,26760.902,2920.7375,16353.761,14157.523,62772.836,5260.786,2143.4607,6454.1807,14831.997,6294.456,1197.9265,4467078.5,261141.42,172302.47,3729.8948,5450.9326,5736.8096,151348.38,10324.222,412032.0,48566.85,8145.1562,7299.552,1905.699,172247.6,12219.925
asthma_384,asthma,174110.72,27696.55,269120.5,3453.3032,199085.4,6624.52,58863.535,10984.137,164742.67,60366.168,26637.176,485775.06,111743.26,11062.431,826526.56,7549.888,64100.13,3657.778,6920.4033,5051.2207,43011.156,82925.45,56902.055,25819.01,4639.0176,73393.74,23405.68,23737.012,3905116.0,13036.374,74552.664,355205.53,19822.867,27728.373,2239.2603,63955.594,72476.64,442255.03,3973.0894,2087.6033,8966.705,2374.6196,137365.8,83376.03,7477.6846,66395.03,9671.877,1964.2711,2307.3591,15527.519,620672.9,7024.018,28040.285,1319.8193,14658.907,9933.944,55467.715,6880.9976,4035.7107,12734.012,4643.4624,4028.1455,1418.7593,3158634.0,199115.98,168670.52,8516.711,4156.7383,9275.314,326746.28,8451.385,211145.67,223404.52,5790.278,3177.568,2397.4763,93871.41,11047.185
asthma_385,asthma,9856.987,19299.764,12469.057,1216.3407,43499.87,14982.561,131114.95,18447.7,2107.777,13537.843,8327.527,47076.527,37658.15,27654.504,67098.62,4972.4614,49861.773,13026.779,2764.8274,6989.0664,33482.465,327320.16,61719.28,51731.367,5476.49,57710.734,15839.002,8515.135,89902.94,3969.6458,130150.81,379647.5,20104.94,29423.424,3088.5269,129321.97,73027.95,577561.56,9405.234,1512.8568,397.52457,457.05853,201496.73,106020.87,650.8873,45448.09,5845.0806,3862.1797,7462.608,21555.355,675702.44,5489.0938,17883.264,4779.551,11332.831,13845.22,42204.055,6155.734,2735.565,8070.1235,31983.32,20926.336,1570.3939,884527.56,2955364.0,243141.14,1610.4836,13348.411,2242.1326,203559.9,15070.411,163982.6,6426.323,25852.766,19692.754,2591.8137,142835.83,9557.115
asthma_386,asthma,79663.15,30156.242,51732.7,2712.8787,233740.9,9574.752,79480.484,19199.744,4011.626,24517.834,18789.477,92540.14,3437.0022,7070.4717,202764.17,2159.401,31416.36,8069.1846,5785.596,3964.4954,19315.508,265324.16,5518.403,15070.813,4679.5723,19749.158,8526.456,10888.945,1951268.4,4008.4739,11586.18,149559.3,5438.697,8403.839,4433.914,10189.886,27413.523,169393.52,7357.1826,13228.227,13568.504,1530.4095,100733.88,111730.26,29225.781,50163.215,3466.6743,6938.2485,5631.4087,8583.917,316476.56,3144.4968,16800.77,1452.7516,16384.688,7986.3535,232.63379,2161.4673,2070.6482,6758.735,9037.721,5544.118,6278.9014,942889.4,42093.55,39979.44,3883.137,33468.992,1203.0823,42744.05,7887.616,71990.91,31717.594,20168.662,6734.6035,11624.566,46381.945,12913.493
asthma_387,asthma,129471.53,41380.71,317914.34,6035.9844,67522.23,41521.246,42081.39,6894.406,7736246.5,86613.68,29340.982,339172.56,221772.53,6963.913,1581383.6,20549.18,161374.84,3061.1443,16632.934,6198.2075,26533.602,36390.047,556297.94,27094.186,6471.472,38864.29,24161.174,74977.84,4671535.0,18539.805,42198.54,396905.34,28986.613,47685.867,3059.0366,891503.25,72649.58,1912814.0,7767.5884,2198.0984,563.5821,46958.06,90493.984,98442.414,8480.713,91550.055,9522.304,1663.2637,1609.2025,21519.697,691032.0,16358.894,263824.38,1703.6765,13748.636,10190.449,6983.1626,5103.243,6294.6724,15437.71,2372.5408,2397.172,13702.726,3887247.2,25941.36,140312.7,8035.9434,3639.3733,10756.604,229950.12,6150.0884,753789.9,142924.27,7037.363,1951.7091,8023.2686,145906.34,36535.195
asthma_388,asthma,145534.6,136699.05,46800.773,6998.9194,247829.14,22484.053,5548.8423,23473.525,3102.711,39233.19,16889.902,288772.97,57818.324,38695.12,619742.5,6174.0454,131222.78,13750.589,5582.8354,6481.578,41310.324,734904.25,176813.62,44628.273,5238.658,40708.812,14299.317,22177.758,1206696.6,5980.6924,66852.63,389443.47,36586.277,45197.348,3459.5845,62591.29,77729.61,765461.8,7910.1426,2363.4158,2350.896,1490.5469,227553.27,153918.25,10143.487,66820.0,5216.3247,15227.577,15011.524,16441.26,629064.5,3529.3533,48490.348,1905.7462,12696.224,10139.222,66461.87,2712.5164,4014.5813,7825.7114,10044.7,7841.7607,2181.7163,4769241.0,336096.9,348655.6,5467.3457,40447.207,1993.8531,230551.34,14891.287,648209.25,78020.08,29749.295,25594.803,6806.368,116128.06,12445.021
asthma_389,asthma,214194.39,84627.34,71006.84,4163.274,762553.2,12437.76,29347.14,17422.139,4918.51,75657.2,32837.184,275526.72,8718.096,11079.431,398124.16,3336.1235,55314.47,5317.376,5213.6934,4618.9844,21693.162,218203.11,12326.95,27187.914,4296.3145,22179.959,9724.509,13611.743,3377334.2,9155.175,35969.645,241497.61,12326.257,17335.668,2880.4507,6680.364,42157.43,747569.44,5188.3823,15415.465,37008.344,457.1173,124361.516,123201.93,47946.438,42996.64,4520.8115,2591.3845,3963.7544,8575.186,398288.97,2886.9585,13929.126,1142.8601,27243.512,8444.624,6326.526,2365.7056,2768.137,7305.584,4831.766,7585.9434,3619.866,2824584.8,45879.047,183453.58,9951.764,14452.287,2202.5825,143256.69,8935.748,284032.25,196248.56,9704.079,6855.5923,7958.887,52394.66,11179.442
asthma_390,asthma,257805.8,187126.31,121578.37,8308.971,1050218.4,24461.172,101011.81,23970.193,7784.261,72673.414,19849.314,487726.56,139808.06,26466.955,840324.3,3420.5334,343156.56,10433.336,18336.943,10811.786,63590.133,691675.5,120468.625,54209.504,3478.7925,41779.793,16749.332,78772.81,5049611.5,12524.79,82978.45,505747.0,45420.36,54084.176,3935.9966,78542.516,92437.82,358026.25,12975.122,1418.0675,21253.28,1044.4402,271183.9,147952.95,78382.68,109603.04,4738.247,12011.527,22914.021,15618.743,645943.9,2820.9133,112729.5,3647.52,14552.996,11793.934,94046.055,1604.976,10036.369,15808.5625,4460.5464,4389.781,6854.6704,8137976.0,1221389.0,452993.78,19280.299,60945.035,2683.3953,233621.23,15466.714,815217.0,96893.55,47619.152,15380.703,20133.953,63742.23,15897.329
asthma_391,asthma,458424.47,197189.22,200993.52,11740.657,668647.94,35278.688,53187.5,48207.695,9106.5625,127489.77,45048.496,623477.2,188924.66,17702.066,1378118.5,11629.112,202631.75,14947.991,29962.105,14156.6455,41730.137,874165.75,773408.7,36714.66,5845.365,130765.42,45970.15,42587.92,6236134.0,28899.084,38074.965,493124.3,41139.81,21669.38,13237.63,24241.912,83981.016,3066327.0,6516.5464,2809.054,15994.433,19266.824,256084.38,160388.9,88555.2,103882.01,11716.842,29063.4,18261.88,33818.633,704235.5,27058.938,19970.004,5915.2676,27486.275,12742.139,98346.8,20518.707,6168.3237,19527.87,10432.222,22549.422,12971.757,8126722.5,302974.3,56498.93,16780.064,11596.837,11836.349,48505.383,15611.551,1479097.8,385949.47,10565.56,4590.1934,12816.365,151806.19,34338.996
asthma_392,asthma,272974.56,248453.4,99549.84,9203.283,965263.2,27187.37,15403.81,24283.562,7660.909,101153.42,30359.365,488988.22,26207.914,8714.047,655340.6,3881.1926,145893.67,7337.6235,8519.831,7066.622,41695.406,334430.44,78075.75,26173.742,3912.5293,39845.453,17088.6,30306.715,5190295.0,14413.291,30169.475,350824.9,24848.385,16804.375,4615.575,13623.887,55957.594,674560.94,6957.7056,4138.7554,32372.627,1968.4325,170817.53,128841.25,113456.44,51424.816,5286.6978,13517.689,13572.192,13621.055,377323.7,4407.605,20252.238,3540.3293,28834.441,8242.541,56461.656,3033.3013,3115.872,11437.978,5726.7886,5850.893,6990.9067,6770279.5,35472.883,110939.98,15655.356,31280.0,2048.7478,87716.35,11238.134,804247.75,271179.25,18146.736,6556.273,7637.373,100551.43,16726.967
asthma_393,asthma,279765.84,140488.38,155005.22,5391.7236,238522.28,18967.074,78847.07,17117.47,49231.06,61175.81,31900.158,570968.3,42550.29,7377.4907,1022116.56,4606.5938,106621.74,9686.297,17628.477,6127.3813,47645.047,295570.6,143864.3,29814.281,4339.0073,35954.863,13771.602,21907.686,4143402.5,22373.932,24945.977,392660.78,22096.371,18636.172,6496.3335,82819.38,53054.01,720463.1,6312.764,16329.323,4387.993,1017.0365,127933.11,102100.62,27396.717,37151.03,4332.2246,7977.005,5601.344,16087.541,497295.38,7944.2725,44690.754,2679.7625,16535.14,8183.89,16537.205,4788.015,2535.0625,8280.261,3928.176,11348.439,25196.463,5512388.0,114098.37,71202.75,10527.456,9935.858,3313.4207,65723.52,8377.318,459120.56,93228.07,11227.752,6470.256,15151.594,71251.05,15439.227
asthma_394,asthma,395503.16,39306.035,126021.29,4074.0732,376138.06,19843.088,292812.38,16207.741,68725.55,108643.32,33678.977,634749.1,70535.87,6619.77,1184704.1,2377.1855,83738.37,6355.6177,8473.978,4169.764,27433.4,169905.25,41498.047,23673.55,5424.3096,20109.082,9746.423,34584.473,5503762.5,17607.053,17293.791,317636.44,10756.46,15177.699,2656.1067,34039.348,37154.363,1393042.2,4651.4155,17541.299,24943.217,789.035,87014.15,124447.17,37116.965,43448.254,3692.549,3435.524,3530.6462,10471.598,370630.2,5046.1304,32657.264,514.70154,12691.49,8873.41,3732.5322,4109.859,2158.4915,7954.0835,2978.5654,4597.8843,2330.1401,3827324.0,18655.271,58608.16,13443.915,6606.694,4708.7847,101684.04,7263.908,199928.47,239768.44,7440.263,2914.0786,6289.247,86383.36,14054.162
asthma_395,asthma,78137.2,147156.06,114370.07,7901.441,92324.96,25967.771,5093.376,13050.531,485893.66,33965.38,14734.289,472174.7,122340.31,20424.113,966220.06,18096.598,129965.51,7938.2886,6512.75,5027.7334,40828.098,190959.8,335641.4,43895.316,5023.261,38237.004,18257.701,27038.92,1622644.1,19229.963,117910.72,461150.97,34597.176,50270.54,3537.4124,657534.2,90231.4,476034.6,6882.0015,2924.6968,436.88022,23503.32,154981.12,139423.27,3367.24,53040.906,6791.2393,15364.283,5184.37,13879.251,604354.75,3665.3333,71911.1,1925.1981,12193.438,9907.9795,56728.883,3059.8713,4474.1997,10053.049,4846.778,2076.4055,4516.8545,5933051.0,68705.69,438501.3,5164.3022,21479.508,2871.5117,303782.1,13102.926,751253.0,51439.29,24290.975,5213.2407,6385.002,161667.2,18028.414
asthma_396,asthma,23038.266,31683.04,19730.277,2116.1558,52989.082,11824.118,38555.473,10795.659,12074.794,16368.476,6959.2983,186478.56,79572.79,20363.916,203741.7,4917.4214,66934.805,8861.459,3130.758,4449.3784,36392.582,240869.22,50826.176,31571.164,4744.0586,34286.477,11317.72,10273.536,396276.38,5354.372,93969.4,354589.88,14973.689,27947.828,2098.138,183084.44,55942.76,257327.3,5495.663,1701.1577,349.0457,1595.735,166173.84,76447.41,1057.157,38776.95,4186.096,5352.1406,5224.0576,11352.12,484991.38,2935.9866,23958.057,2788.617,7885.322,10757.034,32402.805,2317.4548,2235.549,7905.0513,11332.097,4815.0605,948.4385,2564559.0,334364.12,291696.7,2018.3247,14414.309,1548.4451,291674.72,12095.737,114781.03,7568.8364,21216.217,8727.289,2200.7466,116541.78,9308.664
asthma_397,asthma,509469.7,309731.12,84569.336,12337.947,1526193.5,53398.63,42324.977,62100.46,11115.312,140106.11,45510.676,537894.9,211390.27,28184.742,1472327.0,5847.4785,205733.86,21219.617,33930.152,14335.969,35275.055,877347.8,804124.25,27970.066,5302.6064,112170.445,34186.562,44614.273,6977282.0,47274.805,33032.81,503714.75,46128.91,33975.03,19578.705,14189.304,86448.46,3933635.2,9381.976,1753.4841,32235.16,32703.797,213375.6,168414.14,229717.78,113254.5,10244.153,45893.754,31037.635,35549.93,770007.06,22849.73,19817.252,13098.552,38491.84,12778.979,97448.18,16046.703,4402.4575,17517.76,7127.844,37718.57,39487.17,8285016.5,163232.4,65905.92,19074.484,10030.599,11660.0205,20283.34,13692.366,1720282.8,220610.64,10552.125,4779.628,18822.838,152930.31,38809.21
asthma_398,asthma,409934.34,116175.914,133068.0,10399.598,750738.75,16584.195,13039.109,35930.867,4741.493,130625.45,38838.723,781384.44,86030.984,19571.984,1200571.5,5667.7075,118357.31,13528.73,25839.53,6322.098,49916.105,497372.7,466690.12,27168.396,6632.5557,68280.125,24424.41,61793.37,6381043.0,37100.72,19812.566,399037.97,31700.54,21086.791,10120.7,15629.785,57613.18,3000350.2,6343.0757,2391.6895,22588.918,19267.965,253209.05,121558.305,54770.9,64186.75,6029.867,16321.211,9359.033,20810.562,594686.7,12874.792,31497.992,6901.4653,22846.898,13446.454,69314.8,9536.955,3129.7756,11724.622,8442.104,18014.613,6015.6377,7837284.0,92918.29,73740.12,15356.24,6631.5625,10303.878,33179.18,11431.379,804923.75,186098.02,9251.732,3956.192,6465.5923,165489.69,19392.07
asthma_399,asthma,41083.04,25041.084,43460.395,4232.754,440378.38,33287.61,1911.8513,52862.19,5603.482,39220.21,12696.5625,18916.059,17631.486,21311.98,77910.33,7637.708,31810.17,20374.115,8001.87,7392.2544,23555.18,975572.75,6460.9067,32572.191,9032.878,40154.95,14554.662,47473.418,429183.28,1486.6423,19441.887,141319.64,15540.838,12744.29,4951.565,42811.49,54216.176,811219.8,7718.153,3550.7295,7788.9624,19855.164,320339.66,161441.33,32208.15,75137.4,8271.933,37481.434,25455.484,21956.172,624087.56,10263.713,64950.746,574.5185,18391.957,12121.548,1251.2522,4898.2417,13394.231,9587.079,13760.021,9265.111,4664.8784,16832.605,20939.014,13876.617,5343.6426,57795.5,3595.8982,91828.48,15655.58,13001.099,3353.6382,22733.201,23313.38,9981.384,11210.6,31116.03
asthma_400,asthma,123046.47,90358.414,30160.326,5489.722,62587.586,26060.709,20488.145,17358.863,6716.891,28234.541,8946.135,334768.06,113846.305,42590.684,407155.2,7454.121,133876.16,15469.472,4198.9614,6461.745,34551.176,552085.1,172733.69,67676.43,6348.735,32859.805,10919.75,18321.438,477405.3,3818.2393,154095.08,474861.6,33816.246,68164.445,2476.3347,187882.89,92287.195,386278.7,9898.478,1920.6561,519.3233,550.8718,224541.28,159348.48,1617.537,64406.15,4698.277,6400.7646,8521.595,12645.721,752859.56,2010.5068,47578.207,5171.6865,9685.42,11601.649,78552.555,1812.9421,5284.3584,7946.296,7083.1006,10236.76,1607.3141,4735887.0,605283.94,445086.12,3234.5093,78818.35,1073.2144,352378.75,18429.111,733025.5,39535.78,54716.496,38672.875,5261.0874,81524.02,11824.761
asthma_401,asthma,498030.53,51643.03,83382.31,2759.5305,514307.97,23634.727,320591.47,31989.3,4085.1956,143267.06,44774.5,634013.44,107554.78,10147.212,1053079.8,2319.5066,170394.17,8591.256,10270.322,4100.981,22907.094,271633.25,80733.22,23159.783,7885.1187,31613.195,12807.604,35974.035,6159044.5,27359.275,13984.9,339606.6,19998.21,18641.809,7201.916,8290.589,48853.99,2516964.2,6606.883,9029.2,43989.777,976.1901,146253.38,131033.82,98947.01,64753.387,4745.932,4522.9165,5841.6753,11714.842,402571.34,9558.465,19470.572,2306.3083,30769.61,10844.42,27285.115,6136.9214,2308.1553,9489.574,5547.3237,20228.225,7617.781,7201566.0,112733.37,41138.945,13471.523,6108.696,5023.2373,23827.578,7352.006,366308.72,156366.88,8105.3535,2477.8792,13391.37,144707.66,16699.965
asthma_402,asthma,103341.9,120653.86,50393.375,2820.534,791320.8,18117.459,11888.222,37301.387,7438.2974,78289.37,35674.645,350713.2,18583.336,12138.149,413571.7,2167.8047,60129.156,12646.794,15118.639,10285.311,20436.74,482421.0,71797.28,22577.762,4328.5156,34597.605,14456.4375,14681.602,4115320.2,10050.862,13454.1,357362.1,24290.559,15985.983,11433.975,8031.346,53264.0,3032736.8,8177.7646,11489.804,28548.062,3787.7336,163618.14,122287.47,127838.59,79077.805,6359.687,21256.746,8532.973,23308.822,500819.7,15098.623,23955.771,4933.2637,20154.066,8974.397,5876.963,4978.4556,2972.8948,8299.474,21408.766,29101.04,26038.35,6768691.5,23498.994,69135.16,9223.011,14360.834,5945.4565,27441.408,10294.222,560268.2,61135.043,11882.157,6565.353,16544.336,137935.53,26008.318
asthma_403,asthma,172853.33,181954.06,64851.836,3178.5837,478249.72,18450.584,5396.833,28029.723,5038.603,89901.22,31461.785,294403.38,37190.31,11415.581,670524.0,2801.8784,60189.453,10505.159,7114.4297,6288.1553,38269.473,384458.75,104809.664,26141.736,4885.6147,31424.002,12437.403,26732.104,3836760.0,12120.912,17585.924,356412.84,15255.021,18563.672,5751.0273,17054.375,51820.297,737203.1,4947.6035,12094.884,17784.479,1840.3746,185291.89,106072.14,39932.227,45625.754,5077.335,8841.6875,6241.9688,14931.392,548817.9,7142.394,22732.398,1030.933,23889.494,8816.1045,48027.395,4281.786,2326.3672,7024.701,4915.522,13189.3125,7918.2646,5997946.5,25177.678,91915.305,10178.113,8347.592,6225.071,55587.926,8120.768,290271.16,103721.64,7872.6367,4676.083,11624.732,124761.73,15120.499
asthma_404,asthma,66799.23,47161.55,53498.434,3156.9617,87178.11,9810.477,65586.77,14751.316,32280.908,29891.78,17015.936,288838.53,47519.348,11532.665,546280.06,4468.3735,58657.59,8016.797,6771.679,5463.2744,39437.156,293307.9,52441.85,38714.54,4778.94,36810.34,15399.683,14569.217,1400772.9,7584.446,47946.117,355868.06,22148.842,28420.656,2701.7183,104087.78,57357.54,717115.9,5291.223,3932.3901,1707.6666,2111.9006,147098.81,105048.02,2951.09,43588.7,4672.28,5687.1323,5420.322,14151.826,525387.94,4830.112,37482.47,1975.0662,11447.636,10412.341,16919.326,4338.813,2346.504,9657.838,9657.0,7456.667,2857.809,3235035.0,291990.3,196402.64,3247.7488,9393.866,3138.018,213127.69,10789.37,292531.3,26691.037,13247.607,6125.8853,4596.9585,122954.85,11380.576
asthma_405,asthma,452166.38,88588.82,35663.83,1621.3827,794655.1,31297.695,444073.66,28332.242,21354.014,70017.73,25571.674,280958.6,142946.48,29652.11,859585.3,14430.897,99412.375,13910.38,13651.578,3801.1914,72155.6,947281.4,190429.67,23278.143,4546.291,139533.94,24227.305,15992.525,1936571.0,20760.963,14612.035,338963.34,39523.266,13375.083,5164.041,20207.305,34058.863,3409326.2,6449.9224,2489.5327,15730.22,5292.899,113786.39,104554.19,150649.39,92265.02,12949.408,8650.631,8434.659,15430.821,646941.4,5575.2896,18566.895,5580.3174,14888.674,12942.147,37343.492,10470.47,2453.7727,13367.049,2292.2915,24547.969,2557.8955,8307795.0,140464.39,75822.76,3490.5967,7961.15,7004.5156,55108.535,5221.4673,1759599.1,134079.19,9037.308,14513.063,7313.5176,100466.5,27356.326
asthma_406,asthma,53352.867,61211.875,35380.848,1795.6782,128887.09,4906.3174,3817.7185,30980.883,5867.525,20935.02,19703.818,309243.56,7614.1343,13643.886,221949.2,1864.6244,35122.75,16580.621,10125.595,8045.8447,39631.33,432436.0,61860.83,20898.195,5495.7314,38384.43,11923.878,12907.3,1009600.8,5829.4575,12240.36,273872.34,21443.81,13074.576,9774.359,97033.555,53102.86,2609336.0,11105.318,7398.4263,2785.603,3573.4248,208843.42,104106.34,6728.1313,54755.387,7373.298,18482.744,6711.275,36406.43,733387.75,24160.781,81060.875,8708.381,11711.881,12651.476,7211.4707,6251.949,2315.7861,5029.1772,23280.785,21186.838,10868.246,5780823.5,112870.31,74713.45,2584.4937,4665.9287,7669.5654,22015.889,11030.182,244897.45,23001.646,10273.105,12662.255,4259.316,166832.36,12266.036
asthma_407,asthma,401912.3,94681.49,23654.457,504.43216,1026024.06,39164.22,201261.08,21230.852,9689.106,38420.324,6724.0703,144779.58,115208.95,29444.56,163240.97,9622.733,186269.0,4399.8296,3451.5117,5662.644,77492.39,980070.3,20686.096,18692.012,3058.7566,98599.42,26614.932,14193.283,871350.9,5913.998,15590.838,216208.53,41904.734,10390.278,1178.8696,51986.715,27472.857,1747773.2,4364.9033,1812.4587,26634.307,434.91464,105226.2,89404.63,143483.11,92797.055,16488.777,7249.1523,2995.772,13474.209,555138.9,3800.9014,38403.105,3384.7632,12449.6045,12130.975,63021.113,2945.7598,2039.4222,9085.715,2096.4849,8697.465,797.079,8313073.5,106997.0,60049.555,3218.037,4654.331,10088.001,146256.86,4910.2783,1906510.9,983.613,7019.6577,57345.945,6622.157,169738.77,25085.615
asthma_408,asthma,283084.7,134615.52,45439.594,4127.6846,811743.75,29508.01,5205.271,53772.35,1839.0422,139426.86,41680.617,623460.56,215739.53,28586.64,897455.75,6789.5034,90774.64,21156.045,18109.133,7390.1606,71535.99,922778.5,387972.53,27948.361,5003.6924,88578.516,26297.521,47178.598,5693469.5,34733.68,19950.148,459752.8,33534.715,29874.908,12515.356,14824.473,56882.523,2810330.8,7289.1855,1542.4242,22185.818,41051.08,224377.1,115188.086,124231.71,108333.14,9026.341,25761.38,13960.54,34693.82,828238.0,11829.938,33337.426,7066.2715,22479.314,14265.849,90805.73,9980.927,5092.1323,11031.308,5936.4355,30969.451,12034.474,8192445.5,66228.586,94471.78,9295.382,10899.325,7921.8755,23500.697,9851.564,756962.5,190186.11,11071.36,8768.841,12158.345,93516.49,25124.045
asthma_409,asthma,266595.4,143471.89,43021.863,4132.1323,636007.7,9371.735,11411.586,32242.172,5886.433,103893.695,31297.518,402070.66,171976.11,31693.918,1146408.6,4387.721,19637.07,17848.352,19442.182,11607.316,29347.057,613906.5,509933.4,34492.637,7781.4775,88145.54,33900.688,29273.846,3591723.2,38887.684,36047.496,483809.66,39756.176,26082.79,15835.136,19144.45,70940.914,4672831.5,12980.507,6207.283,17039.32,7339.3735,269780.9,219636.38,37999.906,109033.29,16906.324,11248.61,8398.286,64227.715,955348.56,27736.598,110998.5,13196.762,14600.208,17223.604,72563.58,15379.192,15858.2295,10090.214,6343.4688,48934.895,24141.732,8209017.5,73876.46,98027.766,10660.679,9049.987,11989.187,27883.771,16695.506,1354167.4,160555.72,14703.224,11449.252,11310.976,63140.47,15570.05
asthma_410,asthma,335359.22,109471.0,74031.13,5307.955,782668.7,7361.6753,7692.6943,29545.35,15810.839,73155.03,17819.623,504301.66,35984.742,25453.494,627389.4,6439.927,62428.656,12976.806,7924.951,16088.431,38795.703,808196.7,62384.438,38753.066,4869.7075,93271.375,30576.803,26641.572,3420320.8,15632.216,42477.59,428388.75,44981.91,26457.34,5304.8574,67578.85,68533.77,3017417.8,9151.325,8319.597,15026.536,728.28345,218366.94,202924.94,29825.117,89345.055,21333.434,15131.968,14384.905,54385.258,872691.44,23716.396,185113.5,2884.181,7795.867,15369.5,82029.39,6261.1094,7761.5156,9262.566,9339.71,26296.193,6180.5264,8194062.5,18428.04,66610.61,12047.588,6528.3604,12835.803,81071.85,16373.55,1292951.9,196470.28,8749.918,30251.387,12996.028,106564.2,13708.922
asthma_411,asthma,290467.75,222358.1,63221.812,10413.1455,901582.9,40011.56,23823.285,20194.531,2962.8958,98510.03,24938.055,310344.06,21581.13,13813.763,521943.03,4429.7417,136345.56,7918.3706,5739.103,4062.3535,27621.898,461318.56,29913.71,24030.826,3671.3557,22720.066,9891.088,21307.914,4284156.0,10525.398,42694.266,223318.88,18072.09,16621.818,2382.1704,8817.82,40825.1,391731.3,6289.4326,6879.4946,32687.582,1612.0028,109183.86,118352.12,146419.31,34734.543,4075.8457,10299.221,9928.583,7616.924,337457.4,2129.2646,14921.199,2308.6067,29582.54,7264.941,39806.066,1902.1201,3368.9302,7386.44,3981.7742,1446.7131,2181.0764,3867866.2,12531.911,181159.33,13143.453,37835.406,1108.8419,142425.72,9351.529,660713.6,203890.78,16175.251,6518.262,6979.041,50639.75,13313.129
asthma_412,asthma,251328.17,87494.2,123709.85,7747.611,299512.78,10137.819,63598.99,11657.475,7402.718,41496.344,16546.893,455158.53,52167.547,13784.532,752177.06,4006.3218,110725.195,7357.653,5451.078,3260.7378,36254.53,422712.38,41366.938,28994.244,3861.4614,22742.744,9867.691,19669.627,3295296.8,13681.779,64490.664,310712.2,19804.613,23751.777,1995.0502,36616.12,41874.812,207907.83,5991.501,4825.456,6941.346,682.4223,121928.56,126601.305,10789.154,41856.13,3271.765,7007.229,6134.475,7572.288,325037.53,1694.9874,18951.775,2004.7716,11730.002,7741.273,27203.736,1441.7404,2327.1418,9885.731,4407.9917,1503.3947,1767.6318,5271160.5,30048.21,243298.4,8126.269,55477.66,980.07837,330953.72,12171.165,597419.75,196508.88,34265.457,8802.703,4354.286,67746.05,10022.47
asthma_413,asthma,205115.77,338903.56,61331.902,14885.139,927290.8,46054.93,4163.4326,34369.83,3496.8357,66906.02,28060.99,324333.4,126065.766,55669.31,827080.9,13680.553,232125.7,14252.575,7999.6953,9413.967,40277.99,1030211.75,288388.78,65147.836,4314.5986,47171.086,14212.505,44118.508,2226861.2,10634.509,180217.44,491367.66,46537.29,85175.5,4470.4326,40030.297,106871.46,962133.8,10505.981,2459.7368,13641.687,4290.245,276769.5,202533.22,113526.25,93900.77,5906.275,19616.387,36814.062,13885.381,1013854.9,2865.1318,34366.19,1138.5614,30190.572,11863.213,98368.18,1945.1185,13504.7,13963.5625,5148.558,3042.3809,3191.2048,7277400.5,153300.33,797752.4,16033.317,89767.57,2597.3447,467616.34,19263.756,1216833.8,268359.3,43527.637,35243.65,17225.97,77821.14,27087.055
asthma_414,asthma,310088.47,241265.56,99544.625,12687.884,662300.25,26296.293,6421.9604,59775.92,11381.065,83720.0,36882.133,489258.78,132577.16,25804.732,1098798.8,5644.213,102095.945,18374.846,21319.807,18965.482,31520.951,779752.7,830576.2,33044.906,5853.5615,93680.914,35559.9,33164.85,4267140.5,19121.02,31185.725,394024.34,40828.76,21838.533,14037.698,48269.156,79173.56,3881357.2,8988.84,2623.787,7835.1665,27464.344,298300.72,177581.52,43865.52,101186.42,12413.074,34635.504,20503.781,53582.94,721856.5,35602.555,32241.525,7531.1743,28340.43,13538.694,95561.8,15923.914,5588.5737,10394.292,22220.525,29639.443,16135.482,8068564.5,143075.78,82981.77,12200.197,8647.389,12161.546,29954.02,17714.412,1497496.6,417889.25,13658.312,16381.953,7296.162,193975.88,27522.422
asthma_415,asthma,69482.18,12823.176,29106.951,1109.7139,116251.62,7688.095,309771.3,15071.935,40573.31,19295.512,28966.44,107282.38,4819.9775,4927.742,297958.4,1492.4548,7726.778,9815.567,11052.56,4234.107,11453.489,138852.55,891.88257,9847.797,6910.6807,15373.194,6994.3813,9040.583,1850493.6,5977.7324,8176.8213,197011.02,4550.5996,7543.9062,5201.9106,15262.996,29047.771,537314.5,7166.1343,150182.89,20179.668,969.91016,79310.58,97578.01,27511.242,39576.258,3283.0642,2084.6406,2928.1377,14814.763,322680.66,12687.884,17374.98,648.0369,12013.098,8033.3228,37.937088,2949.9163,1855.129,4203.9473,5367.801,19943.242,8892.3545,272131.34,24808.652,21768.85,4059.998,4703.3574,2959.308,16880.82,6496.0796,27979.404,13632.374,9909.993,3432.5298,17182.996,42491.527,14770.351
asthma_416,asthma,240517.1,130996.21,104863.95,11234.179,521120.38,27750.172,30120.744,22608.102,4148.186,69456.2,17698.455,249397.28,13983.767,12229.17,583892.25,4539.791,170557.89,9602.847,7800.3594,4318.2715,31057.74,523477.4,49985.9,24911.764,4253.534,29050.93,10990.822,20345.473,3056928.0,6543.1475,23043.188,245256.22,18885.125,16075.899,2984.2424,23570.686,39853.777,247906.9,6490.258,6738.51,12383.784,6430.8667,128810.66,89139.69,50680.867,40112.73,3921.6501,22762.36,12551.277,9104.062,359192.47,2643.0305,18024.53,1705.6415,16364.059,7139.268,35064.246,2457.4802,3143.4531,9408.661,6871.6772,1035.1887,3419.2676,3840267.0,88122.68,74332.516,10568.13,38942.055,1447.3029,119260.92,10480.24,322616.34,57045.773,14816.953,4495.1313,6227.589,66339.84,14956.319
asthma_417,asthma,299059.25,111862.78,111864.38,9190.889,208140.53,22588.596,42294.715,10908.789,9661.367,53977.977,17864.342,830973.1,134662.52,29398.627,1190075.0,8226.009,125289.09,8395.115,5628.423,3978.3306,38326.086,419964.75,102774.89,52260.316,4284.969,27586.463,11363.169,20922.783,3105248.2,31703.623,178358.69,474615.75,29806.69,54215.918,2247.9685,74853.53,65291.395,337526.6,5760.3604,3508.3833,3599.962,1058.887,162067.8,146534.27,7769.456,61312.25,4303.7593,6778.652,6713.9126,8866.117,600475.06,1587.0818,19562.877,3336.4958,13666.13,8454.868,67174.74,1491.1245,2946.0957,12572.615,3564.3416,2341.7346,4197.32,6479039.5,75760.96,632637.56,10330.535,53957.594,1265.3134,467958.97,14485.807,1072087.8,134096.45,38043.895,12273.256,5993.2783,59241.766,10795.969
asthma_418,asthma,40795.29,58775.523,63172.992,2838.7595,785233.06,19271.326,2885.6587,28524.766,3429.4465,48671.97,20704.492,81221.13,10366.472,17292.867,61485.574,6911.221,31606.262,7276.3,4285.333,7812.7197,25476.541,500409.6,2605.1199,32186.256,7728.2666,38301.312,17758.156,48117.62,1090168.8,2989.0776,31257.336,218367.36,17117.977,18128.002,3360.9116,11806.212,50696.145,509224.88,7428.428,5878.4546,24983.88,311.4385,187688.05,188575.1,30485.055,79819.96,8832.365,4689.9263,15601.741,18172.785,566361.8,4939.6484,64615.76,282.52267,15859.787,9767.836,5592.4077,3820.8152,5431.2314,12627.739,11319.599,15271.02,4737.7544,35103.496,13362.689,57643.242,11109.906,44097.727,3011.7043,252847.56,13528.976,321009.7,58351.777,31277.883,29434.902,10414.903,20657.785,17921.887
asthma_419,asthma,85652.03,160691.44,72838.555,8304.866,103799.02,16116.766,16198.067,20416.344,54407.562,35736.895,18881.434,459191.06,115371.24,38031.742,664030.6,12969.901,94996.695,10138.815,8729.687,8514.071,50130.26,411610.6,239767.98,55761.605,4864.809,60131.562,19604.527,19062.953,1311286.8,6893.0776,134602.69,490770.06,34983.78,51851.344,4138.933,180774.62,95758.58,645158.94,9220.609,2390.6228,830.42706,2016.4673,203573.69,157926.53,4427.642,68909.375,5642.856,12466.702,19491.959,18999.336,663595.7,3892.067,46112.99,4133.654,17894.234,11710.462,72130.14,3434.4524,4394.2217,11110.68,17552.244,11327.028,3752.9866,5572251.5,417840.22,419122.12,4714.6406,41373.605,1641.0917,268460.7,17663.43,844480.1,146359.69,41034.875,24817.621,7953.09,121457.26,14827.315
asthma_420,asthma,95460.96,71105.305,76690.14,5103.3794,901852.9,31795.035,28195.576,27271.613,2797.1658,73352.664,25325.232,104970.71,8859.414,20424.328,151687.38,5782.5234,135706.27,10058.602,11936.235,8800.168,23005.2,575503.0,16744.125,37056.2,4287.97,32281.34,13227.1045,21273.031,2532822.8,6168.0117,31310.504,209809.42,17866.592,16443.91,5250.249,10013.3545,48274.312,460051.94,8617.058,8395.964,31430.385,2184.6658,113832.086,136612.12,120563.68,82081.27,5634.5303,18503.785,26081.57,11944.799,470075.1,4148.4907,16979.639,880.5793,23231.746,8271.254,9434.19,4767.5117,3302.524,8608.243,6809.4004,5727.466,10640.941,778180.0,109581.62,90910.484,11913.318,43146.45,2235.5437,117952.33,10617.756,235782.97,126194.47,20378.332,5881.4043,16750.227,76434.875,22570.312
asthma_421,asthma,170673.58,332831.62,124434.59,13826.878,366966.06,34465.742,21105.623,26080.6,131877.53,76748.82,29350.05,631826.6,210892.1,34934.77,1155713.0,21886.385,119901.5,13485.999,11311.299,10367.164,61062.848,597947.56,557354.7,64826.547,5183.7866,73914.59,25734.37,37225.902,4466512.0,9144.58,169028.64,545792.6,41405.42,61188.65,4078.3777,403560.78,106008.43,867925.6,8633.486,2971.2332,1809.572,32381.305,227771.69,185849.89,21521.668,94354.914,9772.616,38690.582,13765.482,17738.47,869962.56,6462.6636,57638.188,2333.0107,20707.63,14150.585,98834.31,4259.312,7527.9927,14628.447,6498.9614,2136.1301,2755.2046,7996595.0,191466.2,549552.7,14481.649,45237.625,3843.289,351533.6,18637.914,1131278.6,233567.55,30670.262,6045.9814,5615.0493,144531.39,30187.002
asthma_422,asthma,136270.81,33956.7,69662.12,6638.2075,254216.33,10756.624,21491.844,23736.152,3820.367,37196.836,13247.443,329301.16,32921.066,35863.22,314053.53,4255.7056,225140.61,11830.3,6172.8677,7774.63,32981.875,591355.0,40314.035,46869.473,5869.591,42907.38,15183.244,53861.656,1426952.0,1998.2297,51624.863,411486.56,34752.336,42847.35,3182.9746,68868.38,87928.086,503677.28,9044.464,1982.0844,6459.0337,387.76425,318356.7,148045.83,3338.6165,76261.945,5106.5835,5005.578,14710.04,14769.491,558353.3,3096.7998,104012.96,791.1871,7454.5195,11816.249,57370.34,2317.6938,8590.863,11842.345,11919.898,16598.104,1457.5197,2663395.2,1886894.1,166040.62,10659.266,51803.645,2073.2974,230078.23,15876.328,222665.8,145476.6,43581.55,33162.605,7575.987,76178.78,11239.623
asthma_423,asthma,19201.3,77745.48,13788.792,1808.9686,45929.438,19689.805,15123.787,21009.746,33108.25,16364.152,9387.087,160537.34,19346.535,17662.336,246318.05,6112.9976,110007.05,16702.322,6102.1504,7004.0747,36922.08,547503.6,94064.26,29482.889,5562.9653,32259.426,11315.021,11002.401,305573.12,3985.5781,31211.016,326246.84,23531.535,21105.965,4123.981,481998.84,50991.734,1094234.1,10281.201,3057.4905,228.29524,6907.267,184728.52,85856.9,1632.3702,33751.164,7009.3745,18255.42,7373.1294,26414.984,726591.75,9372.013,43244.863,4877.973,10468.253,15365.016,12371.4,5141.182,1985.9926,4612.7275,12900.235,9182.766,2663.125,3622480.0,114186.65,120623.02,1682.4889,7313.3364,2925.111,50649.12,11858.926,347645.56,2856.0688,13914.096,9187.365,3031.7332,226738.11,15166.008
asthma_424,asthma,361350.5,128526.586,106697.32,4720.0674,579609.75,8829.687,9826.649,34295.797,12618.421,101451.37,37889.86,725125.56,105136.02,19916.975,1152894.9,3183.5728,113925.05,16480.602,21022.533,12082.95,46919.652,641829.7,416226.7,37420.785,6130.0703,71341.14,22256.37,45687.977,4728269.5,34908.527,31768.848,442576.97,41465.527,26868.566,13570.458,42286.12,90922.28,3622749.5,9712.172,6791.388,15137.309,2457.4978,261674.17,165998.03,35367.656,91839.16,8741.709,23844.947,12820.461,31129.0,848504.44,23483.2,60875.965,6019.8276,13062.062,14901.317,77152.88,8239.263,6077.249,12507.492,12002.424,35556.58,19615.17,8143954.0,229283.33,108451.3,11139.274,5214.7476,10404.757,30111.094,13549.52,1058696.6,191479.7,11857.161,8866.413,11173.133,166375.39,17650.025
asthma_425,asthma,27387.0,31149.342,24958.326,2026.9794,379721.72,10105.942,2517.0623,40105.77,1352.808,28289.959,17228.582,30722.664,11992.206,19098.33,29189.18,2936.6238,11373.795,10437.994,3311.752,12087.584,13614.95,615863.9,2373.0195,33243.89,12453.476,42441.387,17355.09,19134.264,436980.47,1793.6104,21672.812,164771.27,14680.216,12171.6875,4284.34,10017.472,50026.58,1927537.0,8149.8267,17154.93,20027.777,424.2388,250031.47,175594.48,12732.348,87016.88,13617.509,5035.9604,15246.57,40467.387,776421.7,18821.832,54916.984,511.5853,10843.986,14583.1045,1324.8497,8408.714,8428.523,7279.479,17831.27,27717.559,6530.1294,39383.633,36619.79,24752.05,4664.616,15012.741,5473.8267,93339.54,14584.746,52196.613,12293.57,14770.604,22185.861,7059.474,28382.598,13580.505
asthma_426,asthma,73648.47,145398.5,40341.074,3197.9917,1004268.3,19385.951,1935.1259,52222.254,7023.5557,81271.03,30678.512,143819.03,39978.867,18568.135,148231.61,8396.749,6121.114,13129.2705,7227.1084,11827.242,38206.97,715316.75,10433.316,29348.428,5435.1963,68373.24,28920.727,24530.09,2414617.8,5265.832,24445.36,311128.78,18942.994,13386.173,5963.91,11673.7295,46294.09,2584513.0,7899.3457,4030.7014,33134.723,6474.874,171517.33,189632.44,126847.97,89855.875,17431.78,12805.039,17121.781,51012.55,799127.56,22268.79,55118.996,5435.227,23288.691,10769.549,3549.1277,12858.594,4500.6104,8858.764,11272.366,32629.182,5306.8213,5465365.5,2674.7778,26424.734,9130.958,31635.424,7053.733,95293.95,11753.082,825057.0,204244.02,14911.951,19851.566,10898.504,72651.445,34008.066
asthma_427,asthma,58762.125,54423.082,98693.59,9022.348,375409.5,23330.686,17790.72,33589.48,5515.456,49801.605,18128.902,117133.68,880.7588,20428.672,275465.22,10934.904,37068.887,16815.197,16322.316,5059.2686,33267.965,667546.3,6971.656,38532.06,7652.5327,33685.95,12507.397,22153.574,1078518.6,6531.1445,27857.059,198719.5,17686.828,18352.848,7565.4946,53182.684,55391.855,297944.75,8104.48,22366.209,6199.721,28039.615,211967.83,160292.27,22915.748,72846.54,8368.797,34998.03,18822.244,15325.559,705458.2,5972.5747,21268.467,796.61066,20345.182,9557.817,239.3712,8176.2285,5128.423,7004.99,6515.863,3853.4321,10532.4375,68228.9,15431.115,28181.275,6282.0283,40493.562,3704.8381,119915.68,13132.126,157044.9,7506.891,13555.957,4643.595,12862.1875,39752.234,25993.217
asthma_428,asthma,72986.32,10934.57,64152.234,2000.6555,330783.94,24448.646,6686.9746,34231.617,4368.944,25647.633,3845.8306,62075.65,25798.777,31952.59,68484.77,11026.216,150852.95,14772.984,4697.1836,8023.161,70775.96,987438.75,3081.0376,55615.023,3592.9219,43828.887,16496.375,63431.863,818218.0,5851.3677,53668.504,258212.28,32326.318,17170.04,1764.7574,175303.5,46830.29,538326.94,8479.903,1591.1672,10587.752,763.7356,252518.88,215994.61,26258.602,97476.81,15491.663,12055.53,11822.032,16726.967,604531.1,3187.9248,138585.58,682.8735,10711.977,11242.808,1329.7947,4030.9746,7595.0293,8900.151,4273.2095,16724.32,2632.4648,3900292.2,3421.163,58057.137,4992.5605,51252.277,7572.1216,259932.38,12016.523,198078.27,3531.63,30700.346,36203.5,15948.811,17024.377,22999.605
asthma_429,asthma,454223.66,152651.12,74353.15,11791.088,742311.56,48947.773,16044.393,41467.305,9189.118,116676.34,36744.156,554062.56,194622.75,17784.428,981864.6,18831.69,139189.05,18894.764,20848.725,15939.383,37952.645,1159245.4,313143.16,42902.96,4928.1885,114064.64,39177.22,49991.664,4361655.5,31677.6,21667.996,510402.44,44076.41,25885.95,10798.162,40787.547,71110.73,4160889.0,8105.1294,2135.5168,12711.647,9443.157,234755.58,223314.62,80579.375,115903.79,18524.04,28280.652,39375.03,34874.55,865134.06,19178.35,22938.64,1242.5747,17666.514,8902.452,66277.62,21091.639,4844.24,17399.406,4251.778,22789.512,12585.5,8201607.0,2474.2942,30720.936,15255.676,26768.738,9335.996,57644.453,16100.419,1247640.0,215515.39,10086.702,9971.393,14538.235,60968.984,38159.336
asthma_430,asthma,15187.734,15334.843,37498.13,1990.3121,248878.61,11547.095,11200.468,33060.32,1180.7023,21306.879,18094.959,13996.376,325.67996,16636.154,42736.1,3962.3064,10140.739,11724.364,7441.228,4991.508,12173.604,585172.75,1268.3845,30514.723,9751.435,23288.002,9795.124,11948.912,368846.0,1904.959,17316.004,91680.07,5485.9688,11032.17,5609.2896,10949.849,33968.035,264556.3,6554.0034,21297.898,12212.841,5689.1235,191664.78,134233.75,10736.935,56649.625,8291.735,12400.07,8488.433,14823.187,607589.25,6824.876,14233.599,285.4103,15737.272,11641.319,81.771935,5775.925,3760.2397,6177.762,9190.267,7125.635,4707.9854,4198.1367,41353.844,39098.797,3226.9336,23586.74,4058.012,105666.97,10477.452,8700.867,4551.511,10351.129,4145.2153,12748.8125,18253.104,18169.162
asthma_431,asthma,176874.5,58969.113,67513.08,6729.4663,134191.64,14520.679,52362.293,12544.3955,2242.7026,26820.434,11739.313,446666.25,89477.055,31325.557,913113.9,5187.6943,122865.88,11973.018,4034.2827,4131.994,35718.086,396678.7,205187.77,46771.684,4309.0005,24497.568,9662.464,17010.338,1448563.8,10141.1455,94158.5,368545.34,29410.434,42229.54,2330.3892,166056.14,62463.914,104412.195,6859.9814,3932.724,1192.8948,1906.1772,146067.56,124036.62,3263.2864,45994.312,3690.7144,11401.816,7289.2964,8596.224,408801.0,1770.8707,23448.13,4499.6357,8425.501,8660.108,68458.98,1523.0061,3519.5056,7412.624,4393.195,1867.1696,1251.444,5444858.0,691999.5,335684.94,4472.2583,59937.473,1030.9103,323173.4,14245.957,712873.25,124841.7,42393.613,17975.723,2570.791,75617.38,9778.873
asthma_432,asthma,63107.54,120737.42,54648.86,6116.0127,95737.94,15485.414,26442.508,16664.707,17113.309,34530.13,17398.61,329761.56,55574.676,23174.764,491792.88,5904.9062,86182.0,10046.215,10260.591,6453.3315,58416.7,406010.94,245617.61,45167.527,4558.6846,50997.523,16873.834,16271.305,1288962.9,5712.331,70127.73,386957.84,23373.959,28353.11,4381.4766,110874.19,69880.1,657462.1,8582.059,1870.7772,986.93744,1722.8358,210362.61,118536.805,4469.435,39563.805,4622.8413,11362.248,15964.15,16653.443,483271.53,3874.39,41886.117,5937.925,19499.191,12023.517,45187.348,3163.377,3494.568,9730.837,13099.276,10705.327,2972.4211,4571660.5,468255.4,288038.03,3813.318,24854.383,1489.1229,114069.32,12615.953,375787.4,48505.66,32555.855,19160.871,4634.2676,119741.06,14119.713
asthma_433,asthma,259941.8,157818.58,111937.27,4544.431,1438346.8,45700.57,9998.715,47689.188,61114.812,49088.3,27274.5,110817.1,145878.38,13298.624,439953.56,19483.354,128859.93,16375.377,14110.949,15950.438,55066.137,1212169.5,457721.56,26839.19,2853.099,110682.96,24256.227,12896.286,3866033.5,16305.761,15962.567,407307.03,40010.11,26408.309,9415.331,49911.203,59305.812,2150027.8,8491.655,2627.9119,18569.71,23268.754,230705.31,166389.67,169668.69,120861.266,11427.041,52916.16,28503.365,32582.164,715034.4,14716.706,27932.188,3175.6409,26423.701,7569.558,78244.51,10362.597,3061.4424,12860.862,4352.3223,7588.5415,27758.773,8290130.0,86350.414,75879.76,9909.133,37889.246,11423.848,235240.11,10035.919,1290549.6,114382.945,11157.159,18039.94,23011.629,92356.664,58418.54
asthma_434,asthma,365593.97,133433.61,202117.22,6208.296,438018.56,32266.78,30946.746,9284.475,249286.23,102958.34,31240.29,531788.44,113584.41,7110.9966,1333660.0,6984.362,134370.67,4350.1763,6854.154,3780.6836,42520.875,176971.36,78287.95,26821.305,4058.0234,23383.547,10498.229,27798.805,4782166.5,21803.383,54676.85,330789.3,23579.678,23455.914,2022.7048,48719.293,52288.137,743795.44,3964.2573,10195.67,11884.561,1470.5333,112756.59,110564.91,31364.06,54487.375,4193.026,2394.3105,2634.309,7583.795,466970.62,3331.5947,24185.08,587.87103,13781.627,7716.9087,31011.834,2754.344,3182.4583,8245.19,2023.1189,1599.551,2665.9976,4562548.5,4741.5703,182069.84,14668.613,7720.7295,3044.1519,248781.8,7952.005,443745.56,262749.97,7055.651,3014.5186,8360.826,80278.164,12417.444
asthma_435,asthma,118546.414,339038.03,25083.822,16928.736,52874.797,49740.613,381229.72,16628.621,903670.3,54350.62,26498.451,584295.0,250292.0,47749.625,1302560.9,30746.29,196456.97,15235.247,19734.887,25767.154,44873.72,834691.0,657118.56,83394.555,7907.133,84327.0,23747.156,21509.17,803991.6,3838.658,243585.83,604081.6,50487.082,80230.09,5965.896,595964.1,135041.52,2277883.5,20130.65,3096.4482,640.0483,1191.3041,279347.0,239225.52,12516.312,125000.04,8898.123,20470.195,44407.965,33286.15,1058534.0,14449.779,54123.65,1681.2067,17917.254,21367.684,100700.75,7275.953,13897.504,16673.8,22832.871,41550.715,9696.058,7917788.0,712597.94,469344.5,6450.7715,77907.875,1894.8958,236920.12,21938.818,1249495.1,90048.38,55700.535,24617.67,20870.21,223451.81,41387.062
asthma_436,asthma,301357.97,122102.414,103857.24,9785.1045,172458.48,13067.943,5051.519,22766.875,128043.21,94331.07,36478.793,685283.7,203050.38,39310.383,1552839.1,19474.51,172394.52,16344.608,25662.95,10292.661,65398.77,205734.84,942695.1,36959.492,7796.291,71698.13,29710.111,89152.695,5864270.0,44605.848,36859.137,444082.97,36826.14,18987.11,10299.889,221644.39,62904.082,4671508.0,13770.092,1173.3987,4165.737,45595.438,413476.66,156902.39,30559.457,110824.92,17932.896,7758.067,4857.3857,54932.227,951912.7,23070.28,82367.49,29965.621,29765.387,20326.932,90617.22,10905.97,4022.2898,8121.496,13589.043,31429.547,7179.352,8123630.5,11299.266,74774.98,7404.4766,5248.817,13953.751,31950.67,11625.52,1550962.5,274997.22,19349.156,4913.591,4730.3394,238260.83,32225.908
asthma_437,asthma,444872.66,339297.12,96393.17,6415.9233,1137564.2,37377.06,28093.605,37422.215,4756.0425,142726.48,45442.586,594321.56,90148.055,17248.328,691732.25,7085.222,128324.26,11141.602,12319.792,7649.657,43950.734,438232.06,193541.08,36453.58,4730.24,38971.812,15616.018,39243.56,6554756.0,28230.422,44645.176,380411.12,26167.402,20749.166,7904.132,12498.549,62622.934,1248597.0,5383.322,10776.8955,38829.758,6100.364,170145.56,147357.17,171562.48,62155.09,7975.24,9040.083,9331.696,15479.346,612972.8,10524.535,16284.283,2219.0789,40341.805,9127.449,75780.61,10482.47,3731.8345,8932.187,3329.2913,7508.101,6768.2114,6816934.0,81893.93,98584.56,17726.834,7962.205,8318.494,40227.24,9388.823,782499.25,349779.94,7281.6597,3756.873,13184.458,113238.62,17961.791
asthma_438,asthma,22472.52,23313.492,31815.146,2501.3499,84144.0,7967.082,67215.18,13356.472,2502.2354,24682.791,9799.516,83025.234,24343.041,42589.586,171102.03,4572.9746,38942.87,8978.207,5712.636,4389.274,23412.8,275788.28,9320.595,61432.766,6654.436,25879.434,10479.191,10144.88,355669.22,8117.175,151618.53,339241.78,22297.416,48248.816,2431.827,54122.617,76353.27,436323.78,5560.0215,3440.1448,1450.7551,762.7706,146757.62,110413.28,1579.9019,65989.51,4051.796,4385.976,4837.577,8208.358,817519.2,1916.8873,14296.536,1002.3263,10762.412,10398.269,10962.106,2373.4827,4083.6487,7588.7515,10251.846,6827.5195,2262.4934,285769.25,660120.3,459377.22,2401.8423,19729.504,2223.9983,397850.12,15938.622,51228.332,13730.421,19344.893,14279.243,2645.711,56677.074,8700.41
asthma_439,asthma,14724.344,73747.71,28575.52,927.59973,1158818.8,20388.44,30814.57,67941.25,1063.0378,91488.086,46375.35,63207.523,9142.793,11592.989,72970.94,4624.107,3325.238,13423.224,17720.412,10295.686,29893.176,650406.94,1743.0028,29513.357,7316.0854,31784.455,15499.673,20632.188,3037898.0,6917.724,13746.118,229125.52,5951.4087,9217.233,12847.205,4633.525,45310.38,2226184.0,8078.279,25741.635,48122.348,10241.447,215344.25,179830.97,239964.94,107654.836,12729.143,12887.618,17275.426,33219.17,625727.06,15575.5,17092.594,2252.6167,44337.93,13236.531,71.76827,15029.675,4091.3728,8698.917,10364.05,27670.096,16367.695,70430.61,2289.0525,68812.12,7230.1006,27196.68,6125.3247,27609.52,8279.652,153844.86,29959.906,16321.133,3403.2375,20442.842,29739.734,38167.344
asthma_440,asthma,274775.97,180662.44,219208.86,12167.161,461099.1,14564.757,7548.506,16532.018,45023.754,82733.1,27288.186,665481.1,101125.45,18442.914,1099221.1,7187.567,127432.88,8656.829,11317.666,5587.2305,53857.805,306556.2,236226.58,41919.645,4439.1533,58150.785,22647.873,34135.38,4922135.0,14975.731,93364.02,450389.78,28962.682,36566.984,3528.165,79115.07,85749.05,377937.34,5835.0317,2354.2349,6469.676,6071.768,216437.31,122719.62,16795.113,52839.66,6192.3457,8963.756,8478.828,15988.042,544840.94,3718.7783,35538.71,4998.2686,18287.223,10725.839,74828.55,2935.921,4565.4907,12414.874,4853.2407,2876.115,3067.725,7109484.0,171015.08,311104.75,12329.619,23994.322,2537.0393,275829.06,13327.586,677766.4,216820.14,20236.908,7753.229,4213.6025,101986.76,13251.55
asthma_441,asthma,225533.88,186616.44,62375.75,8350.506,136822.3,30441.504,25343.836,15126.657,5123.0645,53792.406,15667.216,814436.0,167780.75,54156.387,1068295.1,19576.8,173658.0,14624.611,4954.7163,3880.2004,39169.746,723696.2,160256.95,70180.78,4596.8623,30626.477,12301.206,24653.195,2011861.0,30639.564,223024.95,544325.75,39437.004,79883.016,2382.4578,207105.17,91758.97,641105.4,7153.562,2054.1855,1068.3082,3691.767,234674.1,144480.55,8493.705,82978.3,5845.142,8192.613,7820.421,8548.141,1000189.0,1603.0786,22686.29,4256.1396,15026.579,9399.89,90983.26,1585.4243,4500.7305,9346.01,4170.6514,2280.577,2635.767,6978313.5,74770.91,868254.3,6658.3027,51610.49,2002.9886,480099.56,17786.158,1208477.0,97770.45,36777.99,13967.212,7698.265,131683.75,12442.138
asthma_442,asthma,32079.182,21426.107,15641.253,1900.8129,44948.332,8925.221,79123.74,13174.867,6252.009,13974.954,8605.074,115084.87,11533.468,21526.389,182322.83,6242.546,65307.773,12410.222,3919.997,5095.1157,26809.719,382517.47,12739.077,39109.574,6547.5737,43160.895,11370.53,9083.366,205597.73,4367.0312,60261.02,355906.06,17932.35,16366.961,2733.0125,98478.76,49124.5,501780.62,9836.57,2917.272,445.69022,675.9224,155221.34,84321.69,761.1793,35602.01,5990.0723,4281.6514,5555.8384,16539.398,568981.56,5313.2334,19081.871,5942.888,8322.041,14320.663,8233.12,4444.717,2082.11,6995.569,16539.84,15439.904,1818.9497,2060150.4,548098.1,165196.08,1687.6207,11363.96,1536.7185,124303.65,13240.445,229130.53,3218.473,22792.424,11332.886,2035.7576,129605.57,9691.103
asthma_443,asthma,92444.52,82423.6,59547.984,2792.862,1731504.8,72182.44,10637.5625,68536.32,2702.5059,77333.805,24260.16,34951.234,168697.22,8508.819,38099.082,15959.659,242182.83,11225.172,8530.971,7406.419,39080.457,1155962.1,28593.977,18721.986,2322.382,39891.234,12364.677,29766.947,3248232.2,12795.87,15907.293,261078.17,12669.962,22280.537,5031.365,7752.8076,32279.83,557399.9,9645.724,1031.4221,46444.58,12098.633,136481.64,119462.41,372930.9,112830.06,4640.292,43824.75,41135.496,9005.634,401987.44,2110.7556,16286.566,3808.1162,57199.07,5918.202,6629.64,3674.439,2852.9739,16085.116,3556.7537,1615.2302,26117.738,6203344.0,11564.475,294879.94,13263.765,108946.29,1675.5131,301606.94,6394.1807,341564.22,42013.38,38463.363,7668.534,25980.775,11507.801,66262.13
asthma_444,asthma,432452.1,70483.484,42473.54,2257.6892,686245.75,9627.847,29254.225,27974.016,9097.508,124283.26,26297.598,449228.56,282012.5,46364.52,1390664.9,5555.8384,11913.67,12519.917,13782.7705,4872.8203,48064.008,369238.4,494394.75,23856.799,4511.45,148759.98,48470.33,37893.473,4472526.0,73308.95,32674.43,447061.72,36520.426,26256.498,13502.781,16084.748,55508.25,4056981.5,11598.22,1642.5299,16702.578,8218.166,94230.63,177448.11,74634.125,110247.664,17376.223,5067.2905,8100.353,52781.285,934417.5,14208.032,101257.86,21908.877,9238.99,18414.6,89356.305,15882.871,10383.61,20566.217,2589.1902,43109.758,10050.153,8306607.0,164234.4,135423.78,5747.2544,7273.9824,9915.571,33328.617,8852.978,1526625.9,327897.84,13352.664,9391.824,6890.284,87147.94,10263.791
asthma_445,asthma,606388.06,195101.1,70877.69,5830.9424,1331141.5,40014.992,30564.674,39192.88,8790.336,145761.97,40399.633,640993.5,210921.47,25907.14,1253602.2,7870.069,77184.97,11871.215,19637.014,9274.35,37094.03,616432.7,531901.0,29465.46,5381.9355,159439.7,47761.92,38106.42,6387753.0,41696.242,27194.76,432679.38,42649.54,25622.01,13049.61,9959.939,54288.973,4317448.5,10441.818,1142.6812,39193.51,32165.05,142070.28,152531.36,222350.67,112234.55,17316.814,15492.328,14832.209,42780.918,730329.3,14093.975,35532.035,32359.479,36999.273,14433.897,98178.77,18135.006,5294.1157,19377.299,4038.2178,27952.467,22659.174,8310481.5,63154.137,175285.12,13413.472,8373.635,9543.252,24318.7,8515.029,1926574.0,212756.66,12974.194,5368.3076,13770.498,216987.08,29621.922
asthma_446,asthma,301218.3,362004.12,158197.4,20836.182,824480.5,51582.98,33880.938,31861.209,22441.441,74073.37,34644.656,430651.1,106864.63,25596.414,888982.56,9250.286,259484.33,15267.539,27220.553,14486.622,45388.184,953787.3,479847.34,57684.047,3780.9937,75642.77,19842.027,26072.443,3727161.8,13376.193,91125.234,473671.16,46948.254,50702.043,9023.673,53749.28,93817.17,790219.75,10944.305,3603.4836,12856.301,8530.897,217810.58,189966.22,75400.84,92209.78,5286.365,34391.305,69313.61,16396.13,690978.6,4863.7373,23341.033,2262.2249,26163.709,11261.621,92974.664,3622.8335,4431.3896,17493.4,7902.0586,5620.6973,24763.479,7847103.5,591259.75,382870.78,20971.37,79388.37,2988.895,263847.78,18577.416,1508092.0,262341.6,43356.527,13525.84,20755.342,120618.08,34719.406
asthma_447,asthma,65036.78,149823.81,30179.26,6590.179,71878.74,21901.69,27292.846,17279.2,19738.99,27678.516,11442.025,340614.38,113380.94,42798.22,597228.9,11996.209,103013.34,12945.333,6089.3296,7015.5547,51712.477,556742.2,191864.48,63604.992,5037.613,49767.137,15968.917,14967.778,788601.2,5965.0483,173772.31,462518.1,35312.18,60585.1,3571.002,203481.11,99763.02,532272.5,8931.429,1892.936,454.9067,1348.5741,255039.28,148439.28,2726.368,66689.3,5256.864,9258.441,14231.603,16856.768,716092.1,3036.6858,36430.293,4346.0537,18267.838,12359.513,72607.74,2521.3909,4848.8584,8448.927,14954.864,11582.655,2617.017,5164383.0,409948.0,567597.4,3334.4595,41693.895,1416.4255,241828.33,17685.63,505529.06,37574.344,40471.285,25631.664,7926.9473,125873.43,12120.149
asthma_448,asthma,224413.47,331618.44,137791.44,18397.975,523998.34,32239.25,32203.174,50345.336,23629.385,120496.2,45525.09,637870.06,226664.61,24899.604,1232603.6,11416.725,117509.28,13697.186,19744.678,16968.582,35500.227,844041.4,807922.3,49298.81,9129.591,142565.83,52625.92,73469.87,5344797.5,11330.41,70525.984,511063.88,46143.562,28916.535,9046.025,117757.88,101136.25,3319489.0,11589.904,1426.0795,9235.66,23845.174,432874.2,208417.23,44173.746,111394.48,23756.602,28480.92,18917.664,43473.992,1021879.75,31259.125,28132.75,2340.1702,42444.26,18458.012,103867.84,14970.819,12671.231,20030.203,13318.171,23449.092,6175.288,8286770.5,303878.88,50199.54,15796.701,19908.125,9642.127,49957.207,18166.807,1656300.9,273899.0,24176.662,25089.182,5895.3843,144010.62,43607.992
asthma_449,asthma,252241.11,365691.25,126809.266,15301.344,584664.0,29186.451,8101.172,39223.652,31679.775,89998.84,33480.582,577494.9,154093.61,30836.295,1041262.6,8819.368,162074.28,13115.229,13358.001,13841.84,60800.945,1040061.8,561864.3,53971.336,4895.8267,75698.555,22459.234,44355.27,4075618.8,10785.398,81117.016,529547.0,46418.54,58419.152,4863.1577,72500.28,102679.766,1955784.4,8346.62,4449.514,8824.189,6429.2354,366190.66,174941.27,34204.53,101507.6,7293.8867,35642.305,42428.113,23437.107,776213.6,9310.8125,39860.125,531.4958,17381.377,10490.922,100247.234,4554.1255,6362.1016,13330.142,10081.71,15745.86,6238.0996,8094877.0,179142.0,215349.8,19348.38,45707.195,4391.854,184551.19,19721.773,1228884.1,431265.94,24661.402,19553.03,15513.915,126554.47,26261.13
asthma_450,asthma,99736.95,90678.516,128016.23,5284.021,374459.44,9554.19,3535.6716,27733.186,14457.002,83373.33,24694.682,551973.0,87500.71,16411.807,648438.6,3746.7053,62726.88,8447.484,13316.456,6101.1494,49328.77,322863.2,449235.84,30296.312,5356.4307,67994.21,26457.266,36712.105,3576287.5,15659.358,24526.252,337534.0,21501.152,18703.46,6245.2085,78240.7,66671.05,2013348.5,5387.3696,2376.4363,3744.565,10437.706,237809.98,92963.05,10877.351,37754.414,6619.8203,13634.429,8365.405,19823.113,532509.56,9463.822,33430.043,4217.294,15463.675,14130.032,72403.75,7506.812,3174.8079,11880.753,8245.245,5920.8955,2322.4019,6688590.0,125647.83,124030.11,9035.075,6748.0356,7431.107,72349.23,10315.885,489179.94,108192.93,8908.305,7212.1035,2557.748,143850.3,15724.25
asthma_451,asthma,61092.902,86802.38,33112.543,4233.76,51541.38,20050.615,59993.516,9288.859,106208.19,34593.38,13390.962,909935.75,213079.52,26696.611,548058.94,7042.278,122849.25,12241.727,5646.7007,6731.752,68084.86,374700.22,170146.05,70697.5,5045.6777,31442.918,14303.287,23528.887,2235016.5,14451.488,214154.56,551889.9,24987.17,48874.31,3362.1494,455134.66,97672.04,475004.25,8789.599,1344.9906,318.69696,606.96344,271052.56,148214.22,1717.2783,73391.99,4338.3867,3790.5312,8666.776,12688.367,653172.4,1995.9736,53363.45,7441.0864,10009.115,13367.623,66756.69,1836.5171,3201.2578,10179.715,6186.1294,6431.738,1774.9122,7100675.0,74738.61,529308.7,3002.0776,64857.156,921.12885,214391.39,16276.706,456016.66,22072.8,59195.566,26283.004,4143.7764,138019.22,13907.847
asthma_452,asthma,474292.7,296243.34,202729.95,22701.592,1144738.2,44570.17,139661.61,38705.086,59648.02,98814.33,41246.117,763934.0,195593.47,14576.152,1457771.2,8444.182,202694.38,17303.459,22159.133,22815.195,29550.365,1052712.1,757736.0,41715.055,7488.591,144207.02,40913.11,48743.227,5985113.0,30708.34,32270.072,501813.66,49282.074,27326.912,6893.689,109761.93,91643.62,4335607.5,11710.897,2169.6877,11537.616,14059.028,407240.22,217347.64,132553.64,121365.555,17231.605,43987.47,31866.527,43007.793,808453.4,27959.691,28861.459,2581.811,27445.518,15493.702,101290.6,14285.904,12834.298,23470.393,10889.641,22383.729,21570.059,8301625.5,366762.78,21613.201,19784.998,15709.905,12247.939,48595.438,17905.758,1867908.6,226092.5,14951.613,8600.709,15409.761,136853.1,56940.867
asthma_453,asthma,371447.94,264575.72,162406.48,14613.902,710140.06,29869.893,10100.863,15574.282,11748.688,93706.2,23970.97,721287.4,78324.766,18091.576,1121469.1,8097.6187,198082.05,10060.06,6948.096,3656.4001,50117.93,601177.0,176973.05,41796.094,3286.019,27750.277,10652.02,25708.562,5453208.5,24954.566,119876.12,434115.25,33044.56,37329.75,1951.521,47239.83,66134.54,346003.03,5541.464,3884.6226,14741.95,5268.339,127100.695,122124.07,76478.11,55839.14,4111.9688,15523.921,10268.814,8058.709,433682.44,1929.6018,25923.479,4541.4365,15649.594,7380.5596,77634.71,1765.5449,5119.181,8888.301,2586.1597,520.7603,2217.0005,7030959.5,25243.342,544448.25,16177.194,31636.057,2022.8718,328708.75,12788.989,1222117.1,350910.9,17412.305,4548.5425,4677.631,87967.84,11958.25
asthma_454,asthma,257361.4,109322.12,200691.06,11216.3,208250.53,24939.006,11890.048,21846.115,349563.5,100424.445,32062.787,758846.06,197940.98,18057.479,1242415.6,7406.9346,145144.55,7943.2725,13334.478,11338.583,39377.586,145136.94,687464.75,33691.38,7762.36,122023.02,51831.17,76532.32,4860004.5,14776.663,33897.49,441505.34,32983.73,20047.938,6303.757,301304.8,75234.63,2416603.8,7412.836,1536.5353,2289.8486,23778.068,243616.03,144282.67,13455.947,93077.664,15340.694,6265.351,4937.241,36508.617,666191.7,21074.527,50564.562,3853.6343,16970.312,21960.63,88246.22,11545.068,5187.407,18053.363,9763.616,9528.3545,2270.929,7620935.5,116541.56,85856.98,12336.7705,6395.62,8975.998,185154.28,12684.459,920922.6,302742.94,11660.521,3586.1145,2559.58,168132.19,27838.602
asthma_455,asthma,294635.1,66226.875,110674.305,4657.529,196867.72,18751.703,43714.55,27937.781,155431.98,105955.57,35387.496,408599.88,134246.3,21044.299,1052341.8,4471.1235,88317.62,10968.507,27029.895,9986.926,33778.984,179928.06,583292.8,32533.88,7130.9927,86007.36,34306.23,41271.418,4107286.5,13601.491,23256.064,425081.34,30032.111,20252.064,10292.17,68074.41,70268.78,3895478.2,8449.563,2377.4805,5438.7383,9181.111,205578.92,114366.14,31427.748,82389.414,8313.941,7537.4116,5360.0493,38799.516,708128.1,22866.844,41462.6,9757.752,24037.842,14086.664,55074.7,15101.043,4719.7075,12786.745,7913.3423,29677.713,13990.01,7146722.5,393884.6,68072.78,7693.3916,5105.225,10774.4795,36413.793,9904.106,888411.3,222398.61,9838.484,5186.2744,11409.051,148876.94,25057.45
asthma_456,asthma,88383.93,75605.92,70626.41,7387.0103,160123.73,19083.271,19044.582,16208.422,4563.514,25745.219,10474.734,212428.42,25015.496,29162.578,478444.06,5949.7285,128268.22,12720.986,4625.814,3875.3474,27414.072,485923.3,113748.63,49011.535,4700.4243,23431.297,9943.462,18863.146,606099.0,5259.035,54450.96,293171.44,29402.834,36143.023,2541.156,174622.89,65535.566,135546.66,8034.035,4794.976,1192.9398,3030.5679,163889.4,111265.16,4333.3574,45956.035,3457.0015,14877.659,8512.553,8385.855,475055.9,1753.2483,26252.316,1794.3276,9950.805,8460.967,38881.23,1475.026,3794.938,7665.075,5853.8906,1923.1207,1661.2802,1948170.6,553233.6,256406.22,3741.7441,76230.234,1025.4199,282248.22,14265.169,396525.88,18347.318,43005.62,15430.763,5612.169,60033.41,12156.884
asthma_457,asthma,192735.42,80924.93,72944.84,5041.733,465947.0,18329.514,19161.072,32290.977,2643.5461,77170.84,26443.668,279481.03,9936.152,8356.29,413872.34,3197.1895,83158.37,11958.067,9627.617,5571.7544,24873.803,549306.4,29762.094,19949.14,5349.0176,33939.02,13186.96,24775.832,4380201.0,9389.729,14106.078,243042.16,12533.836,10948.178,6072.7524,10013.059,35802.8,504445.0,6704.5186,6904.7905,27172.387,4486.97,167905.45,106750.66,86308.01,57360.277,4967.886,13412.205,11586.81,11775.377,361756.34,5332.293,20968.889,3435.0322,23709.68,8730.261,8261.398,4012.464,2701.6975,9415.735,9746.273,5449.4404,7924.9814,4496501.5,13635.989,31454.676,9562.395,29251.77,2495.4326,36379.324,8795.829,253279.33,50340.918,15278.201,4875.9917,10692.868,83564.695,16789.957
asthma_458,asthma,52041.53,22552.475,15640.566,3332.6182,78386.05,9456.433,9698.103,37902.402,10272.742,34691.11,16909.71,394593.7,152729.31,37043.973,481646.4,3094.5522,93222.82,13597.522,11594.537,13168.196,33244.43,235386.64,685485.7,30921.729,10412.827,94377.14,32522.559,17349.348,972461.9,3363.917,29042.148,251189.92,24726.686,9612.561,7902.926,195611.75,49295.707,4856576.0,15773.908,1173.5409,1000.43115,7677.5796,299699.94,116857.63,6730.8335,83393.2,15914.334,7761.997,5883.3066,65030.95,728940.44,32082.426,59386.465,31036.215,18514.13,27591.28,86664.164,15933.637,4460.678,8517.775,40031.633,31785.85,2184.0364,7022449.0,164152.05,51553.42,2591.6343,3580.4778,9540.049,20043.521,13600.389,1086947.5,57658.145,14687.75,6513.9985,1209.3955,219059.64,15812.98
asthma_459,asthma,186033.42,18693.297,36523.87,3475.1638,70330.39,14901.9,37050.26,12957.043,3524.663,23292.957,7141.611,439606.72,102846.86,17406.244,532154.7,5831.576,103227.05,10486.78,3169.914,2892.7122,19883.021,588209.2,24146.04,30618.883,4056.3013,17347.246,8341.384,17875.795,763775.9,18648.547,45069.12,311846.2,20512.955,20003.38,1418.1589,117764.17,38043.492,203128.05,4493.1895,2949.5913,740.04675,4285.4062,155849.83,82371.42,2032.496,39165.453,3096.1853,6248.563,3080.8171,6662.6606,364499.06,1655.9037,16310.038,1767.706,6275.686,8634.952,45052.707,1322.31,2551.8044,7106.325,4704.8066,1578.8702,699.39026,3664237.0,27803.87,142893.47,3153.5964,67553.01,945.35455,278484.38,12944.543,422246.22,8471.804,35216.7,11409.508,1996.5175,83200.25,9608.105
asthma_460,asthma,90885.61,150154.97,50840.234,6817.9985,356754.94,13486.616,1406.5443,36315.92,8106.32,29924.41,23118.03,248189.36,35109.152,22130.03,584211.94,4653.1104,85515.64,17492.951,16930.06,9539.8125,51212.605,478424.9,512326.8,21128.4,6698.6763,38899.254,16581.031,17159.168,2113104.5,8095.8423,16336.582,296871.22,27146.252,15033.044,9940.086,81162.37,47820.08,2442004.5,9434.974,3208.8528,2274.5002,37305.977,326987.56,124403.03,15193.225,57778.86,8813.616,23123.08,11234.179,43856.234,669478.7,20169.488,36289.266,7055.7314,24641.395,15429.423,54983.75,8432.398,3054.164,5092.142,10966.969,9478.267,3715.1865,6820712.0,64864.207,98198.16,5654.052,5189.9214,9797.497,31347.941,12179.724,885308.2,43089.617,10481.2,8555.261,2470.1113,177238.39,19618.762
asthma_461,asthma,201983.3,97735.12,144083.98,9326.873,262488.75,16987.867,39688.555,32815.426,60149.746,68677.914,34822.637,689246.4,82112.44,23073.559,1022601.1,8117.9023,165234.53,14457.416,24102.877,11022.673,48830.934,767443.4,311949.4,42289.832,5187.274,88665.06,29220.541,35422.41,3864135.2,15311.621,45650.914,485199.1,39521.605,29559.02,11235.883,110796.07,81570.61,3075643.2,9174.546,2562.864,4571.858,6274.6387,253323.53,184052.72,21032.38,90187.61,9664.611,24825.598,25685.133,27035.207,746246.7,18074.812,38825.5,1915.347,10991.944,13773.31,58816.176,11463.62,3729.3755,14558.521,13354.676,23393.271,13036.1875,7570865.0,143380.25,105477.18,9804.536,14017.216,8515.289,67085.305,17072.457,1099771.6,172191.1,15073.573,14580.254,11068.646,176125.12,23100.508
asthma_462,asthma,187839.36,254054.19,138837.06,12046.784,723885.4,39849.977,1914.0581,44559.676,33236.664,61222.676,26942.518,331372.2,106611.58,19568.01,554261.3,7246.601,175694.66,18666.45,11280.562,12596.416,61658.918,1005511.3,522537.7,34678.11,4573.498,58561.227,18479.766,31488.8,3519308.2,9142.409,46303.582,430075.7,39638.547,33662.598,6316.836,111119.45,73826.53,1258500.2,7908.694,2246.4707,5769.037,16509.328,354503.62,157861.19,47483.875,92684.91,7152.559,43903.816,30446.701,25986.797,810873.3,8108.477,52029.125,747.2915,20705.44,8138.602,88518.39,4003.571,4227.19,11285.706,10967.868,6467.899,6071.0093,7715233.5,64131.62,143588.66,13954.842,56469.785,6303.0713,163397.81,17517.008,634320.06,144973.16,22280.814,28721.613,12263.603,79531.37,35944.34
asthma_463,asthma,248419.05,28909.422,63827.027,4879.9697,828532.7,33646.617,54474.125,43127.85,6881.1616,94500.35,30460.99,359163.0,41878.566,11443.728,474962.12,7139.881,175474.62,17659.674,19925.182,5137.5737,26317.795,830048.8,118773.65,20040.902,5314.019,44246.184,17170.283,30743.094,4605943.5,14946.766,12244.016,252582.7,18952.59,14625.88,10452.858,19878.545,41468.69,1110414.9,7046.3696,1323.4387,19276.695,26114.824,152016.27,105577.72,168277.03,96801.74,5517.4766,32813.645,20230.559,12618.745,581784.5,7391.387,24154.56,2534.3926,19845.566,8935.331,4490.88,7072.9,2740.285,10115.45,9786.785,11125.345,15109.283,6613061.5,19343.178,32910.99,11041.044,16102.584,3465.3516,26337.908,9542.6875,87283.59,20454.738,10878.315,4326.501,16993.133,81923.15,29230.854
asthma_464,asthma,377872.84,180095.1,40205.684,6931.5283,1879247.5,70900.47,14730.103,71849.68,20150.281,141066.22,43167.355,154479.27,84575.22,17926.707,484667.25,22845.46,29991.467,18340.582,19234.457,9333.183,31129.297,855643.1,60624.29,24697.227,3849.501,78844.96,26286.84,27108.635,5669272.0,31392.13,14812.813,275234.66,26458.426,12398.911,13767.597,5428.6885,30143.447,3406992.8,10019.852,1485.5575,48799.785,44917.906,88177.74,145457.17,386438.6,105189.48,13798.909,28417.783,42804.26,22418.895,570689.56,8219.052,15109.269,9619.21,49030.426,8799.337,11173.932,21578.229,2611.069,16427.639,2681.518,3360.2576,18176.668,8071712.0,812.0544,36504.86,14568.688,50492.28,4906.2236,57047.133,6804.9854,1820946.2,266835.25,15653.58,6555.904,18984.592,121129.086,66465.8
asthma_465,asthma,79418.586,219805.47,73499.58,9403.557,348186.4,11458.745,2000.5286,28023.896,8691.237,45575.35,25074.805,564677.0,69955.516,17804.03,551738.3,4173.3853,58490.79,10835.581,10092.659,9529.963,55172.637,572284.8,479826.75,29634.102,4238.0874,61778.582,16900.553,21399.947,3063225.8,5626.48,41221.227,359789.7,32197.062,22939.166,5821.617,51181.406,70147.86,986776.94,7137.001,3194.8083,3708.6995,7454.8467,252186.03,127570.17,14250.102,65040.875,5329.339,25225.893,11529.41,21780.105,562846.9,10652.619,50997.96,4886.4443,20017.693,11199.218,85136.6,3560.2366,4002.624,9790.398,22650.143,16905.277,7171.96,7356453.0,328383.84,177498.2,7014.825,12839.097,4927.662,78956.48,14676.7295,685317.7,197781.72,16973.453,19857.986,7743.437,138325.2,15291.16
asthma_466,asthma,195392.69,137313.94,165611.11,7460.4873,378699.34,18775.719,3800.6982,20287.016,167093.48,86059.22,29608.338,445518.44,92088.68,11837.116,1020693.44,8426.7705,98312.29,7591.8135,16247.393,6078.171,38508.805,182831.1,377686.22,27307.451,6055.0654,47827.605,23514.193,55241.03,4608391.0,12668.452,22532.867,308938.47,25959.377,23339.365,4419.3633,107589.25,63323.31,1499952.1,5389.8467,2448.8684,4490.644,34465.773,229411.06,108168.164,17709.447,52051.56,7958.705,8354.888,3820.017,19203.205,581872.75,10481.79,44578.758,2399.0642,22976.607,13300.679,52472.22,5949.0815,3843.696,8939.559,4537.8774,3623.141,3102.3647,6395006.5,35606.7,73372.26,11512.696,6170.9897,9268.708,124776.24,8890.361,604934.25,139725.56,7100.966,3712.7808,5453.455,168301.27,20803.559
asthma_467,asthma,98307.51,173178.88,120528.5,10602.122,122390.61,16722.613,11238.852,16242.652,111705.33,42685.31,16336.645,685578.5,106967.516,29784.469,967971.5,11998.933,104838.15,10297.521,9889.786,6050.8506,49276.2,321312.0,273100.06,48887.17,4407.323,43017.516,17858.516,29109.56,2318274.0,14915.45,129158.53,451812.9,33398.24,45666.633,4151.84,363923.88,90791.875,438870.72,8348.77,2687.5637,791.704,9609.37,188122.97,131223.4,5742.6187,52733.94,5366.147,12995.136,12233.241,17538.69,626799.7,3372.6956,75845.83,3181.129,13613.977,11261.095,64566.543,2665.3223,4320.9536,10116.724,8316.526,4648.364,4677.5776,6357245.0,500778.62,437823.94,5579.716,29261.814,1712.5319,201230.19,15873.27,590997.56,113716.52,34257.484,11760.875,7686.438,122564.65,15512.214
asthma_468,asthma,230164.7,139906.1,208923.69,7873.936,315847.6,17450.342,5914.004,10657.619,351331.16,76778.836,18698.574,696673.06,165238.94,17440.176,1255110.6,12518.531,100929.87,6495.739,6064.7295,3742.9614,41408.938,135828.38,377642.28,38096.14,4720.4053,23396.775,12754.3955,25230.031,4935239.5,22679.041,124901.25,435315.47,30006.63,63357.38,1896.4749,328875.88,84105.164,510238.4,4605.6797,4164.7793,2196.8174,23169.768,137183.05,111739.42,12365.537,52834.82,4345.5435,7670.546,2687.124,9626.607,660768.44,2721.812,77815.58,2660.0042,10105.826,8533.876,62424.37,1922.0586,5841.798,8842.665,2628.9927,603.48016,2093.7344,6483762.0,97905.84,500576.16,12261.58,9215.88,5150.596,492192.62,10188.826,742676.94,207105.36,9820.605,3319.0042,4501.095,138214.83,12269.254
asthma_469,asthma,80421.15,255711.72,24293.13,10288.568,81310.266,35502.598,29437.99,30339.857,59707.664,34233.25,18299.174,276283.97,122869.87,40304.887,1077671.4,19754.32,70821.94,16745.898,10305.45,14956.419,49256.47,798266.06,472437.28,49054.98,5895.564,58912.902,17893.86,18099.895,1138513.9,7350.1826,102749.12,512868.44,37647.05,47978.0,5804.235,373416.0,92187.53,1939117.6,10552.045,5415.061,563.73016,7867.5547,256995.72,193223.12,4989.9277,90120.63,9117.0,26488.926,20746.99,32642.254,847402.2,13668.45,56411.707,5869.1875,17956.412,13403.177,78407.875,7184.757,4004.0142,8244.8125,19000.424,21913.578,5468.05,5598960.5,482501.53,228428.64,3790.3289,22826.143,3623.7288,127678.86,18268.953,1072584.8,146553.84,26860.854,19006.82,8254.79,223245.84,24592.82
asthma_470,asthma,324574.12,297147.66,57299.04,9992.214,1288663.0,12903.177,4887.414,42781.367,18845.83,97823.9,29417.504,638165.2,65077.668,28926.797,1224618.6,5276.5264,29412.678,19447.375,20067.508,18173.34,45916.65,767903.9,298716.62,31737.777,5051.013,86137.38,28950.613,30621.54,5149830.0,42231.875,31739.412,473466.56,44858.188,31204.408,14137.459,24742.066,81225.94,4274659.0,11078.4795,5112.7295,23294.623,14192.985,246195.22,211500.97,70501.91,113487.28,15179.437,20481.307,9978.366,65274.15,917129.3,32396.688,126602.39,17673.068,20705.023,13592.466,70071.9,11502.072,6273.3164,7812.25,16035.871,48522.824,29730.916,8209667.5,7680.707,117425.484,13771.142,8349.853,13378.834,24560.428,18058.96,1689975.6,306117.7,12247.087,17413.252,13149.496,209845.25,24927.76
asthma_471,asthma,500976.84,117800.34,103053.93,6736.203,843296.3,7449.011,8381.441,42462.48,5934.9634,128229.445,33563.223,905332.56,262892.84,38547.605,1162236.4,4527.004,68975.26,16388.455,13624.472,10577.478,47255.78,441418.22,889425.2,34055.973,8047.1724,156784.98,48602.254,37462.137,4870114.5,38313.992,29067.227,458198.94,47431.1,28339.564,11350.052,19559.11,72059.26,4574128.5,12916.609,1130.1058,21780.688,8550.864,214411.64,166129.64,33970.85,111024.97,21159.637,8852.801,9241.062,46528.68,904312.6,26746.0,49572.45,12527.609,16782.592,23604.496,104232.516,17048.408,13821.96,21064.459,7810.827,37779.34,5974.0615,8311765.5,494572.06,107003.63,11361.749,5169.6646,11150.5,26642.004,13250.235,1896877.0,264237.84,14326.455,19366.916,4620.236,179450.64,14226.582
asthma_472,asthma,479107.03,101482.914,29122.416,856.5859,863440.25,33194.438,553118.6,28001.855,5410.048,81247.78,14014.168,115975.33,285006.38,33157.957,510031.66,6370.123,178377.4,11951.591,7247.2026,6608.1436,67729.12,1032663.0,593938.5,33389.418,4623.057,173729.73,38216.445,12966.66,1796876.1,24086.102,18879.47,437500.06,45793.98,15799.774,5337.672,46317.098,44470.266,4176106.8,7514.4272,4763.5386,6734.0703,776.85815,99458.94,131497.89,98466.45,117954.47,22717.445,13123.574,11695.729,23063.768,688657.06,11228.224,28373.803,4458.564,7990.2773,15040.86,99928.13,15580.21,4424.961,20063.432,1872.9938,29815.277,1854.407,8313065.5,1075458.9,35252.69,2893.3318,7121.5854,8595.3545,37637.18,5520.5825,1920681.5,82910.42,8177.258,30445.336,2446.706,80290.414,16470.467
asthma_473,asthma,302800.12,267511.25,62585.56,4259.316,1380898.4,36823.895,30661.488,66045.61,6391.711,134168.34,46747.246,446747.2,134162.08,31475.47,1064709.9,12486.789,25514.475,21575.842,23223.018,14360.573,45316.215,575800.0,319891.2,42888.19,6343.9834,93107.85,43852.76,56168.844,5699021.5,78862.484,32115.457,505270.72,40027.168,24740.557,18990.26,9200.967,70616.03,3674024.2,8766.524,3597.8264,43042.344,25892.072,163038.7,196472.9,279062.62,123542.08,14116.239,11680.546,20539.207,62985.06,856597.56,23215.135,37832.16,16938.814,45856.78,13734.533,40186.938,21509.396,6857.3057,14494.431,4975.417,44553.09,31812.78,8140320.0,9331.447,82132.875,13172.19,16335.46,11634.959,18066.97,12079.585,1632192.1,185627.05,18599.4,6438.686,21195.871,108374.164,45720.668
asthma_474,asthma,493976.72,399250.38,43740.95,15415.2295,989624.0,16534.084,1881.4187,44410.34,27534.867,109130.766,30460.002,543462.6,249369.22,37961.547,1511033.1,13848.627,17398.893,22499.39,11829.77,24715.912,35688.496,897354.75,892521.5,39662.79,9833.146,115334.28,44790.9,25993.291,4384046.0,36501.586,55263.637,484324.4,49429.168,27463.793,14277.2,46777.617,84707.28,5397006.5,17889.234,8015.39,8931.564,15897.799,327540.0,256220.19,57773.734,124728.89,26454.312,19653.576,15454.239,79644.766,1198998.2,46274.887,140165.05,34158.37,30319.984,21690.617,103571.49,25054.557,19782.998,9508.481,16074.504,51349.004,10832.708,8310323.0,4125.4014,56088.176,13966.786,10440.563,15604.152,27108.97,21284.578,2016069.1,476781.06,16828.674,43096.523,5123.778,252536.22,27081.037
asthma_475,asthma,29465.715,184388.81,20909.18,7453.538,40273.3,49209.61,213165.3,8418.464,3639409.2,33062.812,12074.943,745408.8,270647.03,37612.777,1053347.9,29726.775,127049.67,6862.167,8846.908,9614.009,45627.234,121334.305,141471.33,68220.695,6040.1772,49791.918,27273.877,45810.754,1415671.9,12208.811,244815.48,567728.94,36369.992,64822.652,3556.455,1057308.2,112744.766,1199480.9,12299.341,1254.7665,188.64409,10507.8955,166473.95,172262.22,1557.7898,98555.516,7092.254,3781.3364,3923.304,19050.158,902777.94,4225.3716,176555.14,3204.2153,12217.081,19019.098,43563.934,2258.7114,3779.4575,16505.959,9422.069,15691.217,4460.7803,6056241.0,54595.465,712995.6,2377.2073,35426.8,1189.4839,407673.88,17630.998,513061.2,11767.113,53950.957,5466.861,8662.206,212619.75,26809.156
asthma_476,asthma,107825.914,387833.44,88358.14,7288.1357,1769353.9,54074.945,244894.4,67739.84,17700.26,123949.34,46993.633,372794.38,115596.91,18941.133,1071808.8,13809.981,8064.491,24876.72,33603.484,12348.296,65911.08,564214.06,124428.42,40493.754,5035.206,64840.953,28684.71,44575.188,5640931.0,108123.41,27978.498,517246.47,28732.434,27906.545,20990.219,25845.248,68017.555,2239783.2,8154.3677,15414.067,40546.08,38483.69,187147.55,225935.36,332623.12,122905.38,16327.064,27416.922,24291.902,53255.11,851289.4,24288.266,22757.432,12031.34,51730.92,10011.378,1929.3744,22354.459,5227.891,9334.331,4215.8423,31758.457,43897.58,7016564.5,6728.8247,54952.715,17694.572,44484.984,11917.193,19344.395,12463.35,1405231.1,99524.12,22792.469,6946.625,21510.38,81423.32,63708.684
asthma_477,asthma,10060.175,184937.05,26581.625,1094.6641,1175065.5,41497.73,6978.442,38346.78,5799.4644,41677.12,10182.463,28265.957,49050.957,18893.664,52734.043,12834.493,1282.7568,16219.741,8562.412,9776.094,55293.582,866793.2,527.97833,34256.08,4289.7827,62515.523,17631.184,25091.43,1326898.1,49185.258,28778.781,323000.25,14340.892,10500.392,9872.361,17958.193,32203.512,1993613.2,7710.309,82634.77,14973.146,11772.008,113980.69,262030.03,142202.72,94718.43,28222.373,17293.773,36349.258,53801.69,778320.3,25500.875,30590.25,4473.3335,15535.829,8304.731,27.923752,20585.154,6944.3,6884.24,2285.4834,28819.734,17266.646,3147076.0,436.9059,8694.786,3849.8132,65404.758,9977.814,125486.28,9032.671,418457.94,15351.451,13350.855,39389.38,15186.387,5687.5444,33339.746
asthma_478,asthma,116946.266,75196.69,385338.22,6501.944,69253.086,38848.06,16796.973,5479.5835,7550121.0,84958.81,27328.79,656336.94,284478.2,10624.959,1706825.4,56364.867,58380.387,2596.158,3774.4243,4794.555,36156.848,33812.797,708933.56,28431.988,4471.482,65715.56,38399.406,87769.32,4671263.0,61976.21,210633.81,516935.3,31801.889,71373.46,1482.3633,1057218.5,110379.375,375634.75,4456.7524,2134.9941,492.2993,37222.707,88613.58,73974.88,7086.446,103889.734,10830.084,1174.5209,1441.836,12928.281,876533.25,5583.3843,253303.0,401.46405,11424.284,9221.964,72647.22,2820.9053,7395.456,22725.225,2787.2683,1277.7817,6553.828,6223829.5,7712.17,785170.2,14437.726,3163.7964,11741.407,660576.25,5877.008,590643.75,96504.75,6277.141,1979.258,8508.023,164384.53,21977.477
asthma_479,asthma,9646.46,17766.135,18678.629,1397.4166,128397.7,10953.641,2498.8823,59045.65,1372.4465,19497.777,9632.99,7479.789,406.74756,15050.273,13975.9,5500.724,5056.745,20633.33,4243.2163,9121.01,10466.625,869290.75,695.41425,25710.156,13866.959,35537.22,14850.072,13777.237,101486.69,1241.3976,11493.508,146766.72,5517.5503,10722.27,8097.9043,18637.684,37543.9,877780.5,8232.9,38747.895,3619.9282,4683.364,248301.1,159975.38,4623.97,67418.56,12523.679,13507.56,16994.17,39720.324,698945.7,19066.88,31397.639,379.51947,11836.123,13818.968,63.667366,12837.37,5005.688,5689.406,17926.11,16377.22,7874.7993,3531.1953,2019.4237,7854.973,2220.8103,19207.014,5786.4023,34817.457,14388.473,9651.19,173.4387,13004.459,15452.382,9430.736,13643.782,21102.16
asthma_480,asthma,178156.22,139471.67,95393.7,5825.094,280483.4,14764.309,15068.169,12899.497,3489.7344,53120.484,14039.145,374802.78,34848.883,15874.603,757974.5,4423.3613,88003.336,7890.3325,4799.7764,3254.6902,40990.246,619803.4,67824.78,31570.291,3818.2976,21142.592,9178.064,22017.254,2865382.2,21499.594,69866.04,248376.4,15999.421,24082.885,1844.4092,30821.477,37825.05,183423.83,5811.4087,6906.872,6976.831,915.4666,108804.25,129514.63,19746.71,54984.69,3292.3604,10919.323,7748.3867,7353.219,373624.38,1662.3807,22877.643,1061.3324,13890.825,7878.9844,30178.885,1493.0339,2403.1362,7209.3525,3307.7075,740.0559,2114.3767,4964133.0,7567.9917,393752.38,6838.7817,37889.754,1211.4548,292325.78,9624.073,562186.44,103045.08,25576.77,6324.6978,7646.2144,78522.664,10905.169
asthma_481,asthma,250487.1,88192.21,73679.52,3664.2915,1185430.8,31101.373,102643.05,31702.352,5519.603,70606.13,27762.4,329783.88,53025.99,14601.462,662112.7,4286.7803,335580.9,9125.97,15855.521,8074.435,54266.043,812802.7,82557.18,23640.002,4181.9175,67836.69,20780.734,46264.43,4791360.5,15242.441,19455.26,358658.8,35292.72,18136.096,3648.0002,33554.168,50895.684,480308.84,8782.937,1368.7656,25126.178,1903.2675,163939.44,108518.336,103342.29,87872.93,7058.2085,22365.783,17163.457,15573.614,489876.47,5578.433,57157.9,4785.655,19990.773,11127.096,68404.29,3210.644,5696.704,12571.752,3453.8535,9684.229,4937.8066,8212956.5,403583.88,53788.457,10270.676,20834.85,3905.6345,41768.48,7321.6143,945583.6,32535.123,18254.81,13633.766,12672.7295,77812.68,22163.908
asthma_482,asthma,31705.195,14701.779,54197.51,3127.74,383073.47,30920.432,10291.631,41434.297,1418.7498,36439.047,4120.623,29829.953,82593.875,56417.84,39095.44,6424.129,211032.73,9640.757,7275.349,5979.9453,49083.293,714388.2,9459.717,77922.586,6663.9067,24473.283,14598.189,113184.74,420970.44,3346.036,166508.58,304558.34,35186.92,60014.52,1818.62,112736.914,85311.34,260126.31,11731.702,1114.6302,23510.0,378.73337,457760.84,210536.61,22104.568,92588.516,5351.0176,3810.8489,23613.098,10313.366,935293.0,1682.8455,164245.84,341.9815,18746.59,14322.835,7757.3193,1322.8635,19152.723,7859.267,6264.532,17348.9,2112.2927,107228.68,57274.727,337189.4,6066.176,102523.89,2064.979,620932.75,18157.87,42128.37,159.94525,60393.117,111631.63,17368.072,3919.8774,18708.492
asthma_483,asthma,132975.27,149899.14,41334.047,6709.892,108335.414,20891.498,24544.832,29636.842,62489.355,50483.52,26381.6,425321.0,142871.39,28208.945,785715.5,14274.913,72992.305,9422.446,10496.096,15564.349,36795.773,382183.1,567823.7,45693.816,6180.379,92515.08,35333.64,20603.105,2025060.2,6115.517,82407.41,469750.66,34811.215,30624.021,5372.6465,196312.39,88796.984,2684328.0,8388.8,2390.25,1034.7604,7362.7915,267673.03,157369.05,7494.2925,86543.41,12917.041,9294.566,7742.0854,44688.2,717656.3,21423.922,41319.977,5874.7046,27109.514,14507.265,90034.3,10186.863,4163.7466,11377.19,23935.4,22635.91,3808.04,6924998.0,629910.4,196806.52,5033.156,10196.496,5819.3906,106510.46,15973.35,921973.6,265524.12,15957.255,18808.195,6154.595,173798.5,22754.764
asthma_484,asthma,299556.78,102337.016,363437.97,7419.4424,541600.0,18931.56,8832.677,10520.1,552746.9,125966.016,34384.875,613285.06,167947.1,13162.771,1344088.0,7888.0146,91094.56,3552.2168,4359.706,4732.357,45791.406,64721.652,292795.06,30166.367,4894.2065,46679.797,20196.477,74744.95,6314616.0,30311.602,63011.137,363308.72,24833.2,34364.55,1806.7571,163007.45,76874.664,1160919.2,3858.398,2610.256,13535.815,17198.605,140906.22,90026.914,56845.1,74625.23,10246.724,2566.2993,2016.0969,12262.082,732289.75,7618.464,40766.508,1876.8751,16103.8125,12517.637,76001.65,5547.361,7154.4146,11896.445,2778.0103,740.3206,1188.1853,6113732.0,6711.678,218017.98,18521.336,3506.6902,11302.101,351241.38,7291.063,683575.5,424954.88,5327.219,2292.6492,1806.0961,139402.92,14791.99
asthma_485,asthma,297117.34,68502.28,100920.53,5545.2656,492053.72,31705.314,169616.44,12414.1045,32206.676,92613.336,24300.846,272069.6,56963.574,5244.603,970265.44,3162.1157,109649.67,5153.5303,2788.6648,2933.0835,21500.373,185503.7,26203.04,16723.475,3802.0508,15626.447,7175.2373,18056.566,4206465.0,18562.469,21227.795,198645.98,7159.193,12257.429,1338.2747,24041.693,32214.17,237005.33,3917.5374,21461.713,21366.686,1447.7773,77787.83,95993.016,56534.234,32272.996,2889.6836,3692.5032,2870.044,6784.1304,280312.78,2889.6533,15522.691,273.6437,14272.545,6970.698,4418.4443,2084.2388,2468.0513,5191.2036,2203.7534,664.32623,996.82,1159436.6,8432.721,90123.125,14180.442,10786.242,1371.7937,122058.87,6918.219,33833.76,226962.03,6837.2817,3520.8018,4380.5073,51073.598,11311.342
asthma_486,asthma,46090.74,118052.15,29775.182,4089.305,52715.84,27726.02,23151.125,19016.848,64864.023,24362.898,9741.413,297944.2,107824.27,28156.264,418560.1,12496.939,118119.38,12903.386,5505.937,6511.5884,43630.832,433564.16,237670.77,49086.285,5014.859,39423.844,14930.822,14109.239,544990.06,5327.56,101228.41,437389.5,28281.785,38981.74,4088.9421,459826.03,74591.64,478797.34,10246.01,2022.8158,302.14145,10384.036,190964.17,138715.83,3009.797,57834.098,5250.269,24592.305,14315.911,17846.309,657963.25,4326.1133,48058.047,3667.9426,12227.643,11705.259,60732.793,4050.142,3787.6072,7686.4087,12544.216,6433.106,4093.7542,5003315.0,424745.0,292227.94,2402.7786,35861.953,1314.6573,135561.53,15375.819,578621.7,11774.736,38003.82,13348.144,5512.653,145399.61,18770.455
asthma_487,asthma,203209.03,79646.586,27800.37,2553.066,405977.62,28712.137,53783.53,23474.13,6835.1035,43842.977,5656.4688,76335.73,235107.11,49286.4,412816.28,15872.967,289286.75,10971.404,7407.5776,15005.655,83075.61,1217990.1,267702.9,62028.84,3636.1494,50167.95,15827.586,39200.465,445726.25,5184.271,105353.42,357890.06,50431.98,47763.836,1216.8492,147888.9,83280.19,1616802.1,9125.465,1943.0289,10754.214,281.1912,261979.56,226941.25,35559.766,122573.88,8604.705,5483.259,15725.735,13273.129,890080.3,2827.648,82973.31,210.69406,10452.0205,16280.913,98918.05,1821.1396,5422.4316,11469.297,2871.8076,23461.238,1611.6913,8302868.5,268446.6,375312.5,5753.99,37023.133,5263.6426,443770.94,13807.388,1315475.2,19054.738,25947.125,81430.7,22831.389,60055.914,16174.032
asthma_488,asthma,554736.2,236905.67,99418.54,4326.109,1417849.9,48843.832,203164.84,33513.1,3378.5337,157577.66,49694.81,590045.25,123853.875,25578.795,1170116.0,4515.9927,172779.98,9715.7295,19171.346,10866.359,52693.52,456434.78,183109.58,35738.086,5030.698,43737.36,16041.225,32761.424,6727934.5,26583.172,40975.117,431337.1,31589.445,28363.846,9914.909,6243.6777,63288.35,3586277.5,6402.8164,5735.283,49651.32,1600.859,168369.5,186766.7,297978.0,89231.04,9090.031,4322.9614,12623.224,18974.473,685600.75,14052.272,14541.952,7194.062,52032.2,14666.039,68130.45,17432.826,3765.6887,9259.466,2950.9114,18378.088,5000.4004,7422880.5,47180.715,149699.28,14430.443,7048.9106,7900.6343,28927.844,7954.6675,1339876.1,401893.16,7183.695,3506.7605,14352.193,159332.08,21632.152
asthma_489,asthma,144776.55,139613.14,144799.47,6977.2104,447949.0,13749.12,4628.1445,10950.455,14962.654,68540.05,16714.146,366096.38,43779.55,37092.83,778952.94,8306.744,81485.234,6430.805,5322.11,4099.2095,31744.406,239018.69,82760.56,49153.746,3821.2053,22667.213,10421.541,13745.555,1977467.0,17296.033,200419.1,347224.78,25315.91,71295.3,1834.614,84129.48,80144.06,422174.94,4509.923,5370.7354,4755.7026,4537.375,150720.1,104130.28,15191.052,38542.902,4251.4087,6790.7466,4214.853,8001.267,753224.4,2022.5399,22086.742,2271.0352,13667.968,8537.328,63260.895,1669.0304,3841.757,7598.4565,3763.674,863.51807,1254.1798,4020916.8,97011.44,856750.3,7920.5156,14804.015,2405.5803,428188.62,12946.79,492334.88,110408.86,9450.969,7972.548,2689.1077,75118.125,9632.981
asthma_490,asthma,200845.97,196688.31,119222.71,6934.702,398338.38,19636.434,4132.968,11682.662,4966.304,68044.484,19872.082,661426.0,86479.96,44321.527,917767.2,25557.143,112365.85,8084.0522,4334.0186,2951.2026,43029.54,524590.9,75349.234,55903.402,3675.0908,21474.92,9838.747,19204.121,2205729.5,23477.242,218287.4,435396.0,33180.51,85870.41,1714.6494,119347.62,80585.3,614907.3,4214.929,4013.957,5632.354,8619.803,168495.6,102064.5,27838.309,57477.57,3879.3567,8397.605,3687.7124,6870.4844,928498.75,1607.9261,22881.22,2038.6246,17264.836,8132.565,68367.51,1435.0121,3896.8406,7623.4287,3488.3965,717.5215,1303.103,5405098.5,36022.89,995908.7,11099.166,14329.476,3418.0608,524132.28,12521.577,670739.56,148157.98,9947.161,5409.599,3438.7634,135634.84,10216.969
asthma_491,asthma,38591.453,90998.7,51446.5,4162.976,520483.62,33667.9,14090.978,33574.14,2841.9326,40442.27,16636.33,44126.46,4678.8584,6901.729,145014.77,3899.5999,25478.607,13939.638,7503.92,4625.819,22873.234,420335.38,15625.94,18366.068,5169.7236,23315.16,9080.015,16714.05,2213226.5,5786.336,15113.766,135794.44,11300.301,9040.238,5139.569,19784.072,37348.09,105077.08,7181.297,17123.953,14306.998,10848.0205,130619.84,117611.086,88766.336,43992.336,4118.002,26181.307,13666.481,10164.938,298807.8,2788.581,16440.303,1334.1256,24967.111,6948.7456,2032.1295,2500.9526,4000.3452,7160.5728,5819.108,1349.4148,7569.594,309355.94,18053.14,30796.914,6751.0547,63794.227,1326.5837,48031.746,8805.634,219945.77,15124.393,26382.63,5276.3047,16210.74,15094.606,22008.08
asthma_492,asthma,295802.66,206565.28,75374.74,4871.4355,628612.3,16971.041,8181.338,23888.969,6753.9727,89699.625,32635.406,558473.1,52461.36,12828.215,627647.3,1920.7972,88596.94,9171.194,8442.401,8427.02,46897.46,433008.38,51703.3,26646.045,4687.976,38314.574,16762.068,33341.875,5154674.5,12222.372,26200.39,392454.12,25290.379,19826.516,5084.163,13540.412,58521.867,1514946.4,6803.759,3671.1736,28244.264,638.2692,184554.89,149774.53,54184.8,61743.242,5772.725,6664.9233,11032.044,15536.911,484202.03,7553.8496,28867.104,3632.0483,19119.16,9614.65,49613.547,3549.0195,3307.2595,9621.045,9255.607,18970.348,8801.343,7317277.0,40344.344,171742.88,9951.535,15213.061,3481.0332,52586.79,10286.988,859466.44,170236.12,15064.261,9534.481,7878.5034,145570.12,12944.926
asthma_493,asthma,242664.88,85015.305,94331.25,6422.383,338262.9,12605.441,28333.674,12387.919,12194.322,67743.07,14390.119,344098.06,79847.37,6685.8076,856245.5,3284.9377,67715.36,7948.532,2968.7314,2754.3938,26065.258,525290.25,24305.25,20213.473,3663.6729,17471.459,8303.71,24727.062,4273163.5,19400.951,36355.703,229696.1,9155.979,14885.777,1365.4321,30230.246,36651.445,166099.22,4281.676,6919.539,7643.9175,1184.4617,119259.445,106993.734,35122.45,36007.06,2925.4182,8728.138,4443.589,7345.1577,289655.3,1972.887,27042.684,1162.1388,11413.36,7151.1196,15401.151,1399.6984,2465.466,6487.5903,3054.4788,518.5465,1017.0263,4853664.0,2454.98,191025.73,9629.362,41482.85,929.95435,228612.36,9457.831,211162.78,124918.164,21289.004,6531.4126,4149.8447,62656.207,11007.849
asthma_494,asthma,69961.66,66012.234,20526.518,2390.501,48956.832,23627.492,111127.086,11889.413,3800.5605,21788.25,6306.1924,339158.0,84378.0,24878.168,510065.22,5437.986,128533.695,14855.795,3148.2188,3783.9163,35316.76,569899.3,36264.32,48056.12,5112.1836,19150.44,8745.429,12053.955,580474.4,15588.727,118874.5,383965.2,20455.713,32322.127,1962.3575,291306.38,48273.668,205932.52,5961.897,3361.0847,258.75098,4653.954,146865.14,125936.945,1240.7117,47908.316,3602.2358,11760.337,6106.2026,7752.0977,537756.4,2155.3284,19336.205,2871.572,6803.5576,10300.203,38080.81,1904.3975,2324.3682,6045.03,5343.0356,2574.4653,1060.3881,4489273.5,22074.78,318458.72,2006.8298,57131.742,932.9979,212600.08,14361.491,360480.38,2413.9019,35227.215,10318.807,2816.1929,140754.45,10652.568
asthma_495,asthma,120688.95,174730.84,47185.08,10043.196,182323.02,25996.812,3278.2446,28521.447,7948.57,40260.9,15545.182,433694.0,109187.71,19983.797,808102.6,4505.2964,163587.1,18323.623,8326.043,6884.47,62874.332,985970.8,566149.6,35507.645,4656.152,39303.562,12894.663,21768.662,2118896.0,7569.212,52008.684,417343.6,33592.684,31449.365,4275.0195,170123.81,64703.508,915505.7,7071.5645,4167.6606,718.08325,9766.923,230390.89,146603.05,10329.5205,55855.918,4823.6294,43602.504,24681.543,16535.896,562419.75,4729.992,58615.594,2075.8972,12046.853,9447.733,83483.68,2889.1985,3148.282,7738.394,8722.254,3997.637,2173.2937,7255606.0,82990.56,277000.0,4959.383,34622.855,2846.5374,114943.15,15859.242,791437.8,83351.7,25754.477,16275.061,5649.486,176316.38,17091.305
asthma_496,asthma,92361.336,177170.8,21004.137,6607.066,77612.35,28287.691,8236.905,41709.92,40771.72,34980.645,21778.713,389357.7,152598.88,22682.244,696633.9,8757.424,66216.96,18627.803,13883.408,17790.857,49052.453,637862.2,615950.25,39298.125,6722.1274,70370.72,25236.89,16517.281,1205463.6,3364.928,58314.395,421441.62,36843.707,19988.543,10141.648,306475.22,83679.77,3807937.0,10684.029,2569.0012,635.4012,10452.619,342349.84,160940.81,12234.385,102008.74,13238.893,18572.686,12099.66,52032.2,875808.0,30846.65,42180.996,8087.7153,21764.014,13743.811,82694.29,13363.6455,5726.8975,7039.7593,20900.885,38580.89,10210.296,7466886.0,42171.543,80691.96,3781.4375,8497.57,10506.252,26280.447,16748.965,1128491.0,63174.32,16441.307,23922.986,5597.1147,192185.7,23765.371
asthma_497,asthma,18182.164,47192.73,20164.16,1959.6584,60812.773,12326.503,4635.333,22398.143,312088.97,19734.717,12863.304,251909.84,112847.06,17106.57,219150.55,4719.122,48428.56,11555.114,7187.032,9381.421,35680.668,125528.77,450547.88,26258.477,6029.3325,49243.69,21937.396,17876.7,918226.8,5877.6357,26370.758,278212.56,16389.549,12207.134,5986.9766,440295.66,38981.59,2463505.5,10131.526,1272.0597,324.98285,20892.137,193681.4,81433.42,4280.051,44717.574,11962.938,9277.039,5336.135,49140.434,643223.75,23246.729,58456.324,14857.566,18950.98,19842.443,48689.656,10884.075,2192.7664,6181.741,17556.781,13448.301,3099.4775,3942461.0,118886.86,76144.14,2096.925,3985.2358,7356.6143,35163.574,8290.186,683631.56,14296.182,9992.775,4412.5815,1887.0371,263163.0,19677.602
asthma_498,asthma,360747.6,366064.25,104982.93,11063.981,1228877.1,44960.08,24285.486,65909.32,14029.533,116492.89,44815.727,691293.06,173814.75,18817.578,1067129.2,9652.239,114748.086,22379.396,27414.883,12974.107,52935.797,837417.9,751747.5,27720.123,3925.4153,57840.66,19406.484,31550.186,6687767.0,63054.117,23801.846,496293.8,40849.207,32706.666,18454.896,21558.934,73957.18,2736687.0,8386.208,1876.492,26546.36,40034.0,232911.8,142294.44,217571.62,106146.82,7745.313,51945.633,20773.48,30526.338,738530.3,15320.443,22955.076,9933.906,43823.914,10592.429,79933.46,10859.314,2520.5745,10087.943,9680.441,28924.092,43517.92,8216372.0,121922.984,91059.47,16391.22,18213.422,9823.351,21839.656,12783.867,1210298.2,190744.47,12375.059,6584.8193,20824.977,159562.3,43724.848
asthma_499,asthma,140721.03,74030.29,40778.87,4749.3286,102277.79,10889.859,25148.281,12448.452,7265.128,25297.037,16576.904,453084.5,69574.48,17867.63,650983.4,4226.1777,106621.74,11978.466,3763.4587,4489.2437,43992.965,542080.56,49109.793,37143.56,4848.6733,30445.365,10594.045,17350.273,1657256.9,7010.665,52276.57,407874.56,21321.047,31051.787,2623.6143,151441.52,55727.953,237326.05,6285.5107,3359.7,897.4179,750.562,188475.12,124486.82,3037.051,38323.273,4113.8086,7322.606,8403.431,11760.763,414585.0,3095.695,41442.875,3649.692,8983.261,10549.408,36186.066,1990.8895,2799.4963,7061.124,5904.501,3320.1475,1262.7726,4844096.0,165564.2,199387.9,3781.6467,33162.16,1075.6584,186179.31,12853.91,381467.56,52951.45,34043.83,17263.732,2757.883,110107.7,10089.733
asthma_500,asthma,439929.66,216031.69,99161.164,11485.738,1101481.5,39039.74,140155.97,38153.66,9938.332,109822.03,39245.953,594628.8,44828.38,8583.491,802155.8,4836.502,267993.84,10827.1,18959.586,9198.299,21551.82,530768.0,256440.69,22671.365,3643.3088,49239.56,18845.793,32896.43,5901303.0,16971.463,15237.106,380168.5,33655.793,19109.9,11310.965,16506.525,49766.9,1489865.6,8708.63,2481.5898,31740.38,11981.676,159548.3,124597.164,195254.1,81734.52,6250.7563,30352.186,23452.826,15820.206,449715.94,11975.529,19527.926,5492.713,30609.51,8964.533,55637.2,6665.2476,2537.0017,10948.867,9936.598,10169.748,25589.092,8008065.0,328900.66,48260.87,18202.898,19025.719,3369.377,35191.316,9941.755,869527.06,220795.02,11203.641,3764.536,16934.098,151672.48,24278.03
