Patient ID,Disease,240,244,460,998,1303,2758,2879,3102,4133,7147,7222,7410,7500,7602,7720,7874,8133,8194,8343,8814,9231,9268,10914,11006,11169,11170,11172,11230,12053,12160,12388,14257,15600,16663,16821,17100,17835,19602,21205,21630,22568,23229,23284,29996,31236,31355,41209,73219,75084,85781,90232,103653,136569,137353,141033,146102,160669,520958,537332,551986,557859,558880,567717,574439,575987,622436,637516,5370158,5370325,6041429,6429350,9602988,13544681,13596727,91713521,91726212,91731726,91742720
copd_1,copd,172639.83,209613.62,341698.78,8051.5103,604040.7,5772.8296,39810.812,25535.896,5887.8257,32488.363,27578.256,539507.0,3845.196,16018.262,809834.6,92351.914,95814.484,11204.293,11258.914,10315.835,77544.44,411693.44,417884.06,40527.52,4051.858,41474.15,16613.83,23664.115,3027532.5,3916.069,44400.555,312248.22,26151.486,17033.812,5985.7886,163484.78,55557.453,21128.18,5800.7646,10986.809,3542.4778,8372.365,151911.77,108737.13,11909.239,38050.79,6841.887,9212.663,7378.9473,17684.535,603972.1,13912.729,54348.027,12567.915,17327.172,9892.031,70185.06,7510.422,2375.2937,5965.89,6396.877,7839.6743,2267.8943,3005169.8,130211.4,103211.0,9500.105,8244.632,5191.318,85968.82,10105.383,412089.0,214991.92,7624.33,5990.7065,3417.7512,136722.25,16334.712
copd_2,copd,302712.62,154225.78,222931.39,10875.432,269623.75,11854.437,50915.684,19510.465,16479.156,31699.389,29658.219,606893.75,43599.637,5074.8994,1125710.2,74483.305,212017.36,12142.237,8535.357,6652.64,64484.45,491199.47,289417.0,19385.174,4263.893,25349.809,10943.251,40788.52,3285108.2,3872.0918,19361.727,268611.0,36402.543,11053.065,3770.117,265068.97,52367.484,11457.903,8739.926,4084.346,3721.5073,10162.65,144368.02,134867.89,10253.43,43667.547,4442.2075,9733.203,8570.894,14213.996,288897.2,5870.1,102157.11,9667.072,15421.759,8458.554,57985.863,3796.6433,2951.3293,6999.787,4262.8804,5376.7427,4376.3306,5889912.0,211007.78,37781.934,9511.974,42978.11,997.30066,30603.936,13996.122,290394.9,231262.4,28389.014,15379.838,7486.2695,96751.91,13427.205
copd_3,copd,109883.945,120976.01,227678.31,4656.627,825271.06,6262.937,15740.245,19725.197,26804.043,84949.25,34116.176,665463.94,1309.017,66536.516,1328848.4,192576.67,67601.48,10667.656,13260.147,5317.5176,64892.484,420018.03,157289.38,71926.47,3875.3955,35100.082,12189.485,22393.252,2743444.5,13308.546,241990.28,451431.3,33578.336,89958.94,5575.0024,332156.84,105952.234,24242.305,4270.7686,30004.34,16153.76,12859.133,85739.4,99501.82,53214.04,63983.84,6475.788,8381.873,3716.5476,9863.806,1318475.8,7789.6685,75976.43,5281.35,25533.072,11416.485,18037.908,5740.7236,6412.436,6244.071,8628.884,2092.3513,2597.2605,1003773.3,376517.4,959578.1,8048.7075,5273.1704,10589.671,460869.16,11601.926,189391.7,105386.586,5268.3286,11574.284,2668.2139,147396.94,12320.943
copd_4,copd,521017.0,307514.88,518684.4,20782.695,694794.0,15884.644,166029.22,49309.39,27056.59,61786.773,50165.176,1210473.6,48123.45,32858.77,1901836.5,236731.08,107290.98,22606.375,30566.54,15877.4795,80126.945,1018281.25,495708.66,62049.016,6646.209,139837.0,47378.977,63141.67,6036612.5,8824.189,97408.97,562629.5,47444.902,32592.576,17268.574,344056.06,88386.12,62675.03,12395.364,26783.498,11032.265,16519.0,176578.22,240052.14,62557.21,117744.86,17442.373,24458.465,8553.841,49672.777,1083285.1,34057.11,101802.51,8789.481,39454.61,13857.123,75770.13,19586.512,3502.3608,17858.652,19032.797,19211.229,29759.682,8108653.5,367521.88,255000.38,19011.79,19209.799,15146.608,287396.53,20531.842,1887102.9,470668.12,15557.893,23550.146,18767.807,190033.62,34290.105
copd_5,copd,319305.38,88754.234,28376.293,2864.282,250745.22,34032.66,494175.1,44786.285,6158.3125,29082.95,9555.939,404570.78,7938.3115,19337.055,1231992.5,94987.55,310135.2,13025.188,4196.743,4550.899,103312.14,1159862.4,7746.2954,17261.625,3735.1252,53061.754,18229.01,45548.105,911476.5,7564.268,11713.467,156477.86,43297.562,9958.676,1713.9927,352153.34,43515.516,14979.359,7448.379,1345.7642,2937.0596,8746.872,190795.42,105828.33,20770.865,61893.402,7218.7036,23584.873,4820.336,11538.937,482254.03,4293.193,162245.8,2566.7034,18128.158,10520.681,43469.598,2124.294,2540.9912,7055.1055,5453.954,8093.5415,1205.961,8275374.5,8398.735,105055.24,4115.453,18707.707,4632.8267,42903.164,6365.3066,821827.9,5649.7715,20385.99,59939.414,11667.563,126681.38,24503.129
copd_6,copd,46927.395,92471.24,107536.22,2676.1538,208590.62,3776.96,4167.6606,20244.455,893.09467,17171.643,13157.939,128470.95,7859.3047,7091.835,355041.6,82513.97,31675.576,8263.913,4713.0176,7238.519,44405.254,481063.4,594835.9,19519.527,3653.0881,31416.87,15160.917,13653.337,981345.06,4411.0327,24026.955,179977.83,18143.432,13416.542,1928.3861,50161.684,39545.02,6005.559,4529.2886,1879.644,1395.5934,2688.361,136321.5,70325.56,2805.9712,33591.63,4566.1704,6692.7173,6978.3486,11754.774,342923.3,4901.4106,23479.975,5844.986,15414.906,7910.067,82166.64,3870.515,2145.4463,5707.8105,4565.913,5707.8647,3345.8477,1564497.4,48531.664,53705.88,3692.778,7741.709,2499.2864,113489.875,7163.701,355478.66,78263.47,9336.361,4517.613,5064.1206,94660.73,13193.678
copd_7,copd,276484.03,92542.34,241987.52,9635.784,276267.9,9390.723,134921.67,16891.271,4654.229,41677.992,21524.48,608896.1,77556.414,14118.191,894270.7,92821.22,146786.03,17856.812,9111.688,5681.6074,61346.992,593393.9,417221.03,37773.72,4231.967,24279.047,11504.113,48827.39,3107422.8,21459.852,33432.37,404340.12,33065.305,21696.43,5531.6357,259775.27,66738.93,14380.707,11465.305,5333.57,2577.637,4883.835,94560.03,117008.63,7202.012,50109.9,3322.0325,7560.5103,12356.295,11391.664,314032.88,2370.6594,73277.016,10318.482,15981.837,12519.547,57012.49,2174.2063,4998.8696,8880.039,3405.956,6064.001,1932.9685,6212189.0,76509.99,257746.05,5932.8633,61641.69,933.58466,186521.95,14907.97,1071753.5,239894.45,44885.02,13531.001,3868.7026,130279.34,16219.138
copd_8,copd,268444.03,200147.1,272849.1,7233.5703,667333.06,10343.934,6138.4434,47929.11,5373.6357,36009.324,39203.27,818709.0,58405.395,20935.959,1084848.4,178649.8,166745.19,14975.503,20598.941,9040.411,77794.58,791472.5,806150.56,47688.324,4780.932,90048.64,31611.717,34062.598,4898328.0,7206.9736,94500.984,392589.66,32351.178,15211.711,5517.382,152953.06,54213.383,15322.46,6289.295,5235.671,8778.824,17172.463,176806.7,132977.42,50493.15,97281.13,12158.252,18410.262,6742.9526,20055.053,941691.5,21521.627,73420.695,10328.771,27159.562,8618.159,94588.89,10401.264,2581.2446,9449.5625,20302.559,5762.679,5300.781,7273667.5,5321.1763,127385.5,13833.381,13367.674,12379.415,134496.19,11861.063,1126198.9,238522.95,7504.328,6640.601,11991.107,142591.11,27224.084
copd_9,copd,192098.11,209941.33,138311.08,7281.0693,244467.86,14646.764,4805.5576,30489.443,8524.374,30097.055,32680.193,400188.5,48395.363,6586.7544,1217522.1,80275.17,161153.38,12085.002,9889.286,8408.192,70948.766,751758.94,635563.9,24946.809,4669.014,36860.72,12360.585,30042.94,3226174.2,4020.395,21029.432,279609.8,32963.73,14194.475,3958.8345,245858.06,64044.707,11325.214,7023.462,1996.807,1712.4535,14317.194,208300.19,128271.16,11817.85,56771.258,4684.0874,22592.668,9277.535,17247.127,417099.3,7744.486,122330.51,4199.5664,27689.447,7897.4175,85927.914,4132.148,3674.481,5565.9272,5038.339,9146.875,9613.165,6517822.5,18097.633,48387.055,9281.474,31829.502,2050.4004,39162.426,12930.538,381053.06,74072.164,18807.082,23132.145,13354.994,75575.35,20374.697
copd_10,copd,178944.1,127418.55,155173.69,3526.6104,223959.14,4033.9287,45124.43,16857.395,1439.0833,27876.7,23498.053,406616.2,24531.54,8033.1616,747815.44,77701.59,75018.9,8673.425,4666.574,4273.177,53753.176,398515.8,388666.9,22585.88,3628.7688,22018.955,10102.106,30606.883,1872231.6,6423.4917,39240.562,255616.88,26025.291,17857.137,2719.1272,104126.11,43039.92,9294.327,4819.3613,3284.2954,3370.502,2393.0269,132070.98,84288.97,4276.806,40610.434,3407.9514,5232.072,5293.6665,9614.184,317495.0,2619.1677,35415.652,6139.866,20338.217,7818.109,62714.434,2515.725,3251.5962,6040.0273,4946.4097,9159.114,1609.5673,5021216.5,106142.06,121758.1,6242.8975,22532.502,1254.7108,104520.79,8615.644,246080.67,104092.15,18155.08,16135.821,2949.6152,83713.375,10970.452
copd_11,copd,323169.1,246141.7,376469.66,20501.025,553647.94,7911.9688,158732.1,41080.332,40306.96,59441.312,40840.87,1031373.7,3249.5588,20604.934,1348264.2,139075.33,32509.812,23707.803,27580.912,10001.844,83492.36,443691.8,108980.375,43744.074,7591.473,79187.01,33535.418,71081.57,5596686.0,13457.59,71244.52,501695.47,42771.37,27516.701,15854.357,309639.6,83833.375,62914.4,12942.629,5329.659,8737.892,28939.268,189832.03,219057.34,22696.309,96617.555,12474.005,19206.54,9301.183,47989.668,899731.0,24826.734,163204.23,7920.7573,27811.082,13773.703,17419.879,10910.235,5832.9893,9726.828,7870.2793,23675.945,32422.93,6953839.0,592457.5,203027.14,16550.238,12232.984,11513.477,148574.81,19127.441,1456537.2,474862.03,15902.182,18825.639,16025.856,178154.86,24158.361
copd_12,copd,347428.47,10189.302,68367.31,1417.2876,194981.3,4377.1655,1170160.6,20960.371,5968.3774,14321.92,3294.368,381578.9,69747.74,36902.785,516167.78,163304.34,114895.805,17674.67,12168.6,2343.0522,44256.48,288219.4,351649.94,14172.101,3831.6555,157926.38,49790.684,19672.555,376548.66,28696.834,34371.14,164791.38,35298.645,7856.2993,6959.093,94677.97,22704.535,17751.164,9365.57,2469.8462,2843.1218,6784.0654,54950.984,59254.14,10366.848,81848.1,12667.727,8629.889,2747.9622,7881.089,689584.4,2304.4058,39991.07,6401.7417,5298.6523,17246.387,7763.7295,3632.5613,2863.1345,25580.918,2059.338,11186.472,8602.366,8309919.0,1717137.4,37633.664,2257.7021,4525.825,12520.013,75039.58,5180.0054,1934040.6,86789.96,7085.932,20449.9,8058.6245,62291.277,9190.512
copd_13,copd,481708.88,131065.445,136783.94,13131.211,337948.22,6434.1616,405352.44,44741.844,5056.581,34745.875,37053.758,999436.7,53510.273,36652.562,1083142.6,84932.32,139592.9,24329.695,35987.453,3826.301,39532.727,476665.12,746717.25,22331.232,7488.455,147854.64,45596.438,42443.574,3412729.0,10615.802,67720.14,351813.3,47682.277,13816.543,17762.273,84224.28,58100.395,116845.82,13342.874,1976.1029,9664.335,42058.6,215596.8,145559.3,21348.11,115229.73,14182.661,17255.254,4077.8252,29010.701,895688.4,13119.657,51637.566,7458.95,17780.459,15839.531,92632.586,11483.964,6835.6514,20516.262,12679.343,30854.594,31289.936,8274238.0,2855488.2,116688.14,15192.819,12165.814,13749.475,23396.574,14827.132,1658063.1,380514.53,12975.691,13418.487,15051.0625,140475.11,13513.732
copd_14,copd,210833.78,130839.4,273937.38,7803.47,420719.2,8113.32,27956.893,34089.9,11060.637,30385.58,34724.805,884471.9,29916.164,6128.4336,841471.06,93031.96,83240.41,13805.899,17207.398,7018.172,64947.836,324885.06,412932.06,26540.41,4466.6816,38661.703,16146.813,36036.33,4862276.5,3424.4219,32877.547,271844.22,28065.594,10844.927,7200.769,206019.92,43545.82,14207.91,5475.414,3120.6108,6518.6167,18353.023,211757.1,116709.95,28315.088,73277.85,7319.1494,11885.751,5680.383,21909.67,528029.56,11904.765,86371.414,12388.379,19880.48,6945.353,60271.31,8020.728,2233.4717,6172.4375,7441.938,13870.464,17881.389,5031215.5,35603.133,29239.973,12548.751,11892.373,6918.7666,31386.143,10100.912,289400.44,175334.61,9908.622,7744.397,15054.509,80853.57,20952.297
copd_15,copd,85260.76,150202.22,258279.02,5592.792,410871.72,12110.732,25293.299,12879.963,27425.082,57684.93,21293.816,548691.75,37468.887,34610.605,1009250.4,118243.81,80135.195,11243.365,12254.658,8079.566,70397.97,522191.47,390990.1,45513.5,4606.5806,42318.156,12324.152,27749.51,3837715.2,22197.945,125285.03,429992.44,24004.828,42948.28,3299.268,319059.12,74622.734,44436.65,6726.322,10165.908,2192.2463,4065.296,81054.07,84682.41,24541.93,47224.29,5934.7764,9977.9375,8113.088,11170.725,678028.9,5672.261,38536.543,9237.22,15627.788,11790.47,68962.89,5691.1914,3863.1082,5737.855,3513.0017,2792.336,2498.9944,3438131.0,8055.881,443448.16,7389.681,8812.086,3654.6948,234014.12,9088.063,904399.7,84152.18,8183.812,4082.7256,3460.8357,137450.58,17026.764
copd_16,copd,197096.72,153785.75,297055.0,10492.042,617197.44,14661.158,129978.4,15218.967,6966.0327,81902.13,32007.396,858928.1,27360.162,61107.12,1425033.1,189064.7,64027.484,18000.822,19315.8,11475.281,73667.79,748940.25,250568.56,81490.67,8509.3955,51236.543,12603.795,38198.26,4278607.0,9933.66,170548.94,547705.75,37099.48,79286.3,13238.539,387466.34,116805.38,47356.48,16847.639,97927.97,2986.1306,2613.3608,82715.03,201192.39,28271.32,60323.004,5860.176,11908.399,14757.298,15058.788,885352.94,9129.017,108102.89,10595.278,23285.07,22287.084,29404.572,4847.818,8648.593,8931.173,4605.763,9481.784,3588.9414,4474326.5,214324.55,804882.3,8668.4795,25440.219,1816.6245,322281.47,17793.098,1051330.6,143803.11,26178.535,10043.819,3201.661,170296.7,20701.232
copd_17,copd,197953.44,49658.33,105404.88,3241.9695,226897.97,2839.021,203047.08,23566.863,1364.9181,27919.164,20146.246,199005.69,2745.9744,24478.348,505615.34,79675.61,40574.664,8603.031,3583.9736,3826.5017,37574.06,171854.95,151125.69,26553.322,3577.173,18959.984,8964.012,14465.691,1664897.1,5394.3677,47596.633,217008.6,31328.066,33527.777,3015.9077,30373.441,52318.613,14807.361,5280.3125,1990.6396,6175.223,4082.3284,84836.39,85965.945,3017.0647,40678.074,3252.6882,5375.384,3251.4565,8384.168,335573.56,2322.197,18107.992,4845.95,15073.401,9997.38,23501.773,2379.0007,3059.0134,7578.1475,4829.4995,10522.106,686.92413,1361183.9,1751389.0,188787.95,3143.4622,18737.975,1096.7695,300093.78,11888.381,420733.22,246867.88,21405.703,7885.781,852.76807,134499.0,9534.346
copd_18,copd,108202.42,319355.94,245164.55,8774.932,574772.4,7273.4204,27481.504,30695.926,5674.285,41998.758,35145.27,694264.1,7354.4604,41685.863,859355.8,141233.0,49639.105,18716.488,12884.976,10834.258,80896.766,784748.0,389287.88,70951.54,4121.547,65195.26,19460.697,24496.89,4574059.0,3864.0774,99861.26,442742.03,35565.055,25264.994,8968.826,161360.83,73720.01,58331.97,7181.413,13028.866,4726.4966,17832.783,142877.52,157861.62,29333.178,69817.22,9059.807,17537.252,9099.886,19169.06,853680.44,15471.744,40786.066,13531.221,24000.434,14650.284,77153.984,12201.978,2734.7952,6894.314,7071.719,6196.582,1990.9797,4434256.0,175146.27,283724.44,8555.538,10533.895,8564.561,217574.94,12655.373,1150623.4,191694.39,7723.676,6692.5195,3453.712,223640.92,19672.254
copd_19,copd,352416.4,100519.79,226424.58,10466.995,571052.2,15791.82,868961.75,46040.656,44891.14,47928.38,23471.578,1021423.75,167.4732,26240.05,1560118.5,121071.805,7512.6855,22800.533,26626.56,4230.667,80004.31,327675.9,525.96906,29976.598,6625.91,141173.34,47880.91,86179.945,4551419.0,64410.02,45800.312,390826.44,34255.066,12158.124,13794.33,346598.5,49631.438,116106.914,8038.3813,6844.113,7895.685,42362.29,98025.15,212009.67,43307.1,63021.17,21954.664,20043.637,5919.275,43365.957,731003.1,14325.267,175515.3,13228.063,10389.8125,10356.777,125.05804,14009.21,3665.9592,17196.096,4318.321,15499.909,14981.731,6486031.5,10239.113,78898.516,13864.116,11159.682,15188.14,56708.707,15334.784,1747970.0,420522.62,12848.909,14015.985,11276.356,127918.96,18520.895
copd_20,copd,141880.05,198145.72,181235.19,3006.6404,492273.38,13598.262,8427.783,13541.858,22501.258,71251.586,23329.084,754409.1,93710.85,33948.508,1389703.6,192165.72,102733.93,13438.723,7698.9775,6842.814,79680.164,732391.75,373982.66,47995.023,3911.3313,30440.283,10540.859,54349.53,4404311.5,23058.07,93354.94,437682.84,20913.447,36265.15,3531.3098,524494.3,67088.95,16112.17,4815.1616,20742.717,1772.7212,2210.1577,88854.93,100001.07,24799.568,54103.418,5387.385,8037.791,8585.85,10220.565,708809.2,6048.2427,82565.52,8657.399,14912.933,11717.277,73774.66,4058.8752,3073.754,5034.7886,4613.5596,4435.64,2161.553,5752084.5,748.5092,490627.8,9547.23,8249.674,2848.276,201202.94,8354.976,860716.5,61010.457,8212.571,5862.121,4308.75,156914.22,17753.33
copd_21,copd,300803.5,115797.06,454258.72,14891.174,496501.16,7338.89,127948.484,28847.287,32552.473,28683.508,29805.725,913296.8,1618.9716,7582.1963,852331.6,63461.875,98794.54,15450.496,15534.244,6757.607,71841.53,275734.9,80705.51,22933.588,5943.75,33567.066,18707.582,34714.08,4014089.2,8780.759,21673.205,289163.75,38417.574,15346.006,9629.903,245786.33,48555.598,17769.863,10266.464,2314.6409,7996.079,19737.617,161057.66,154858.2,13282.5,58929.87,6964.611,9491.348,5736.1475,25349.71,455141.2,8951.018,93708.98,8274.008,19544.47,10686.047,7140.5757,6206.4663,3501.0347,7122.2036,7576.6733,8610.978,17689.36,4220585.0,434090.84,67943.32,12651.897,17261.922,4202.8525,55267.062,13976.687,707233.2,310499.2,17624.525,11807.935,11027.226,180345.17,16171.286
copd_22,copd,102602.625,91383.8,121696.805,2009.545,406791.5,7305.521,19322.895,16123.945,5855.572,81851.92,27900.504,592970.75,42587.84,63076.973,1290470.9,183979.55,51562.715,11460.888,6622.3906,3571.0156,58634.547,670063.75,210439.25,66903.79,3730.4358,23662.469,9001.684,40901.133,3270722.2,27650.76,208866.72,478117.94,23317.316,66247.09,2399.3298,302535.44,66384.4,47349.66,3686.1401,15955.292,5219.495,4907.965,87025.35,70880.19,29660.793,55766.76,3865.9395,5444.048,4417.492,7104.2036,1049770.8,2523.0562,37961.945,5762.8057,18926.2,11044.93,51303.234,2864.7588,4011.7368,4756.737,5444.972,5266.1133,1015.4285,2751758.8,2444.8135,1017030.25,6922.331,6406.506,6115.0737,296757.12,7768.344,580410.1,24019.943,5629.4697,6958.024,1653.2015,175375.58,11854.595
copd_23,copd,340350.38,133773.94,614846.9,5905.661,650934.4,28072.367,38905.266,11164.3545,1555085.9,90072.43,36849.996,1072747.5,122393.76,47656.0,1875087.1,254650.17,219684.97,6239.748,24133.17,7793.659,64712.21,72601.58,896256.6,49110.027,4544.193,69577.99,13539.392,116114.33,7599438.0,77811.42,147955.22,496670.22,16913.486,42408.05,5260.6357,857110.7,71611.62,18836.521,7627.9526,16148.984,11230.173,4265.7607,58150.785,105366.38,146843.3,106436.13,14513.922,1612.2736,2834.4583,23631.504,1053021.5,19477.836,386096.75,34602.258,14012.403,12161.279,73790.84,8091.1567,2726.0947,7484.9917,2903.7898,4070.7246,6485.907,6745834.0,1161.531,373405.3,16479.377,4124.591,12329.666,145256.03,6271.2583,1689841.8,602480.44,6476.202,2212.1155,4319.8984,175940.62,30960.207
copd_24,copd,89472.7,99551.94,280402.1,7557.0493,218817.86,5244.663,97181.914,20824.3,1783.4364,23766.527,22517.078,328737.9,17624.996,14535.643,406770.56,76399.45,83880.64,10674.924,5521.62,6925.1377,53866.125,341959.25,441929.97,34527.46,4863.7373,38856.207,17133.64,18756.516,1980724.8,5203.4243,106140.75,326915.53,30255.455,34246.246,5340.254,58108.652,59241.145,6731.0713,9766.467,1602.7628,5328.9727,1294.113,135704.97,125270.22,5449.841,68928.766,5087.559,4478.0684,11283.134,12150.08,349008.22,2775.6194,29577.46,4296.405,29553.354,9971.734,59230.355,2812.788,3580.7239,12717.554,6491.273,11440.007,7547.699,2851863.2,2258601.2,228400.55,5066.8843,38731.344,1427.1482,273009.7,12234.759,653338.75,130784.26,39114.984,19397.436,8824.609,108700.12,14308.253
copd_25,copd,319254.22,395035.34,67817.48,5051.4663,313424.0,19667.639,9160.434,43648.02,23089.076,71563.97,45070.71,795125.9,2076.6887,67472.914,1919729.2,251126.2,97815.125,16607.652,7965.365,6421.9604,107335.7,877559.56,307640.12,79803.516,6141.178,46717.34,11801.18,63755.605,2684507.2,8000.5117,209979.17,549421.7,49874.234,87268.62,5186.225,460689.88,122504.695,19465.838,12819.861,2592.7078,23592.793,15074.364,281933.47,217938.16,64776.49,98813.67,5296.515,14240.632,6140.288,17857.12,1315431.2,3832.9644,237084.44,3813.3362,65023.82,19808.75,60466.02,2105.9626,6142.35,6403.146,13347.443,12398.237,10595.955,8056439.0,89177.87,1199499.2,8630.926,35575.47,6643.5537,583336.25,14656.782,1380499.4,44089.613,35343.445,96244.734,19835.518,266037.4,33773.316
copd_26,copd,171912.81,297543.53,255255.61,14156.349,777068.4,7830.034,4321.782,43026.746,30143.303,49532.656,39918.293,846377.3,10146.254,45505.34,1375463.6,173130.17,109796.06,19741.1,28114.54,9698.796,95431.555,817725.8,589221.5,72318.11,5726.499,50662.6,18175.09,36927.5,5671062.0,16864.938,136251.45,477898.66,32389.52,22536.564,9512.328,309422.03,73350.01,96523.16,9590.71,12701.359,14297.341,43815.055,164368.38,181951.11,71616.54,95734.65,14570.384,24849.973,8668.454,35670.086,1287541.5,25799.17,112865.36,26926.668,24475.36,13335.864,67757.09,14173.695,3032.063,5637.5464,10960.141,3567.2637,3426.0752,6154887.5,11702.993,315180.78,14178.225,13850.899,14249.137,227561.3,16311.127,1462289.6,373018.4,8128.168,8226.707,3370.3992,215865.69,30195.44
copd_27,copd,224745.45,360010.4,85257.09,13720.472,348717.1,16304.595,45526.348,28303.398,90210.58,70312.69,40004.805,708989.7,6632.2393,69871.84,1848807.2,316177.0,107366.31,22252.762,8885.283,7553.3096,82606.01,729923.4,289222.22,78266.375,8464.065,66420.875,14942.39,70890.26,2808894.5,7328.5376,228829.4,563623.0,50057.883,91413.43,7607.5503,641297.4,127773.87,24109.428,17925.305,15815.197,15013.143,21842.262,150732.45,235946.72,84375.586,98770.05,4434.65,21487.643,8501.218,10043.024,1354671.1,5087.045,302852.7,2008.4678,56201.26,26280.197,55866.254,1754.2733,5693.092,11232.775,26947.22,10940.809,15120.167,8054940.5,90334.63,1127998.2,7252.631,55052.59,3630.808,669109.75,18214.03,1767741.5,8142.189,45758.445,81449.34,19889.033,328679.9,42123.832
copd_28,copd,187190.39,123977.01,221536.83,2304.9126,969198.25,18965.861,13483.427,12239.742,96403.836,69400.19,22693.127,741224.25,107080.914,48880.227,1132743.6,147052.25,175358.86,7047.304,4480.888,8011.3394,56246.516,256870.75,713603.1,39322.57,3135.965,32224.895,10740.796,23895.941,5531525.0,25026.234,123085.78,436423.66,11032.359,40055.312,1769.4274,431768.4,56418.324,14691.043,3801.594,6605.106,5679.3804,850.1604,59476.64,59188.004,87901.76,46367.13,7824.1216,2516.6348,4999.9473,11454.1455,954530.75,20849.719,66817.7,19555.137,10926.97,12487.61,94447.46,9663.081,2730.8687,3817.0593,2504.4912,2047.3663,557.4099,4102600.5,647.9441,520298.03,11000.439,3191.7896,6573.969,299915.53,5715.0835,1084876.2,279992.2,4653.843,2391.4338,759.8409,167328.7,13358.472
copd_29,copd,471283.47,49354.367,30597.252,2145.262,275059.66,6367.7295,52568.34,35342.438,16715.58,20399.352,5301.3066,492070.12,28150.787,31043.793,946834.3,226401.25,41367.45,13688.749,3438.865,3946.2676,45361.832,711637.7,216259.05,35929.805,4777.6226,134262.69,42122.95,22796.816,812082.9,6923.163,29785.918,225003.88,47044.66,10296.088,2641.9148,63258.902,32084.537,37533.12,10788.485,2113.5566,7039.41,4314.9526,105286.33,113464.664,13416.913,88918.59,19060.117,5148.2583,2375.0513,17478.875,833016.25,5462.331,52243.676,7223.628,12258.995,18294.932,44591.855,3215.5452,3139.8987,11981.048,3222.7437,22174.713,3421.5745,8312788.0,3032.3638,99009.31,3809.7766,4694.742,11643.285,100430.09,6195.7134,2026290.9,128039.18,8190.5586,104769.484,15325.5,170717.86,14350.716
copd_30,copd,257626.38,272392.03,332751.0,12303.412,346637.16,8581.69,37032.81,36099.758,11893.768,32180.793,36818.484,631913.4,21541.709,13267.914,769763.3,154264.03,114955.21,14204.441,13363.964,11407.875,79696.66,484569.72,530633.9,42713.527,5874.402,77901.414,24775.242,21214.963,3418364.2,5278.0464,95159.55,418043.1,45889.29,37952.21,11637.733,157289.53,94668.49,7169.0806,13387.833,1859.0239,12648.182,21753.555,188004.6,199860.8,16287.079,105831.45,6657.674,22540.24,12547.687,31181.205,659359.0,11353.949,107223.98,3902.5508,47328.395,9623.366,74191.01,4457.1694,8389.04,11516.145,10909.319,16712.822,46349.84,7322903.5,2617773.0,254833.36,15598.186,30722.752,6537.059,189908.25,18454.033,941974.4,140074.05,26831.666,33854.87,23972.822,109877.14,23674.115
copd_31,copd,195035.42,166677.61,199414.14,9276.119,435846.75,9123.803,3809.8674,43247.586,8301.802,27039.408,29167.584,697381.7,44142.37,10414.923,725430.6,60357.992,111852.01,15513.6045,19514.186,11910.489,68868.055,676909.9,663891.3,30480.053,5016.9644,56169.65,23351.098,29433.303,4334590.0,3278.032,32977.598,350013.84,30243.396,14304.542,6566.098,133657.64,53611.055,53851.023,7765.8105,2246.146,3316.8235,22251.594,218431.72,129333.44,25548.93,67305.69,7998.642,29546.139,9727.997,31817.816,629121.5,17660.668,66304.55,15893.145,22962.479,9280.128,92124.34,8521.691,2420.4443,6147.508,11475.402,8842.648,8813.195,6586067.5,36685.54,56626.453,9686.315,9673.113,8992.588,46714.58,12870.802,828373.1,186579.78,10070.783,7470.9336,8434.192,177713.83,22790.164
copd_32,copd,301100.0,97361.33,266252.38,10567.9375,285373.28,8940.975,56252.418,17779.594,5945.8364,35547.69,20578.559,445120.94,32075.389,8669.091,1017000.2,98449.65,152480.6,14665.061,8096.993,5518.177,59096.46,405308.38,331592.53,20922.445,4408.803,21814.031,9015.19,43520.703,3094101.0,10599.382,23170.1,288813.2,35596.477,15341.763,4263.9707,256532.42,50726.805,13735.097,11289.441,2599.0056,3633.2751,5339.6987,99807.66,134701.83,9158.975,29986.375,3602.5073,8437.901,9445.598,9679.73,278483.84,2729.1538,93906.414,9430.017,11832.342,10208.349,45741.863,2547.6313,3434.7964,7377.9624,3533.126,3661.9922,1930.8956,5343966.5,53964.85,115212.805,7146.7485,58327.297,755.3637,110107.18,13345.801,985530.8,228131.47,40730.95,9198.667,3186.7056,114286.23,14366.614
copd_33,copd,229979.95,108454.6,269563.6,6591.9585,467129.62,6535.569,363556.2,19009.342,17224.738,57249.77,25316.418,498352.66,9285.937,53319.805,977141.7,193490.14,56048.23,15786.3545,16040.292,6966.3516,53464.67,386780.38,177873.22,65134.17,5543.7163,39231.957,11496.841,21882.857,3642864.5,10680.77,154108.45,419940.72,35633.977,61921.33,8780.382,206741.28,86926.06,26457.164,11767.955,13320.609,4473.521,6388.657,82032.13,119673.93,10542.025,63198.0,4632.539,7506.884,7724.958,9751.657,710686.1,3575.44,35316.996,10751.886,14347.048,13823.713,19404.707,4131.332,6278.7695,11019.75,5425.21,4912.8457,2793.992,2535522.5,221694.72,766447.2,7513.6963,22493.21,2025.4907,416700.9,15145.222,838312.0,247444.66,20110.865,6183.1445,2464.0974,141599.84,14940.494
copd_34,copd,332364.06,141466.89,270545.34,18827.793,496131.97,11469.242,716904.56,35482.594,53711.977,53043.69,28665.049,754164.5,1699.2611,46708.7,1299219.9,180651.92,77344.28,24975.781,22398.314,8365.645,71195.484,556042.8,63143.418,65134.23,7892.4854,82790.164,25270.465,45081.977,3364356.5,5684.795,111318.12,464489.12,46262.09,52261.766,12995.358,349379.53,103143.4,23742.445,20893.73,6209.8003,7615.645,15704.781,170084.72,223469.72,21185.666,90675.75,7810.1343,16727.797,10062.286,20034.902,912445.4,5555.388,114709.46,2204.6829,29038.492,22274.63,4112.0273,4111.604,7015.889,17706.98,16152.096,17934.693,25872.227,7549221.0,209269.28,478372.44,11596.7705,38526.07,3648.0178,325005.0,19085.275,1586182.1,211882.33,41332.0,25795.06,16650.299,213037.05,26006.533
copd_35,copd,54577.19,131074.44,199236.03,9147.747,297286.56,7676.489,4165.081,46825.105,5872.3516,20912.31,21918.7,414413.03,1858.2666,7979.615,364295.44,28694.234,30589.812,14800.824,11014.917,6683.302,61432.707,312774.88,263887.53,21363.1,6190.964,46261.52,19195.129,21216.379,1473005.4,5056.398,38237.734,208299.6,28146.277,15123.47,8417.653,101906.74,46927.258,19781.432,7378.4688,1386.8099,6367.857,34045.645,227497.08,129305.94,9348.141,70842.07,8475.675,26133.783,6315.2275,29959.934,609810.8,12467.725,49066.16,5243.2524,23950.404,10422.436,25356.215,7183.633,3595.7678,7423.2153,11401.621,8415.639,17024.23,1826262.8,568115.06,44683.723,8282.4795,10170.631,7497.374,60208.57,16122.607,312737.28,103340.71,11507.076,11017.953,9916.318,93246.74,17495.402
copd_36,copd,298990.25,252960.92,213910.64,9888.022,455283.56,13080.763,19592.322,40680.984,14816.162,40380.527,41960.92,766231.6,72240.98,36026.875,1261408.1,298288.2,55905.48,19443.629,12588.333,9873.171,82767.586,948526.2,589619.44,63205.656,5197.5757,124985.016,35318.41,36500.785,3805011.0,3354.9727,139157.72,474316.2,40478.0,31876.01,8637.926,210367.42,73123.36,17377.3,7552.2217,12426.246,9426.068,6825.494,162545.0,162793.53,34775.543,108089.9,12441.568,15522.662,8870.533,16260.461,1038638.44,16137.638,67779.13,3928.03,35366.34,14272.926,96048.234,9568.672,2307.88,18671.896,36832.465,10431.197,11759.014,7690059.5,17703.604,376344.75,11905.65,14476.691,10544.057,416113.97,13038.886,1553507.1,85742.83,10518.183,18439.133,18476.594,168092.75,27942.898
copd_37,copd,409754.53,257871.44,319899.12,6349.9404,591382.7,22021.727,83768.32,37837.32,8422.962,54166.355,48485.68,1027244.0,98575.445,13440.53,1445067.4,94351.945,196081.5,12094.168,23235.535,11212.77,95245.71,462542.38,798395.5,39267.63,4899.237,51551.703,21846.637,47082.77,4946798.5,16323.157,119752.14,491849.16,39168.477,26441.574,8937.812,154017.2,74635.41,27273.564,5903.9824,13542.246,13928.927,12396.44,153639.16,172339.61,89930.63,91036.2,9003.144,10229.088,6320.7715,45762.11,891375.75,30587.916,129493.39,22550.797,39563.617,7220.6865,94986.734,14907.672,3224.9026,6610.2554,10817.778,24866.781,23004.564,7349034.0,692191.56,54016.855,16452.68,7955.4565,13031.178,31133.244,12951.446,592241.1,368526.72,11440.684,8022.9165,20638.898,76636.836,29035.918
copd_38,copd,239248.11,289674.66,187740.14,13305.449,402046.5,12777.711,43652.516,29869.494,16654.174,38735.0,34826.56,521051.78,23304.332,16728.787,991752.6,108387.914,153414.56,16595.428,12926.383,9175.885,78371.766,662119.0,390878.25,40312.305,5940.089,56735.32,18513.9,36555.48,2999746.5,6290.4287,57148.363,393274.66,46481.8,39273.36,8017.684,249435.83,100701.33,17964.89,13148.744,2901.7656,6263.3135,20226.334,251688.2,176748.88,13105.75,76060.164,6081.8477,23344.885,14884.159,24217.094,608766.6,8182.329,113344.51,4038.0444,35709.363,10748.01,79244.27,4232.3867,7448.4927,11115.227,11249.973,10354.407,23278.877,7500451.5,1361582.4,222334.56,12176.866,42896.375,3482.9531,179547.7,17287.787,679145.25,69736.44,32883.098,40723.918,17104.58,106166.56,20668.564
copd_39,copd,292587.4,72463.85,314932.3,8454.683,247867.19,5852.975,219120.66,13829.911,4056.3398,25390.771,20282.586,326959.2,19059.572,4532.1323,496291.44,34092.855,133273.23,10307.102,6469.028,5058.564,49440.766,159084.75,143445.62,16660.29,4080.3855,18475.465,8686.68,21278.752,2673115.8,7846.4517,16783.969,177154.9,24278.492,9820.156,3626.4434,116491.11,37365.867,6684.972,8386.063,3246.0112,4649.477,1147.6234,95064.94,100314.08,4365.7026,22659.11,3093.4397,2585.1643,6817.277,8143.89,240620.8,3031.5164,30658.447,6098.258,11103.593,8714.072,15286.232,2642.695,2487.32,7970.9814,3463.6562,11895.81,1730.9895,2968388.5,153346.25,16842.111,5802.436,56395.625,644.1503,55990.586,10223.09,404564.22,192997.89,45782.934,13267.434,2409.9922,82036.98,10618.931
copd_40,copd,184102.06,140105.72,161009.89,7582.652,526853.0,12909.232,316676.12,43603.875,13111.863,29826.084,22296.863,610469.5,798.31866,45345.7,1063259.9,199088.25,25470.93,23207.1,14270.57,4488.045,99879.35,775325.06,4372.454,47118.57,4671.839,90845.14,25221.78,81069.305,1980184.5,22972.97,48868.297,321822.3,41685.746,24233.613,7559.1543,361560.78,50121.61,68294.84,8874.789,1792.9114,9137.379,27749.113,130241.58,216293.08,33979.375,72466.2,18962.914,27159.562,5464.5303,17816.191,916194.8,7038.7456,98320.164,4084.0967,12858.078,15766.764,72.15456,12675.377,2730.414,7120.5054,3600.6282,17305.025,7416.563,6987410.0,22251.041,223675.69,7365.9453,18551.443,9000.6875,316597.0,11187.08,1423540.4,236570.17,11771.177,29638.793,5929.882,165209.0,21444.139
copd_41,copd,128738.81,140977.6,198527.8,3865.3567,605398.8,9613.3125,6325.09,18433.242,10898.493,63155.223,24314.732,619998.44,27967.693,23723.139,1031643.25,78515.41,78903.79,8045.998,6776.8545,8217.774,72942.336,387262.03,456663.34,50513.906,4297.958,30501.514,11488.467,30909.846,3679413.5,13710.2295,72252.83,361133.47,16488.559,33727.254,2460.0125,314901.1,70825.12,28556.422,4226.5205,11338.843,3644.5742,5626.3457,99228.99,95083.89,25451.48,31788.184,7296.0435,7903.37,7023.5625,13365.366,770772.6,11989.072,87936.47,11160.9375,13848.165,9621.577,77553.68,6950.3765,3394.807,4082.854,3540.5352,1613.4695,1205.1648,3219876.0,2367.1697,207862.03,9601.445,4841.741,6475.0034,129608.54,7844.918,268150.8,149792.95,5526.9053,4425.5137,1738.8049,130299.97,16031.864
copd_42,copd,256790.4,214699.94,292130.7,10663.384,336073.8,7821.995,92120.914,26521.61,5443.7676,27944.924,36325.83,795686.44,16919.97,7037.0605,1164289.9,94402.62,126214.93,11167.869,11308.9795,10387.296,72365.44,686525.25,391776.16,38760.203,4527.76,47027.75,21195.75,31047.553,3024453.2,3366.9734,40415.395,328116.2,37662.566,19947.96,6947.672,165831.89,61710.098,13614.21,6913.5947,4333.589,3658.3784,13967.678,231248.08,159403.36,10171.232,69991.484,8014.855,15725.525,7426.8203,24176.316,574579.5,14608.719,67904.26,6644.599,29450.375,7696.54,68831.61,7126.1445,3783.9778,8054.813,9596.887,11415.309,12650.124,5856155.0,431050.47,66256.38,12248.605,14521.19,5723.064,80529.83,14498.523,405621.22,194338.42,12214.483,18816.465,13057.403,109662.22,19407.688
copd_43,copd,119891.78,131007.95,335485.56,4997.2534,498375.0,5681.266,151292.1,19175.04,6861.2837,47297.758,24669.072,475334.62,961.05304,23738.46,929742.8,93464.51,63949.008,10003.704,13241.393,4974.971,76650.29,233317.31,188881.25,46966.75,4193.026,23405.076,9480.048,24386.773,3146947.0,8063.8374,70325.09,271190.66,32819.09,32533.602,4357.6396,240101.14,59081.414,16052.703,6677.949,3731.71,8429.745,8013.9224,98036.27,107986.555,10911.016,35877.312,5555.441,6897.1553,4321.976,9522.858,579132.94,4633.516,36947.367,8783.129,18810.383,9423.705,10264.535,5030.396,3461.5752,5550.8223,3882.448,4391.77,2330.408,559274.75,195362.88,225567.2,7822.823,9711.579,2862.6853,228395.31,10023.655,276198.1,254231.84,8883.0205,5392.521,2030.1362,128234.83,11803.206
copd_44,copd,270068.97,79886.9,182217.33,6173.168,379672.12,5859.667,4799.0073,54570.996,3459.0532,24968.23,34458.477,1048347.06,94423.87,8925.663,753293.3,104142.99,125520.63,17823.432,18581.492,5966.2886,71328.89,537515.4,703191.25,24498.69,4980.5645,72835.22,27308.494,35047.332,4487467.0,2959.9802,64581.2,336517.7,31806.955,13294.667,8927.417,99351.336,39002.266,14776.944,6635.631,1427.9882,11985.917,28859.479,259786.66,129056.83,32768.797,111390.76,8977.693,16170.084,4847.624,32352.535,834048.9,13983.713,83606.86,15754.708,23431.096,7262.897,95539.836,8013.1504,2038.1831,8949.856,32688.703,21809.371,21871.38,7339403.5,33094.8,75979.04,9647.27,9012.233,12503.497,41846.43,11659.765,667983.1,141565.55,12949.828,8798.17,17683.354,105284.82,22498.79
copd_45,copd,131490.61,177927.84,164132.78,5599.998,394687.78,6423.455,8964.251,23700.049,4897.4053,28394.24,23666.734,616232.25,30557.475,9973.57,840608.8,50625.7,66774.195,9935.233,9304.9,12287.218,67310.82,500307.94,588983.25,29054.672,4176.687,39070.02,16358.534,28215.807,3040817.0,5777.8975,25032.201,322520.38,22177.758,14690.006,3530.5554,191265.62,46920.77,19027.207,5245.3535,7474.205,1762.6815,6286.8,140181.62,104896.055,14340.55,33110.68,6182.118,13757.726,9297.998,22783.775,520980.75,15900.361,53504.2,12597.005,15041.204,9139.759,93025.125,7378.2153,1969.339,4657.507,4961.1855,7152.8726,3822.266,4701641.0,18655.004,58482.867,7865.784,6500.8335,5308.34,52752.25,8545.394,557406.25,202967.52,6902.249,5762.6353,5804.65,136122.73,18051.264
copd_46,copd,277529.38,33385.438,41424.695,1013.3645,224974.27,11382.194,1162778.5,21378.385,13309.181,14144.243,3424.7158,281489.1,703.0551,40078.2,634128.94,265263.94,123934.22,14792.766,6239.3613,2974.1826,89121.07,874158.25,5154.6514,24738.598,3451.795,99732.68,25885.826,14568.161,130696.73,6602.5107,22753.266,209561.86,44236.605,12610.3955,1967.8597,404389.47,25248.855,24028.926,6297.1646,4938.65,5348.1807,1838.2703,68914.5,77406.266,11565.931,62188.707,14100.415,8792.575,2019.8707,7945.5303,614807.0,3053.3425,40280.562,2200.8484,5921.7256,14738.407,47.005642,4538.795,1665.4031,7159.5825,2108.986,17941.98,1993.8665,8305379.0,118901.03,228328.67,1948.9103,4321.127,10667.84,268297.4,4984.6187,1948310.0,3503.7878,6386.7017,41315.094,3749.934,217461.47,15242.106
copd_47,copd,488606.0,117634.414,144841.03,14355.698,476784.25,8182.157,742708.8,37279.76,18027.332,25403.367,19881.371,1015713.94,21011.951,35573.332,1205472.8,90680.68,93081.836,23676.283,20601.947,3236.7039,45925.582,430729.53,385299.66,32137.762,7294.0605,152341.94,50761.504,34959.2,2526974.5,7764.248,74172.83,310515.78,48519.26,12121.34,15461.802,240031.08,50047.29,148106.7,14487.23,4910.522,3412.8088,20725.79,229994.42,130350.18,12098.414,95309.77,21062.27,8215.596,4884.021,43832.36,797998.94,11397.772,103399.766,19407.63,13771.392,17878.148,87409.55,5316.8384,7553.151,17315.625,4315.2363,31421.154,18024.014,8305846.5,2648673.5,47852.152,10584.804,7475.859,13421.5205,16947.361,10162.312,1917710.9,159060.78,11236.837,46115.098,8585.825,118813.52,10851.756
copd_48,copd,559832.94,181560.23,247701.53,16867.463,449294.97,12639.981,1277871.4,25997.309,63076.67,29199.48,15097.572,918086.7,3076.896,24388.889,1843437.4,225180.33,57644.125,26124.44,37090.07,5585.765,53788.25,502282.38,41637.39,24621.475,5039.141,136748.47,48112.848,49990.758,4693044.5,75098.5,57806.527,414776.8,46687.188,19920.64,14097.645,355487.47,53306.992,78470.49,12986.066,14232.879,2660.7732,16572.572,75825.58,198284.1,31052.32,94564.086,16699.232,9811.271,4943.2495,34430.258,710373.06,13506.13,95847.29,17197.08,10910.881,10770.555,3143.1921,9011.924,4512.7974,16200.416,2484.9292,22171.668,45566.746,8275927.0,257557.83,95447.03,10924.281,7548.3906,15918.189,47366.688,15797.831,1994490.0,458513.66,10583.5625,14760.76,22086.805,194022.48,17636.969
copd_49,copd,342128.88,144734.98,142805.45,5077.7026,411866.22,15582.291,204889.56,34936.07,44546.207,25778.215,14370.836,809762.06,1705.7513,34120.7,1335355.2,192118.08,51705.77,20062.092,8039.2783,5973.5205,81589.44,700718.3,35865.65,31014.318,4218.147,116485.67,37450.098,34881.535,2635495.5,11125.493,24291.602,306281.22,46101.508,15377.594,6255.779,267042.22,36844.06,69884.766,9734.643,1449.4772,8035.9893,31310.057,117259.195,169378.48,37383.117,92016.695,15603.572,18107.096,3429.0571,34059.805,704023.94,8910.743,120023.914,18656.943,17096.195,14075.84,8729.694,8907.014,2878.1682,7481.958,3545.179,21274.734,14019.475,8267320.5,81723.92,152592.75,6772.6157,6941.002,13482.578,108834.34,8875.577,1892740.8,241402.97,9474.579,39702.98,15177.033,252827.08,19574.617
copd_50,copd,202547.52,53425.78,86383.766,3447.4873,197206.89,3892.453,31620.402,18267.088,1616.6266,33831.957,15783.344,484391.84,41430.348,21536.389,853279.1,83935.13,50843.53,12635.208,3476.3044,3690.2637,33214.48,532335.94,352798.4,28571.514,3672.1123,20309.705,9489.193,18619.207,1895790.1,18515.49,79585.62,342277.03,26277.064,30302.496,2229.3223,63292.395,51257.41,38066.977,4251.9927,2175.4275,2478.2551,3232.0354,124333.29,75436.375,3560.42,44422.324,3464.75,6567.044,3828.7654,8485.891,406234.8,2197.5144,17509.592,14633.903,10912.826,10559.223,71023.63,2386.0815,2866.6958,5565.0513,3634.953,5187.333,649.3998,4548702.5,43025.27,343075.1,4172.239,14304.446,1638.9187,263661.66,10584.34,795903.5,126126.61,12247.823,7787.8184,925.3522,141411.58,9887.551
copd_51,copd,25560.408,33206.406,41695.09,581.22003,171951.34,13712.361,357173.7,57649.125,2460.8975,18998.574,5683.835,500272.62,6608.326,21971.566,218769.86,150766.67,7235.3438,12324.446,5801.9766,2325.4739,82969.59,361663.56,1011.6831,14711.822,2567.6584,55473.324,25194.95,29007.852,690437.2,42522.297,20110.924,173043.17,8441.073,9418.395,6326.9,242533.0,22395.152,19433.525,4938.2446,1470.1713,4559.998,41767.086,65627.13,100303.75,10071.6,41660.785,12262.223,11531.334,3476.4834,17578.545,506496.62,3152.2969,95059.14,25854.936,8829.266,8024.3706,28.618526,8626.029,2976.8113,6094.664,1729.9912,23624.383,10691.308,7257329.0,436865.06,107371.23,2329.6199,6613.932,10023.942,34696.832,5160.043,310442.94,83571.945,9232.877,25485.729,13711.42,37214.72,11946.873
copd_52,copd,231965.92,151456.53,230357.28,3451.5808,488201.22,19712.502,4876.885,12979.714,192291.67,82843.555,26508.41,783005.4,126913.195,12140.245,1412624.0,96836.65,101535.68,4863.5796,3148.6904,6750.7266,68779.31,157132.86,639696.44,27781.523,3904.2524,26894.1,10138.729,39633.445,5048778.5,28016.066,50575.465,416184.22,17453.305,39781.207,1499.8494,650711.56,74778.54,8286.438,3285.3013,9365.695,2393.2703,5003.454,82007.49,82020.79,19102.848,35781.57,5867.111,3421.395,3687.8108,12556.701,591437.94,17782.104,159555.77,4780.3164,10894.835,8343.834,92641.87,5461.117,3976.7144,3924.255,2333.671,2508.8928,1287.568,4979414.5,1764.2903,107061.516,14762.154,3486.3738,7344.0933,83051.61,6510.8184,221265.52,136481.11,5148.803,3139.671,3496.0054,98153.586,16625.322
copd_53,copd,219212.2,126466.27,254075.27,8939.636,303626.84,8203.334,110998.29,25909.562,25753.322,20417.006,31847.873,610457.9,28893.46,5048.937,691865.5,56811.445,160050.61,9140.037,9748.394,7847.043,51268.07,347337.72,255601.02,16005.099,4619.923,32855.418,15224.164,21432.383,2525606.0,2741.4329,18697.861,239165.06,35472.613,14182.81,6711.9277,129983.11,51959.902,13246.584,8161.752,4031.0437,6191.1885,9774.332,153353.12,115587.54,14928.558,50284.156,4943.9854,8860.226,7413.366,18212.467,308193.66,10075.097,48614.906,4927.1875,17880.621,8193.739,53350.223,5034.068,2951.2676,6993.0874,9689.688,9672.339,16050.33,5324473.0,1227107.5,19647.898,10800.604,15514.285,2131.7954,24260.947,12673.165,231223.16,178890.02,15023.341,11683.632,12802.792,97903.88,13252.396
copd_54,copd,212486.97,205833.75,229211.19,13334.872,348957.3,17137.76,301740.72,26232.846,23591.082,49804.93,32092.523,632684.6,7757.408,24745.016,1094760.2,96247.766,171136.8,15823.707,14163.925,10103.514,97633.39,404091.1,164454.77,48634.71,5160.3823,39827.598,14427.884,50074.117,3299944.8,7147.4575,73279.945,422178.2,45155.64,46231.66,10353.271,348514.97,107609.26,11802.023,20691.602,2388.5723,7974.578,8228.669,198766.69,199741.7,16378.61,75545.305,5875.9487,9969.89,18105.11,20487.635,497155.5,3257.7964,199938.95,6478.284,39043.39,17886.932,35979.63,2388.1084,6598.4565,12695.836,7526.442,8394.45,14395.967,6890702.0,1749993.1,434812.2,11963.977,77496.234,1377.5979,235939.97,18329.67,1183182.0,206657.3,55910.01,31144.887,16867.43,117289.73,21755.773
copd_55,copd,475475.16,154028.67,312302.44,14757.044,562339.3,9034.868,1106908.9,20908.56,38274.766,26600.111,15610.523,728731.9,12534.769,32659.318,1583522.0,168794.42,54539.727,23056.004,29522.479,6856.0957,57306.31,408965.53,95407.805,32512.758,6416.566,154450.39,49344.953,38598.703,3086724.0,59034.61,63567.94,376319.62,47495.652,23908.434,14986.519,341376.62,60710.496,76627.12,15996.278,12929.613,6429.9956,36409.105,91455.81,218445.27,29200.373,98222.79,20656.977,23846.29,5064.0,33900.785,862926.56,15218.895,54233.6,15807.658,11561.993,16309.323,9059.2705,10722.617,5952.368,20199.404,3296.2227,18140.75,30996.666,8287537.0,820979.5,76101.16,11156.084,13856.818,14988.42,93567.875,15579.141,2023438.8,371587.53,10908.81,18792.164,12008.87,171412.02,16425.492
copd_56,copd,161846.92,38496.28,138005.8,4982.071,169287.89,4049.4507,80800.62,15214.468,829.39453,15854.963,16376.002,118438.266,9396.833,5077.7754,286082.28,21776.533,57772.523,7093.959,2856.0989,3822.7366,24257.2,187181.11,127856.516,15745.65,4133.248,20687.871,9272.023,14225.74,1077105.2,3996.4016,23570.91,104570.34,21721.4,10558.679,2375.9216,29766.807,32927.062,5528.635,5269.922,2152.1792,4219.016,575.9885,95050.34,91065.375,1863.5706,34955.766,3308.752,2498.0754,3786.693,8415.542,261294.89,3034.4387,17739.941,2398.769,10256.491,7663.7153,25606.986,2671.372,2360.0425,9112.896,4123.3716,12414.98,1314.1693,1162529.0,826362.6,17410.828,3554.037,40819.145,748.00726,139162.77,9102.698,192220.53,132081.56,36152.746,9606.658,2098.0579,62689.918,9022.511
copd_57,copd,336307.88,335111.12,298097.94,9667.487,707889.1,26138.918,51331.23,29112.67,21701.604,62684.598,44649.348,1054802.5,72120.99,21269.36,1713224.6,187521.84,223619.6,16443.707,28126.795,15265.384,83734.13,721903.3,755249.2,58401.105,5192.006,59020.254,18322.732,38723.215,5539581.0,13095.767,113618.64,513756.47,39522.324,32333.564,10651.9795,358106.84,96465.64,23919.084,7565.9346,32559.488,6224.21,11236.976,137672.17,173427.45,42243.598,99732.2,10945.558,22252.527,7339.6953,27819.385,1089150.4,31129.088,102972.98,17866.25,25973.096,7980.201,88839.93,13846.937,3436.304,6274.501,5842.4277,15314.118,29692.69,7113655.0,147354.22,155682.7,17532.752,10628.131,11422.453,74436.87,15794.713,1195138.5,304129.94,8985.635,12260.551,13731.324,118832.0,30245.502
copd_58,copd,609660.8,138980.92,122667.9,12948.654,252973.72,23752.523,1018705.7,14501.538,45637.94,17785.242,15189.791,454511.8,57964.19,19434.1,1671438.8,238118.17,137750.7,18749.146,13065.563,14336.598,60990.91,1169968.8,152621.72,38493.75,9011.709,181931.33,54193.223,23422.338,1266679.6,17505.936,34683.7,406466.94,51431.145,18037.271,5872.2,286424.9,52679.152,126967.43,14665.116,64043.305,2027.847,1112.3939,118994.055,213533.97,18341.998,114981.305,28466.012,19745.393,4666.623,33792.324,835884.3,19093.412,49875.47,1534.1075,9082.05,17855.418,70914.33,9279.1455,3400.2097,20089.07,3151.44,23672.783,11603.896,8312923.0,5956.003,53820.887,3876.205,7707.5225,14913.431,102450.98,12467.772,2060468.8,320302.7,9971.668,83344.15,11643.54,206420.55,26530.92
copd_59,copd,119702.125,72426.336,157263.58,1988.4718,434384.88,10896.883,63930.594,14887.453,18207.152,38781.168,16334.712,530789.25,63419.04,10162.758,783390.06,83006.71,79413.96,7008.2915,5915.414,7817.0054,54745.676,350481.8,493484.7,25164.066,3482.6775,30542.324,12510.021,25584.773,3640947.2,12119.629,39658.89,328562.4,10828.782,15100.597,2040.7343,388224.97,43848.164,15111.689,3824.1663,5802.923,1661.6155,869.82465,72271.71,61165.426,20873.973,47886.8,5403.2046,3789.783,4865.153,12616.122,471716.5,12646.228,34733.78,8390.889,11440.792,8749.3,84318.95,7865.5366,2205.7422,4675.753,2561.3877,4909.089,1248.4352,3092693.8,1423.7772,86544.07,6827.337,4701.3975,4621.805,84206.055,6260.0703,571911.06,195236.03,5228.4146,2772.3472,2104.374,126591.41,14831.912
copd_60,copd,162525.47,188692.38,93673.766,7615.1655,186183.22,11041.823,276248.7,43353.84,7962.6763,66112.47,30850.768,714051.75,1970.243,61423.86,1459323.6,163696.66,127633.81,22270.043,11813.669,4711.3184,88503.37,676586.5,184887.67,73406.83,6598.1104,32501.969,12374.988,75259.96,1343539.5,4534.377,195900.19,506740.12,47652.316,80250.91,7161.959,453879.4,109847.695,20592.164,17392.57,2393.737,14656.279,11593.431,332648.2,188612.31,21026.664,74621.88,4237.897,7038.4165,8760.439,10831.964,1077466.9,2200.2742,163413.7,1280.5024,46215.746,25266.271,14996.07,1684.7687,8192.605,10753.875,8754.258,22475.562,7636.8047,6955922.0,260154.1,956343.1,7716.8496,52553.75,3480.2993,528283.94,16733.605,1044281.9,2872.6023,50147.0,81199.06,11615.711,176012.12,26351.625
copd_61,copd,287426.4,211614.56,283936.12,14878.057,599186.25,10126.078,586217.25,35475.758,38115.473,35385.1,28636.932,1023901.0,2436.224,37807.848,1133534.6,113281.83,28442.674,22714.824,16992.777,7568.4395,75243.38,565553.3,24074.732,40958.242,8190.9023,107322.7,34345.645,42574.277,2779218.8,12343.456,64392.824,398844.3,45533.426,35013.555,13184.797,411635.34,81137.52,62631.355,13030.693,3678.044,5959.151,19559.371,188497.05,197295.88,25482.836,74160.09,14329.886,19862.514,8179.481,41848.105,832377.8,15644.341,56784.15,6727.823,18446.273,18254.566,2603.8252,7180.5776,7803.098,9282.43,6616.639,26968.482,27596.463,7747550.0,1254041.0,98736.43,12297.288,10811.961,9613.119,141718.45,15427.555,1658407.9,159389.38,14459.209,49540.5,14109.28,178352.39,20747.604
copd_62,copd,506800.53,134789.33,171706.2,16080.807,558602.0,4650.834,251629.64,22492.31,21989.387,26473.621,8135.0786,770702.8,37127.938,46549.496,952319.44,171533.03,40730.094,29056.111,17359.758,6987.6934,56501.086,781745.94,205031.47,30953.86,6792.9883,102603.51,32208.764,39622.297,2749106.8,20082.94,41097.223,365005.22,47308.36,22898.424,11971.201,120911.07,60571.41,270870.9,20163.623,4738.541,3958.6228,28945.727,105348.4,227866.64,15893.433,98368.18,21576.438,24164.676,4390.4883,34589.95,1011828.4,13101.313,51317.918,12981.163,10374.325,27652.686,26553.602,8780.733,6434.26,8469.38,2236.3757,24731.969,22417.441,8302876.5,119195.086,155329.0,7460.85,8929.529,12254.893,100457.875,17291.977,2015265.6,752169.2,10729.554,16515.44,8631.543,244852.84,13301.237
copd_63,copd,396309.62,151203.25,124565.8,8528.912,409717.4,8136.553,12340.96,81732.734,14783.1045,41617.3,29546.504,885893.44,23244.047,18019.047,1193763.6,188374.86,71860.164,22307.094,12682.7295,3457.7205,50612.664,619989.0,239882.56,28171.44,8059.908,88578.77,32780.113,48382.164,1964195.8,1376.7035,22663.28,276822.53,40100.375,11718.451,8146.757,175818.69,47929.066,18249.71,7309.0547,1657.945,8668.099,33259.176,219902.77,140309.22,7860.0693,81597.99,13139.743,7511.181,4066.184,30111.438,869310.7,7478.519,97437.77,6025.8945,27026.57,12766.724,59519.766,5745.813,2930.3384,8257.2705,13138.201,26222.664,6681.632,8051477.0,13333.384,100801.83,8735.983,9182.136,10072.618,60863.715,11678.484,1225889.9,145481.72,12682.838,38419.625,11512.784,138390.38,18869.39
copd_64,copd,164078.95,197444.77,224574.9,8413.809,275271.16,6549.0977,92503.875,21752.246,6994.7817,24604.34,27632.36,447409.34,17822.395,7824.226,799571.25,78305.8,90868.7,9258.989,7768.1294,9222.254,70206.75,459883.5,471334.25,27816.123,4335.66,36212.96,14500.93,23812.994,2420661.0,3709.032,49658.33,334820.1,32227.2,20477.146,5033.3384,145552.92,55224.492,8745.546,8395.764,2809.2444,2273.6921,2581.0896,134050.3,134791.12,6192.2573,47583.29,4673.8267,9895.476,13402.589,13262.537,314944.03,5646.5767,47384.668,6271.5513,22829.473,8527.033,72976.92,3547.6858,3284.449,10334.151,5515.5664,9702.099,7286.593,4012784.2,750840.44,112848.03,7766.8403,36502.387,1401.1525,127830.664,12386.489,671472.4,321877.88,29298.648,15789.004,8626.383,105548.73,15469.31
copd_65,copd,46143.387,51922.75,51941.023,1526.8064,155596.31,2623.5142,5697.7637,20427.795,399.69357,17846.156,16767.617,157545.94,6127.7905,10622.7705,376978.75,76436.766,27283.658,6996.4097,2243.042,3700.3171,25527.326,434706.44,385310.66,23562.57,4459.1807,19654.139,9577.61,12900.407,499791.94,5484.9746,33112.418,155606.7,18089.938,16607.24,1519.358,24337.701,37317.54,9432.104,3332.437,1825.0851,1605.7472,2048.1213,147416.62,56569.777,1956.3059,35627.996,3691.9749,4819.9404,3039.3376,7967.143,421253.16,3786.0898,16780.256,3492.1956,13737.861,8385.992,76637.42,3007.0364,2151.082,4793.5723,4092.7039,10203.987,883.7976,1203966.6,135701.73,107112.78,2543.8667,5614.3853,3034.4734,178248.16,6856.6387,151518.36,28971.523,6397.499,5330.859,1666.8872,91843.625,9459.798
copd_66,copd,227090.86,67644.36,375941.2,14776.902,529883.44,5012.903,431381.94,50994.457,18412.44,31528.527,23704.932,904942.4,126.043755,32343.836,975312.25,99459.31,30877.643,22843.326,31455.635,5635.8203,53937.324,304598.72,11681.704,36958.188,7187.2856,79488.445,33917.113,49867.86,3151557.0,14701.246,69754.73,378345.22,38511.043,35602.35,14905.3545,296664.88,65109.33,35626.434,10297.04,5607.7593,11485.301,32912.34,115968.03,193329.3,25786.33,78872.11,12723.511,16942.143,7381.552,33366.88,825982.06,11892.974,61902.61,6202.5605,14406.296,11705.873,246.85918,11693.811,4855.704,12253.232,10210.646,17310.951,38120.273,5158869.5,400709.4,95517.42,12259.065,14403.41,11539.816,131451.75,13933.55,1340079.4,235317.52,11487.754,25811.992,15968.063,158145.52,20820.906
copd_67,copd,245513.17,283841.1,230958.03,6490.827,600675.0,17661.932,10756.152,19865.904,11794.777,66323.96,40203.805,994357.94,104984.43,55483.06,1640315.9,300360.34,93082.016,15110.32,8862.051,12254.787,80195.516,957744.1,705830.4,71627.266,8247.833,69826.14,21271.387,56999.004,3742024.2,6694.467,155543.2,522451.5,39410.047,49108.387,7686.013,547649.8,99679.33,11267.433,7737.7964,87184.93,7601.2837,5522.426,94003.82,195440.58,44469.375,105939.51,11309.088,19674.018,7438.198,13649.938,1104902.9,17675.936,174952.27,5169.388,21106.932,20929.17,96924.6,6340.6196,6384.8984,9246.483,11339.265,4819.807,5091.0884,7676782.0,12605.43,661617.2,14154.58,10108.4,9108.282,437595.6,13082.858,1403281.2,56074.055,9444.147,9187.067,9952.428,216094.12,23351.611
copd_68,copd,53556.684,163344.52,200204.17,3979.2378,298522.4,5141.697,6763.978,17909.498,1411.7953,18257.004,18925.748,206991.62,24535.893,5395.958,453189.1,54197.46,76357.93,8595.101,5722.3926,7782.242,57316.69,436507.3,704947.75,26024.396,3928.2097,31670.924,14086.517,14200.853,1461069.9,3395.487,34551.605,199560.44,22730.643,14832.973,2787.678,90052.586,46955.33,4151.571,5020.914,3151.5452,1849.79,1772.952,147942.52,86575.69,5163.7407,47246.184,5078.047,6101.3296,7187.3955,11173.633,349487.84,5276.9995,25867.836,6023.5327,22395.389,7074.492,87162.15,4140.4653,2520.7825,5811.9023,5131.359,8202.708,7475.5664,2723224.2,98731.72,36137.855,5291.98,13251.095,2182.189,118936.875,7413.338,312127.34,115870.97,11895.64,9465.041,7345.494,63473.133,14470.507
copd_69,copd,63411.117,186388.06,163217.3,4365.948,486100.38,11443.105,3449.0366,23062.58,10602.799,38678.223,21487.684,494048.34,76698.33,20480.232,729715.25,105149.76,99517.195,12228.657,9385.564,11084.166,74028.875,564189.9,796652.25,41393.773,4711.939,55630.09,19055.03,24723.598,3875823.8,7120.512,66813.695,383474.44,21784.178,21405.54,3547.3,218027.55,58311.445,18167.95,5644.2666,4169.223,1572.257,6374.3413,107234.516,91348.07,19280.354,50439.484,7964.112,18181.816,9237.3955,17046.75,673569.6,14882.257,43601.34,14956.191,17921.697,10214.786,97890.72,10063.063,2411.722,5256.3374,5195.9004,5110.7305,3696.267,4705920.5,5849.872,110436.87,7614.6357,7102.1914,6529.886,150845.19,7818.109,1090299.8,117274.516,7120.641,3531.2324,4772.908,173805.95,22836.791
copd_70,copd,167178.12,104859.15,300582.4,5074.406,1092276.1,5667.313,161823.31,20295.996,13415.403,86626.48,35723.16,607552.75,132.27162,67210.12,1115505.4,147158.73,62649.934,8253.137,17857.63,5658.546,65463.355,247065.72,38090.508,74658.9,4197.0957,25653.406,9928.905,18169.354,2930875.0,13368.248,227258.11,399329.56,33917.02,95849.58,7392.374,207644.28,97870.555,40661.98,5626.791,42115.758,25067.416,4745.819,64394.05,132401.66,67432.836,37123.688,5521.1094,5661.4453,3544.1543,9382.19,1274539.0,6525.061,53120.74,11453.063,23847.95,11516.255,3165.1973,5284.4795,7548.1963,5892.219,6103.571,3495.695,1242.9851,170014.5,807417.06,881414.44,6918.714,5281.1284,5235.1367,488324.62,13337.657,326051.8,273611.8,5758.97,8499.832,1239.8215,99506.945,10454.673
copd_71,copd,183144.86,116714.41,118724.95,6941.7437,360934.12,7064.6,3541.2952,42788.793,2029.7393,35216.027,31178.945,780409.56,126347.65,10117.022,702007.25,84117.68,103248.51,16771.824,14097.94,10060.232,88597.27,884926.6,732602.7,36660.465,5585.8345,66481.97,25365.793,39757.844,4771042.5,2808.036,39885.527,338964.62,20859.484,11866.665,5749.513,150349.27,48480.918,24511.498,6499.0293,2748.5217,2834.0134,12015.286,198443.56,136011.02,15331.684,79706.39,9229.057,21938.88,8225.538,19534.688,714401.1,17270.797,68571.1,8890.311,16147.86,10463.231,98107.45,7813.353,2724.258,8181.0493,13151.127,7945.917,3654.2522,7571413.5,1838.3878,61539.84,10160.054,12151.795,7451.7827,76793.26,10391.923,865178.6,43009.27,9682.63,8806.667,8066.653,147180.06,23614.066
copd_72,copd,244875.5,196236.39,38915.73,4564.62,315640.72,6384.9595,692394.25,29114.975,10171.688,28494.531,9623.56,554498.1,6106.6626,53038.43,1166070.0,194698.48,209048.06,19311.73,7480.6665,5356.8496,83219.53,987719.4,67095.22,46875.105,8931.386,72808.27,22111.549,49862.438,549285.44,4371.474,129685.69,339028.3,50664.34,42731.742,3016.7769,240551.5,88731.72,18599.807,14436.872,3105.4,5736.038,729.84753,273377.84,122133.04,12617.638,100098.96,8656.573,6069.9673,4520.7466,11616.575,1079226.5,2717.9238,75220.93,528.3899,11819.225,24195.209,64907.465,1394.205,5697.7256,14711.963,8099.156,31998.3,4450.0874,8305894.0,341282.88,427942.03,3549.1177,10580.6455,6995.889,179677.88,8830.5205,1818816.8,567.73535,33432.336,130453.9,13497.618,171372.3,17608.06
copd_73,copd,195922.8,199470.83,240373.33,8422.593,390788.4,7719.839,80063.164,23718.139,6400.3677,48623.812,28995.045,527265.2,10672.297,20425.926,1018043.4,100407.21,125835.02,15341.967,14127.256,5773.9478,84450.695,378893.72,241471.12,45536.555,5390.4897,32268.75,10754.357,46480.336,2953783.2,6872.9688,59202.74,326641.28,40093.188,38899.254,6772.4155,334805.1,85390.71,13128.206,13367.598,5438.4478,7796.1274,10870.122,129585.055,140423.55,15006.844,58752.543,3927.734,8260.477,11732.721,12884.89,495194.6,2804.9836,95089.79,5898.511,26654.533,12933.251,31069.117,2267.018,5818.8027,8180.573,6798.4526,4881.562,10502.795,6189457.0,303154.38,427487.22,9240.242,42269.71,1581.2556,166237.4,14006.524,721945.3,118439.734,38984.38,29144.06,10722.116,131313.42,17227.678
copd_74,copd,22434.594,146971.08,338239.03,8116.842,767027.8,4734.9805,6827.721,48240.992,36776.863,42273.26,29735.566,716237.56,1970.5598,14161.494,687038.06,66658.78,2301.018,16571.545,26450.023,6377.619,60601.57,180657.78,4589.5146,31185.012,6369.3086,52169.39,20325.535,93992.07,4290984.5,26857.498,39021.164,308056.12,19062.316,18874.61,15536.94,324544.12,69392.516,24693.176,10952.522,5214.096,17509.324,51808.19,137319.69,227596.89,33569.594,87785.9,15599.956,30638.57,5588.1313,55338.21,649241.2,21063.354,135836.4,11519.21,21553.342,10355.187,66.35892,12968.738,9954.032,5959.594,3041.5276,14632.34,40096.285,87363.875,76718.664,73502.734,11398.783,20201.793,11247.022,100043.61,17314.469,225845.31,271805.6,13503.541,8951.1455,15839.44,69421.24,27320.58
copd_75,copd,107162.64,110512.73,114726.42,2140.0366,312532.44,3937.9646,7156.401,24258.98,2221.7585,47330.203,19214.287,458158.28,29192.38,35508.66,944275.2,108872.75,52740.58,11910.273,4564.8594,3705.9126,53488.49,493745.0,316461.75,55428.32,4369.6855,22257.41,10117.65,31826.861,2305921.8,5803.3545,93761.72,354783.7,26160.541,41604.684,2754.001,121285.37,59800.61,22656.58,4479.3115,2213.3665,4144.8203,12171.966,121539.18,82793.72,11185.224,64299.484,3658.12,9380.168,5146.805,9528.99,499693.78,2047.845,39740.863,8883.546,18712.863,11254.845,70085.6,2385.7263,4227.0933,5378.0864,4871.51,3218.6665,1153.2242,4115779.5,35470.684,466685.7,5438.598,12346.094,3632.9666,354904.5,8124.0137,636875.0,48149.156,12938.704,6863.764,1971.0883,163941.0,14605.835
copd_76,copd,86904.59,163703.2,238680.88,11107.32,337871.2,12041.454,17013.533,23810.041,17716.678,38659.047,27471.469,402474.62,3605.5295,14776.4375,935617.75,41792.188,24409.227,14065.493,14450.454,8555.791,69634.42,264158.22,210984.64,32859.65,7148.91,37092.863,12831.666,41859.8,2154997.5,7677.8506,43059.42,290562.22,39415.984,29017.232,6568.2656,238896.31,82469.05,16025.597,12593.101,3333.4036,4916.3237,27679.598,178228.1,201299.28,10728.796,63008.85,6786.499,29920.443,11560.395,23894.027,451419.7,7301.62,95984.414,6366.0654,28674.482,15100.265,14340.126,5122.556,8093.6187,6531.512,4499.4253,6953.7114,14170.722,703066.5,631798.9,115618.41,10718.047,36394.8,3502.2708,164777.86,17853.918,694193.3,174516.84,28615.61,11438.239,10070.284,78659.68,22024.184
copd_77,copd,75451.266,143424.55,62704.81,10904.462,201180.67,6783.684,109656.57,33253.402,7470.741,54812.703,25450.945,509001.53,21290.973,69636.28,894209.3,216458.58,17357.242,24498.129,11898.817,6060.433,59896.215,646935.2,335273.8,85218.16,9908.093,67232.62,18204.512,24675.754,2011001.6,3886.7983,234692.22,525601.94,39968.31,79433.81,11259.494,195784.58,114182.945,79907.09,15755.564,4887.125,4632.217,9149.824,198764.03,193295.56,19172.205,90610.22,5840.405,12475.718,11961.112,13451.751,1044697.25,3651.3914,35928.777,7557.7773,34438.24,30379.178,53540.035,3459.8652,8001.374,12692.059,12939.889,16349.113,3589.787,4787683.5,533474.3,793367.06,5416.43,25071.29,4380.1646,528451.75,16692.56,1282958.5,55923.08,26209.713,13165.974,6614.91,268405.12,22394.105
copd_78,copd,54295.86,242221.88,185532.19,3237.7693,508752.06,15480.748,10043.58,14980.303,77562.04,99891.836,28071.002,930215.5,126038.35,67597.87,1194148.4,234632.92,55144.97,14336.338,6452.808,8066.253,85670.734,568081.5,706322.56,79712.85,4871.6123,41672.27,13230.044,40184.445,4167934.5,14023.006,231217.42,556029.06,22789.1,72657.96,5720.319,683954.4,96154.55,25409.473,5906.6694,25742.445,5716.0703,11259.376,92175.31,114425.49,87025.766,88241.26,6333.3364,12217.617,5674.94,11009.424,1228004.2,9242.692,108646.74,14075.249,22207.137,23290.69,91513.22,5752.8486,4450.894,5340.4883,6434.3457,3868.3557,1664.5443,6221616.0,5273.789,910085.9,10820.09,6162.637,7877.857,507903.72,8585.334,1056571.4,9159.097,7842.7554,4279.7363,2490.54,241911.83,26665.186
copd_79,copd,70323.62,63948.4,67710.71,2243.259,151935.81,8083.6665,37955.72,16104.412,598.3212,27775.537,16560.107,167485.16,66070.305,10155.819,483293.62,84172.01,56711.68,9714.247,3657.3804,3654.423,28598.94,340449.72,461476.1,27984.69,4698.3755,21002.273,10568.382,26285.111,748803.1,11779.061,62037.24,305270.5,18763.762,27458.738,2373.168,76463.16,49595.902,8793.464,5473.9414,1490.8805,1413.0063,509.9381,119151.445,77849.055,2382.6738,40864.715,3077.5212,2001.8059,6064.481,7633.0254,306149.8,1778.0635,21271.285,9225.615,21863.27,9757.929,72750.04,1645.6025,2752.9897,6654.163,3251.0532,17521.637,1147.0474,3855904.0,45337.35,122280.94,2916.871,47538.793,752.0978,206258.78,8317.859,688642.56,23454.705,43242.473,21701.955,2363.1902,118688.73,11639.921
copd_80,copd,143564.4,110019.74,317599.2,10434.431,345415.5,5911.0376,9260.446,28831.61,4732.086,22731.9,26125.584,540999.1,14783.937,7955.244,433400.88,52775.297,72864.95,11302.09,11865.126,8947.262,59405.496,374770.97,475878.0,25495.16,4569.8696,54885.57,21551.143,19156.541,2427950.8,4124.681,50666.176,273895.84,34728.65,18675.387,6477.11,64544.562,50922.63,10625.577,7737.1763,1371.2617,7100.4307,16360.9375,173955.7,141762.92,7619.285,70461.914,6324.5107,16279.904,8907.37,18757.283,429052.34,7812.802,55430.75,6421.7153,22684.623,8280.339,68401.74,4572.896,3968.3965,10996.369,10831.716,5762.63,16670.557,4765590.0,966509.5,86325.46,8939.329,22238.121,3476.9512,80845.94,14003.52,515257.9,176586.97,19142.295,15009.105,13036.213,95788.805,16850.531
copd_81,copd,123739.12,104832.95,89879.79,4419.941,683043.75,6303.991,1991.0604,34987.918,21556.918,29707.164,20471.092,639195.1,178996.5,45699.22,447777.28,180005.81,155901.4,12148.226,7922.4424,9491.095,59788.58,420628.9,983436.2,26720.633,3781.0227,47378.84,23520.43,35580.05,5753209.0,11646.728,37894.484,332859.22,7208.823,11232.068,4228.9727,334466.5,30215.057,17404.236,9820.193,2451.7744,2062.6,5484.5615,78787.38,85756.164,111054.086,94184.91,12492.614,8272.998,8963.807,24072.828,771998.25,19082.654,55380.08,31896.324,15653.355,18902.982,103918.375,8482.371,1567.179,5869.5737,5227.8613,3213.3955,1264.0327,7689795.5,354.14838,100722.36,7240.7217,4480.354,8123.8896,90738.03,5770.5396,1948083.2,341369.8,7251.953,2383.523,1824.6393,315379.84,29950.191
copd_82,copd,483926.88,225158.0,234728.03,12235.167,408649.34,18762.455,5122.092,62350.95,10450.935,35901.926,49050.113,1049539.5,167376.11,15490.393,1737570.6,208225.9,204020.33,19869.277,16985.113,8476.225,76531.734,998628.75,973306.2,38526.62,5429.7554,119519.16,41186.41,43016.246,5049289.0,12351.971,63901.82,448494.44,47956.957,20013.494,8997.89,215496.89,60421.98,18516.479,6596.6694,1840.8322,10674.466,26922.816,309647.84,187691.27,28953.209,125067.65,16248.896,24248.895,5543.827,28538.727,1015906.75,20298.744,85341.13,4554.5425,42794.016,7539.77,102946.86,15599.644,2505.9634,14077.625,27938.447,18259.146,24757.834,8288438.0,16696.844,121651.31,15951.26,18706.85,15236.061,88958.71,16980.383,1594332.2,272954.25,11154.19,32328.508,20814.234,126511.87,27635.232
copd_83,copd,687537.5,95110.1,190782.31,14934.496,515317.38,17796.066,714406.6,31074.096,2546.2974,56726.23,51980.47,1182168.1,303900.6,34436.17,1876897.6,86749.83,433751.1,28023.922,38110.676,4501.5464,37533.695,591277.2,1106402.2,49003.402,7175.6895,194420.17,55849.74,69677.266,6728544.0,70491.76,123709.85,514308.44,50954.01,29102.064,21380.037,65337.3,79521.35,150471.62,14695.261,2247.7754,8985.274,12734.084,201798.08,182216.62,64216.812,132658.98,18215.68,12557.036,3205.368,25100.932,1039110.0,18267.264,43037.46,17327.783,22406.861,12712.703,105248.38,20980.812,12503.724,34905.4,4410.6836,43762.227,56278.55,8312931.0,4394204.5,136669.58,17181.883,8908.245,16998.984,18214.412,15002.007,2007728.5,505640.9,19364.902,5017.0215,22408.57,110721.5,12818.003
copd_84,copd,105999.44,239144.1,172127.56,18248.805,176868.1,14528.408,908576.94,25810.86,87649.375,62642.105,30621.803,826855.3,83935.375,56765.52,1083992.0,246080.44,193481.64,24089.662,15953.679,10399.538,82226.53,644029.06,583879.44,83372.29,6836.9883,70133.34,21547.873,72325.35,2721661.2,4378.9653,253921.69,583498.1,48966.918,73333.92,12987.64,352415.4,127906.03,21118.73,25152.766,2627.7212,5796.583,2457.0383,278922.94,220557.2,33620.38,117198.82,4667.6606,4650.324,16412.104,12944.876,1101284.0,2415.2588,82724.734,1012.3459,54429.516,36445.824,88976.27,1728.2579,9008.8125,23206.303,10370.853,29599.217,32510.215,8157580.5,784222.0,818800.3,6637.9985,91150.7,1422.2698,421831.66,19931.854,1842310.9,36658.4,61939.34,39628.53,23766.098,233952.55,34424.316
copd_85,copd,61787.656,154287.56,125481.86,6556.2666,412605.72,10418.351,200686.67,17681.818,7434.2617,78376.625,18651.055,313749.38,20141.443,72958.83,854452.56,222052.31,37472.246,21878.6,11414.274,7676.137,44578.336,641381.8,276919.72,88912.32,6157.8247,48699.734,11882.883,16379.438,2791994.2,6843.264,250357.4,539043.6,31198.19,95977.086,10819.554,146488.86,109545.67,108249.8,11333.426,29487.416,2426.9895,2743.2812,72221.34,117415.97,25171.46,55182.426,5347.2827,7733.1997,8489.331,9679.122,1155572.0,4626.3833,19592.49,20093.611,16140.932,24978.734,42714.426,6808.751,5861.372,7016.0967,4599.5947,11982.099,842.07043,1038463.1,286617.8,937896.7,4177.2407,13263.233,2404.2576,582366.8,14496.187,1578596.0,88728.586,9876.73,4252.4307,952.987,261772.27,14665.62
copd_86,copd,125774.79,87736.85,230946.36,3895.2686,312418.0,6040.7935,23778.59,19135.707,3571.6323,28970.777,26566.291,289531.3,41411.426,5485.718,424547.78,72604.484,131727.45,11259.193,4438.6157,4240.546,54117.664,302201.78,289197.38,18730.738,4473.474,21272.848,10230.728,35025.277,1910185.2,1807.5425,24627.51,242070.84,26400.502,15519.613,3431.924,104009.39,48079.594,7055.9062,8511.165,1461.2723,4294.905,1400.19,119566.125,85075.0,7781.292,44728.96,3836.908,3460.4922,5450.3813,9999.335,283463.72,2998.1106,56492.355,6545.089,17438.73,9025.316,59903.297,2611.2935,2669.8015,6300.9316,3789.1501,9057.707,2573.4744,4801895.5,239807.08,25370.729,5371.555,40857.977,821.7895,71981.78,8443.916,485738.0,88115.54,42541.562,15464.59,4027.6038,136751.72,13140.695
copd_87,copd,170899.97,172712.11,287851.88,3877.126,663022.56,13562.669,32694.877,17754.6,31009.469,50135.188,22445.037,790466.25,70659.555,17485.31,988892.9,77698.85,131205.39,8615.068,10182.618,10251.807,74552.1,455411.7,501970.16,37750.06,4052.9556,45119.05,16406.549,37997.805,4613975.5,12839.917,78714.46,402498.4,18726.201,23071.006,3493.9749,308716.1,59873.656,17701.965,4452.2783,14382.86,3184.9731,1226.5438,80380.36,90261.44,30587.42,52215.43,7871.8857,7337.26,8217.343,14499.989,631132.9,14633.08,60002.156,9035.722,11177.215,9610.571,86982.62,11438.403,2535.488,5778.7905,3475.7207,4517.535,1624.4623,4450490.5,2822.3374,154760.31,10971.7705,5735.9287,6970.5386,173150.81,7036.074,760183.94,222063.53,5920.1104,3119.2239,2549.3176,143059.4,17577.506
copd_88,copd,83239.695,109647.48,149814.11,4161.38,284885.72,4665.0786,6817.0493,15077.657,3207.757,22928.756,14043.349,291388.62,10038.016,5966.96,736820.75,59250.977,51264.598,7104.299,4247.505,4491.265,43948.305,354582.1,361671.8,16753.215,3558.61,21832.555,9324.747,18709.74,1260965.5,8368.709,26877.793,167982.17,20360.613,12856.975,1657.4846,128466.664,41090.246,9277.394,4014.8264,3138.7065,2117.821,5549.552,131661.77,60885.777,5053.254,26122.346,3640.5435,5941.2104,4941.0576,9540.013,311648.47,3657.97,32440.96,4876.401,12813.004,7275.0996,63066.266,3261.8953,2438.0586,4591.3364,3403.2083,2745.1753,1716.9269,2061650.0,39005.836,70821.06,5735.338,9657.856,1900.7993,52596.02,7285.39,78989.84,48823.855,7498.776,5132.034,3083.6074,72677.71,11204.282
copd_89,copd,174270.53,88686.375,273631.9,9188.882,311213.06,8994.184,164032.48,49625.52,6299.303,29541.46,27767.723,665915.4,16032.079,23359.229,640529.06,127409.07,164446.47,22802.514,14539.761,5569.331,70525.445,702001.9,305900.56,44346.727,5933.82,85059.42,33781.145,48422.37,1930835.8,4499.546,87428.48,360853.9,41704.832,29681.053,9424.001,175276.6,69221.72,11504.65,11607.482,2753.2024,11034.001,8593.797,253500.2,136223.0,15659.463,93667.78,8222.0,13469.597,7978.3364,18619.738,804191.75,5952.9585,67808.42,1034.5549,22114.902,12626.414,55661.984,5001.0728,4950.0254,17788.855,15030.02,12676.791,25640.71,7297652.5,1067658.6,239603.62,11138.34,16857.443,7652.423,181119.94,13477.718,645922.3,65999.39,21951.963,27753.4,17491.049,129053.38,19730.258
copd_90,copd,212646.31,177121.97,325908.8,17438.562,513941.22,7158.729,35921.344,50509.62,15729.59,40847.418,33355.84,872663.1,1292.5089,20249.361,723936.44,109444.484,31245.445,20514.324,21241.729,7563.987,43170.363,387678.12,152153.77,48490.95,7956.5493,93817.89,37361.125,40743.03,3431255.8,3323.7854,56250.06,420736.84,40380.027,26350.771,13540.645,179715.06,73291.9,54109.3,11787.073,5156.643,9226.557,24173.066,178716.77,163524.7,21433.281,84375.1,10427.716,12153.023,11308.883,42172.51,766689.94,14717.801,70790.13,5920.3984,29852.18,13090.234,22025.55,12340.631,5721.6396,10682.409,15806.663,18630.469,28656.057,6050831.5,652799.4,114969.79,13859.793,12005.504,10593.439,170100.94,15469.944,1439115.1,173204.64,15322.065,20129.69,14845.243,129112.1,24361.016
copd_91,copd,185525.83,132069.22,177454.03,4351.94,374146.03,8414.499,29268.402,21345.889,13159.257,41593.336,19758.258,537082.94,69016.65,16103.582,1113661.1,122284.79,82136.01,14276.86,9355.16,4461.6357,59802.492,532364.9,413483.34,36536.727,4602.601,26709.498,10517.05,40027.168,3599809.2,9288.026,58524.434,371321.84,24986.906,18426.299,3974.5452,251177.7,47344.375,14524.404,7084.391,4548.9243,2231.4746,5999.4272,95311.32,100023.58,12768.745,51953.26,3603.9854,7728.4585,8495.941,9667.34,347593.2,2525.3813,45195.234,9439.186,18038.684,10348.9375,54189.293,2582.9863,2923.0273,6832.959,4073.7585,5045.5767,2325.2144,5659678.0,2354.237,211726.39,7652.664,35341.527,1279.5911,203774.53,9214.843,794511.1,104121.34,24646.283,7046.4976,3326.0532,163493.52,19779.129
copd_92,copd,103127.07,81939.555,122098.57,2664.8152,163432.25,5931.664,10542.378,13983.206,2475.8386,32183.738,14728.023,641716.5,117536.97,6727.4385,672493.25,62465.88,54970.535,10611.753,3388.9375,3424.4675,54050.816,553453.7,517707.4,17328.246,3568.5808,19254.498,9285.484,44764.895,2721580.8,15545.478,36793.04,355628.88,16509.344,13862.675,1770.0859,221265.94,37279.51,13131.011,4887.8384,1785.443,1381.2972,1379.9777,100686.63,75158.11,4850.436,38787.01,2887.5107,6170.713,6165.459,8550.896,284302.44,2067.6829,48059.56,11068.33,12178.585,8950.428,80127.555,1634.193,2739.1584,5350.3643,3157.85,3560.651,1110.8516,6198719.5,3033.5645,127804.83,4675.7617,26306.93,914.81573,116821.65,7322.6616,770381.7,68555.02,22241.176,9088.636,2194.1707,121057.836,12643.863
copd_93,copd,76643.195,105517.73,154426.53,9060.731,201269.72,10763.131,226596.1,26312.625,10146.845,47967.66,21839.115,257296.12,15831.179,59613.5,649389.2,194243.0,57472.527,22432.348,18045.756,9472.637,57935.4,684133.1,345440.56,71726.445,7557.338,71156.86,17955.162,22145.336,2181057.2,6397.5356,197396.19,486023.9,32662.215,65817.05,12712.981,190305.31,103140.84,62129.426,18465.9,8126.1836,1884.8884,4765.0293,101964.38,157413.78,12672.089,66417.766,5509.9453,14970.79,19538.098,13581.347,721279.1,3886.7463,32314.145,10763.408,22177.209,22381.04,41507.11,4914.678,6008.6187,14619.074,6847.1816,9528.545,3691.503,2568615.0,428651.53,560527.94,4342.6514,39312.934,1879.1572,424122.47,17130.537,1384976.4,86898.125,28366.172,6185.7812,3915.1128,197965.9,26116.168
copd_94,copd,264475.06,104336.74,215545.61,18380.385,680567.75,10415.639,324970.9,41493.574,61206.332,103981.32,34936.6,857105.0,121.35268,69557.625,1847319.8,251651.72,17386.152,25383.266,26784.545,8536.213,78324.02,309917.88,11153.733,86693.34,10628.425,53527.066,14755.806,59425.215,4554484.5,8802.921,179008.95,529458.1,47058.574,87874.35,17435.254,603103.0,126049.66,88071.01,18352.445,38274.035,12288.366,28740.438,154955.7,248052.58,38495.844,56812.26,7729.6157,16752.688,4574.0215,16585.887,1174497.4,6350.4673,188411.69,7153.2686,26079.307,30177.303,65.01042,5800.582,7550.5796,9513.162,12519.248,21251.697,12914.7,2554928.8,243685.28,894357.7,10663.068,22924.295,7341.5576,674388.5,19789.922,1757987.1,155750.56,33347.695,26999.03,6148.153,260143.17,27569.395
copd_95,copd,385048.03,174091.3,291664.12,19865.393,439624.3,7132.3667,72448.445,53794.766,16286.303,25104.764,31734.023,870406.5,19132.822,17045.432,828708.94,137884.23,112430.055,25747.797,16556.791,8211.06,54322.273,772028.44,433121.12,47102.17,5753.436,106522.65,34807.63,24000.137,3493379.8,3958.876,64691.723,419200.47,44240.906,21169.75,12198.382,128202.79,53753.996,29028.719,12615.159,2322.2966,12304.069,34738.652,278000.38,174898.22,17598.037,112310.14,13339.158,24474.473,12386.985,35525.867,706127.94,15588.325,40259.246,2701.4604,30496.656,11243.559,70160.91,8963.328,4328.0776,13971.941,9089.017,9474.218,29233.95,7952144.0,492831.4,141085.33,13845.616,14797.549,12757.327,176330.0,17228.154,1589713.8,197516.89,12590.759,20646.99,16667.266,174722.34,25803.082
copd_96,copd,552782.7,295306.6,297005.72,20299.635,379066.1,15434.692,185382.39,44241.625,99971.984,35720.64,45039.902,900197.06,49258.863,27001.502,1881532.1,298249.5,104695.27,26407.578,28159.486,12857.661,48350.938,1026069.06,484748.6,53034.637,6991.26,179429.08,52012.902,38555.29,5183340.0,14767.829,80781.586,546158.1,48129.46,23454.438,15806.542,331540.66,80887.586,43769.53,15237.078,14384.768,9607.033,38114.89,175678.56,217166.34,38937.336,121301.8,17592.248,36723.03,8234.7295,35981.55,1044099.6,25397.166,71971.96,3950.3203,39036.91,11995.157,80269.36,17071.56,3312.6873,23369.055,22162.324,15856.49,45306.36,8268661.0,68894.59,228005.75,13335.852,18361.217,16019.423,287439.56,20274.947,1956265.6,203289.28,15312.161,28167.975,21385.604,217707.58,40906.32
copd_97,copd,310672.2,122138.63,106426.89,6573.361,351038.1,7419.924,558898.8,20760.469,10434.49,21635.0,10908.498,990238.6,25977.38,21747.186,822579.9,153265.11,16997.38,21282.244,7606.433,3752.4531,64280.414,413808.4,131459.39,28675.412,4212.18,127769.97,50068.387,27228.135,1650958.0,11770.784,60157.95,381208.28,47631.234,15212.161,6715.6035,161302.06,46230.863,62332.1,10204.522,5144.15,3665.5571,3370.8718,93089.02,143481.19,13605.708,79215.41,18377.37,8506.928,3469.2217,35161.395,769876.4,9526.928,80139.09,14176.737,9666.178,17883.504,27473.695,4659.2485,5126.2515,11964.102,2649.4165,26969.795,14983.546,8303138.0,1228884.1,74148.78,6308.906,4837.051,11660.666,83056.44,7805.815,1965747.4,328971.25,8054.3135,49614.496,11747.792,150526.31,10552.749
copd_98,copd,227955.53,138626.56,243936.39,7037.712,276482.2,8780.365,64993.438,33470.11,8508.819,24067.938,36172.543,757686.1,22347.701,6004.5107,701939.6,99109.36,119298.58,9700.609,9416.903,8445.333,63206.438,377124.03,326634.12,29727.287,4689.081,56534.395,25489.3,25094.016,2801102.0,2045.9778,45771.625,291895.1,36008.844,13949.706,7559.969,133996.11,48076.246,10125.498,6644.1997,2949.96,8081.485,11988.82,210765.42,161321.6,11186.108,82171.5,9229.514,9484.335,5430.47,26523.129,507394.4,16323.032,57942.97,5532.3643,28919.486,7227.5703,69629.51,8550.464,2982.566,10230.864,11800.133,13722.775,21051.465,5872261.5,615904.44,32211.559,11361.175,17312.553,5446.224,44873.848,12291.026,215223.53,115620.73,13958.449,22700.4,17031.717,81101.31,18574.352
copd_99,copd,138735.4,216419.36,105140.734,7173.814,228042.3,16273.881,40935.004,28378.484,2828.4802,39807.434,35541.793,496791.03,57230.17,28034.883,931119.06,76092.88,171612.72,15912.513,12322.73,6733.492,100435.46,753212.9,424315.03,62424.254,4939.7617,50358.688,14639.822,65366.72,2860653.2,7880.2617,121149.66,457727.66,43634.785,58929.14,6687.0195,254869.33,106324.94,8527.969,13870.094,2719.528,6580.7383,5237.6143,263608.84,174287.14,22217.94,94272.43,4702.7695,8496.914,15638.314,17214.293,712511.0,3257.8462,120226.34,3744.797,48574.355,14906.051,81430.85,1926.3678,7452.0527,12052.68,7094.764,11741.229,16311.05,7752169.5,623586.0,458354.94,11382.596,74482.17,2189.579,189093.73,15767.65,444693.25,32413.129,52057.215,51786.703,20986.215,112884.09,19872.84
copd_100,copd,91502.57,64273.305,239167.81,6162.0317,239613.45,5034.6826,31327.887,23792.791,2225.7974,18203.506,22768.135,251350.7,2125.1475,4789.6143,623111.6,18981.857,38111.11,8495.885,7767.87,4374.448,52275.023,208561.38,145249.38,12938.951,4723.1167,20575.418,9562.35,17398.111,1324291.4,5500.682,13495.469,89888.27,23058.951,7928.921,2941.187,131099.56,32603.736,8178.4043,6036.082,1892.666,5167.8745,17249.99,117826.75,110264.38,4917.6934,25105.338,3776.5923,10184.706,5545.234,10688.239,268464.0,4507.6694,29088.246,2763.4006,14660.642,7893.381,7293.539,3241.6975,2437.791,6705.5225,4131.1074,2989.032,2111.3325,460038.78,210279.16,19653.727,4698.649,22132.625,1321.4705,34156.418,10066.154,117949.18,86747.34,21567.22,6535.301,3160.7888,75000.875,12574.701
copd_101,copd,423326.8,293923.66,203950.69,15235.77,445938.84,11671.948,284104.6,60158.062,30693.963,66702.53,42054.87,1006785.56,10737.999,36976.73,1691773.5,236257.0,88309.53,23056.73,12561.636,10318.374,78691.945,976179.5,150508.36,52790.45,11527.717,104785.98,32398.85,65700.9,3580881.2,6099.3804,60580.42,495497.88,48979.574,36693.203,11184.338,394720.16,101731.08,30958.643,13432.726,7330.649,8839.486,19427.89,280420.28,234225.58,26763.889,107868.5,11996.885,31566.377,8354.409,29111.615,1056598.6,14496.905,182767.81,1429.49,25397.092,17344.615,57627.082,8530.832,4325.1597,14026.27,18940.736,16540.928,19696.209,8000286.5,307687.34,335645.25,14833.624,20455.422,10912.712,362472.94,18566.79,1628953.0,184535.7,19037.953,42329.496,17439.262,232508.33,31332.43
copd_102,copd,49319.973,82480.53,275703.6,8340.826,452564.56,4993.9414,3976.0203,44919.832,10032.665,41773.816,20218.639,471546.94,1099.1696,12388.663,524140.28,86250.58,5528.6875,17439.246,14632.187,4643.9585,42081.27,240552.19,18164.865,29097.348,7699.5947,56384.223,22892.57,80424.75,2432713.5,7119.996,29036.86,228318.44,24339.256,13038.028,11529.718,110283.625,55188.426,23755.74,8209.274,1567.6396,11780.78,52396.16,183186.61,192086.2,11158.159,78616.63,11207.616,30763.625,5219.2114,32707.164,668523.56,9099.234,92004.93,3395.283,19711.58,11216.257,298.63834,9776.094,7294.7075,9269.106,5445.055,9248.045,21868.816,146312.23,58548.887,46861.113,10638.749,14692.893,9327.541,118204.914,16048.509,179687.48,173656.19,13915.794,6096.1406,9473.215,59721.676,23436.84
copd_103,copd,339755.94,334933.78,143587.0,13937.524,354971.84,13279.751,161001.14,26407.578,25598.49,61233.01,37120.68,796445.6,1219.6748,38923.824,1655779.8,161100.67,73164.03,19855.562,10759.446,9964.813,93787.56,549714.6,34919.047,61440.91,6704.3076,52651.93,13123.198,44320.258,4044658.0,10334.418,65951.445,451554.88,47085.688,51364.824,10297.728,358449.22,102688.97,20430.113,14682.162,7669.3315,7598.058,12704.278,142733.3,210415.97,22739.533,73957.25,7679.308,20301.57,9326.589,23367.451,780851.8,5156.4805,237576.73,6262.6323,33011.08,18249.361,17542.252,4644.7114,6680.3447,7956.6255,10248.482,10009.431,11625.586,7011113.0,128429.67,635489.9,9859.517,35654.746,3887.3472,400562.3,17642.604,1459352.9,232889.6,41075.477,36969.645,13631.191,211605.48,23934.875
copd_104,copd,252695.94,100911.195,157982.27,2814.5383,325383.34,6383.1816,41967.727,27485.436,3959.7522,27400.324,27653.107,618441.2,40973.242,5502.566,611016.44,48780.105,67457.28,8019.749,6862.0166,6322.2065,61390.246,278157.62,414457.3,22206.29,4540.4536,39206.336,18795.678,29674.826,3217291.5,2334.192,33956.15,237967.2,19423.854,12070.257,3647.8716,103094.23,41367.805,7772.45,3857.4924,3653.7048,7245.7856,3074.4783,135018.86,96664.29,17595.3,66551.74,5621.4854,4960.864,5337.7583,18364.613,433102.12,11110.595,52594.164,6148.587,17556.195,6983.1157,86906.83,7994.577,1882.7234,7077.7856,9286.14,9150.505,4872.0537,4215464.5,65235.375,24516.22,9360.641,6702.6196,6357.8975,40789.062,7555.01,104740.914,177452.34,7001.1694,5109.624,10338.1045,84040.78,13926.788
copd_105,copd,51341.758,84614.75,54422.15,895.21265,285915.1,14680.649,10697.621,12100.561,12856.46,63083.59,17297.766,613656.56,140582.06,49085.023,1027165.6,158009.55,49493.367,13581.218,3654.8484,4535.787,48740.39,708878.1,450568.06,52766.54,3850.265,24483.88,10143.719,21258.59,3270609.8,33220.785,178942.05,465382.12,9744.555,32022.418,1716.5518,314117.62,58695.082,66808.02,3276.3782,9061.976,953.34827,1003.2606,84054.17,47229.695,19856.207,52463.01,4873.5874,4522.3164,4503.453,6998.3384,970979.1,6784.0527,15886.916,15717.503,11992.16,13544.378,89313.7,5800.438,2298.5374,4247.2173,2845.7322,6604.426,640.20355,2825166.8,311.3439,676560.7,4276.867,3921.8896,5431.1436,309074.3,5822.4614,1206168.5,27958.973,4709.6694,3227.2385,876.0158,171204.05,13078.616
copd_106,copd,290337.3,179493.77,241197.23,12874.583,458882.88,9002.319,6512.253,34403.18,13799.646,31099.266,34163.16,817686.8,46879.17,9441.005,841966.4,124283.85,149574.4,15838.005,14919.178,9619.017,65747.91,568358.94,621493.8,27445.49,6083.762,59963.2,23647.51,23939.898,3862952.5,3204.2275,32312.018,325913.16,37067.227,11164.3125,6574.5146,160351.12,52272.23,30884.77,10256.628,1515.517,6042.7935,43326.395,236993.11,151234.69,17929.904,82395.15,8919.944,25316.588,5718.9604,28894.068,564141.44,15030.563,54985.48,11285.985,25530.32,10046.311,88346.766,10036.273,4307.612,7110.6777,8240.567,4615.276,9066.869,7210094.5,361637.0,48598.266,13026.17,17016.893,7494.7573,57788.336,15487.29,805871.56,167106.39,10385.829,8431.997,10888.437,191999.58,25663.463
copd_107,copd,111515.44,110846.06,159628.97,2983.3884,391208.28,7146.585,53363.707,15607.501,2856.8142,29906.635,17290.508,322433.34,30796.736,8766.649,850327.9,85234.74,85127.75,10171.446,5869.9043,10529.163,50212.035,587518.5,516530.72,28959.645,3385.354,25213.193,11167.283,22790.99,2820748.8,7769.278,20359.838,268891.94,14220.314,12456.018,2436.4182,203588.06,38269.73,10205.788,4822.424,5196.6436,1383.9409,929.95435,79115.59,82462.836,12517.338,29067.809,4750.4297,5969.6357,8372.43,11444.35,347245.3,7866.887,29908.861,9259.846,11787.692,9495.35,80681.65,5487.9893,2075.9795,4419.4478,2593.7134,5013.8115,1278.942,2358379.5,2046.7072,83479.38,5586.639,7495.5796,2036.5726,108862.79,6604.917,843485.3,202697.86,7488.912,3614.2485,2605.3037,130394.195,17124.133
copd_108,copd,163640.14,254616.9,296849.4,9017.384,921324.94,12817.478,4326.4595,24503.387,24352.328,55918.598,30481.332,827973.44,45691.94,34351.215,1327988.1,129537.85,134066.53,12207.367,13180.422,13832.761,84616.2,655156.25,576187.8,48622.836,4625.567,58750.36,18196.008,33860.492,5392741.0,15155.033,82910.11,432530.88,26601.38,30634.889,4102.3623,360925.5,74899.586,27279.34,5774.713,13589.718,3219.3389,13792.409,110701.12,135666.42,45138.203,57631.863,10328.851,21637.992,7147.996,19638.4,985838.2,20734.902,95648.05,17453.639,16243.52,10825.364,93600.09,10573.826,2710.7444,5550.118,6226.1455,1964.7931,2582.1006,5587822.5,3886.346,260821.11,12590.723,8536.245,8701.39,175563.84,10695.01,1269932.1,230497.7,6604.476,5345.08,3876.0388,167829.25,25430.371
copd_109,copd,243342.73,199430.12,376457.44,11239.227,309086.7,9642.091,83235.88,18269.3,10679.211,39091.824,33279.957,489905.9,22575.996,6788.7847,975953.3,82571.67,182105.1,11111.252,8653.3125,9027.917,90851.2,298377.8,282022.2,24548.625,4485.691,31648.64,11581.385,48267.406,4350319.0,8206.4795,42397.496,362742.66,39745.105,26666.076,6467.683,262669.28,68195.72,6296.8643,12888.023,2131.8044,6158.8584,2024.1925,131582.94,159651.05,11051.189,55254.676,5067.547,5532.317,14824.444,15656.356,307333.7,4412.3203,139342.58,5782.739,27037.682,9291.172,53818.168,2835.8037,4258.1904,9817.318,5676.223,12148.168,12123.907,5620933.0,896682.4,147299.84,10975.486,53788.97,961.2526,108182.61,15040.674,598594.56,361763.6,47550.04,31622.904,12103.33,88852.48,14102.526
copd_110,copd,231784.16,197298.12,310291.1,3522.9385,564724.4,26124.863,2418.2607,14091.743,103513.92,71876.2,36120.695,800549.4,171426.08,19438.215,1578389.8,166440.3,200624.28,5414.0283,5687.5557,7331.768,90507.8,368559.4,826874.25,43626.42,3644.2092,35332.156,12665.637,41059.887,5678925.5,34131.05,99912.6,457066.8,20779.643,35925.42,1548.3749,674483.06,67600.7,4658.7773,3533.2305,21981.377,4862.4756,4988.928,68266.65,95979.47,42611.16,80525.76,7726.019,5339.9736,4129.5117,12276.64,852658.5,19825.854,172368.05,6072.457,13531.221,8520.497,100382.125,6408.743,3243.272,4927.056,2921.8438,1489.1279,2031.2717,6697060.0,942.4367,261842.19,15560.0,4240.9585,8730.378,137111.11,6495.4043,664091.4,190876.05,5149.6533,2804.7415,5963.2563,108529.2,18453.805
copd_111,copd,283213.22,60207.824,24541.088,1124.569,390640.5,14991.708,725839.6,24373.543,41601.984,20807.287,5441.2754,296632.34,33978.824,62656.15,1160849.5,273969.0,194428.89,9021.065,2873.1492,4369.7817,109936.984,935230.56,150673.23,59905.527,3903.34,63962.426,25827.729,66761.46,580180.5,5757.6904,118712.266,321645.56,51154.81,29573.541,1338.5902,457220.72,57557.547,21746.273,13342.4795,1068.4398,13618.561,239.7889,116056.766,189247.08,25482.934,93289.17,9329.169,2220.2668,1903.0841,8835.238,837536.06,1610.3239,114745.13,824.4259,14147.67,25810.072,5831.8823,1332.6985,2441.499,8092.2295,2557.2783,41104.438,1423.7881,8311630.5,32459.84,845169.0,2294.9602,6880.6562,5734.091,432621.22,5265.5054,2045219.9,668.4075,27359.041,127209.1,10817.851,265622.66,16405.656
copd_112,copd,151694.9,66525.85,102551.95,3137.9612,163267.44,4512.5093,52374.926,11794.8,3680.1287,16697.465,17868.893,380461.2,18352.184,4210.782,493675.3,26826.139,49612.555,6203.874,3094.446,5493.651,28627.893,247763.9,173505.2,14888.305,3630.1917,22334.555,10919.9795,15412.039,1364603.5,4047.1567,16140.777,142260.92,17501.928,8969.066,1514.1184,41512.93,31963.623,5573.5825,3619.0857,4133.492,3125.1301,775.0391,104830.26,74463.914,2766.9316,28522.834,3887.8848,2363.7935,3605.1099,12850.195,292684.78,6334.8706,20854.293,4693.9766,12502.543,6619.4355,62394.254,4333.903,1719.5157,4691.094,4258.3003,7304.483,1943.4323,1529241.4,16483.967,12534.254,5759.8,6579.596,1635.4052,49630.062,6690.7964,43454.26,146933.1,6682.282,4257.7437,4145.6465,60004.848,9881.489
copd_113,copd,68494.305,122235.586,253952.69,3213.1045,530395.56,5515.866,6978.5947,21295.46,4118.984,27589.988,20783.488,374252.75,29097.209,13505.473,505283.25,123949.94,84668.67,8809.111,10240.969,7246.795,72558.31,524953.7,636220.0,36260.273,3680.7046,50124.527,17536.6,25760.25,3348907.8,4904.488,65618.555,314513.0,19771.02,16935.762,2677.175,156563.55,45176.793,9088.341,4647.4106,3175.9165,3168.4236,2661.7737,113398.89,75799.05,12540.221,56274.633,7227.0327,8109.2817,7128.8843,11091.42,537281.7,7364.028,40611.48,7873.3726,15173.893,8342.33,87467.0,5640.5366,2217.7644,6140.9673,4696.9194,4334.3535,3261.1392,3415411.8,4650.2397,133227.36,7594.4062,7307.4585,5745.78,164037.8,6865.0674,691063.0,128846.29,6656.6265,3871.7114,5211.7495,127892.61,16502.34
copd_114,copd,479676.22,106330.82,222774.33,8081.177,309845.47,12769.805,866164.4,23936.383,35192.324,40739.418,33117.062,1099353.2,1298.4208,41980.695,2043515.9,259994.86,26730.904,25042.828,47902.195,2971.6187,55386.363,204824.11,180228.78,37659.19,7658.754,155160.06,50024.715,82722.61,3222475.0,78872.266,102575.82,462935.12,40842.586,19565.658,17473.025,420408.34,49709.266,54987.05,9650.969,8391.585,9885.467,35693.5,94142.25,169160.39,55584.797,76711.72,15476.645,5907.65,2754.721,23430.918,967535.94,9704.199,90672.29,17704.363,12969.122,11262.157,128.2059,17504.398,3612.925,19053.447,3247.9875,20809.729,45882.9,8086490.0,114651.06,307107.5,12303.799,9333.859,17086.693,165119.84,11509.228,1928719.2,371070.88,11063.433,24163.178,11517.661,130329.42,17593.188
copd_115,copd,75342.336,147437.58,184966.67,2246.7505,505659.72,7767.922,4775.8047,15615.229,9600.823,50950.27,20478.865,457777.0,19669.553,19378.04,1139554.5,105182.96,63180.285,8757.415,4579.5137,6088.1914,60687.92,462660.16,500648.25,46609.465,4261.762,23506.975,9592.118,29201.486,2942506.0,10202.372,53251.605,303499.2,19322.176,23252.826,2177.8157,304182.44,59751.242,11023.03,3704.7993,8244.482,2513.3057,3019.472,89428.766,78010.26,12051.68,33119.81,4435.602,5722.6494,5273.7285,10188.447,510792.97,6294.246,49058.348,7620.63,14171.451,8552.055,66688.6,4835.8975,3098.363,3751.3293,2835.782,3221.4587,1586.7706,1951424.6,6074.954,216850.12,6254.3706,5236.0205,4003.0632,108061.555,7112.0615,185781.48,89162.81,5838.0044,5367.616,2270.0688,120463.69,15050.087
copd_116,copd,463974.66,198559.61,388258.66,12652.573,730520.2,12334.83,27912.748,46701.215,4744.185,34355.41,45908.156,983501.9,117445.76,17670.508,1229845.5,114810.914,199025.42,22042.066,34717.09,9798.423,78891.07,888212.25,928576.7,49097.945,4834.9614,95370.33,38507.336,29029.854,4780940.0,6097.8154,90597.87,506575.84,43582.508,24683.098,15857.352,58735.625,75200.984,63404.645,10183.356,9386.684,11643.207,23383.658,233054.45,174243.61,62568.07,118307.99,12185.963,25302.49,8877.397,40296.277,964150.9,25459.346,54848.418,18717.361,29463.607,9086.183,98608.73,16090.778,3135.325,11810.649,22205.547,27123.531,27835.92,8007652.5,493576.94,147410.72,15646.863,13966.666,14727.068,83071.88,17333.438,1634695.5,438480.4,13799.409,9556.696,18217.54,116465.23,23690.469
copd_117,copd,91428.69,29023.846,136243.78,6967.2285,126053.5,11172.94,84322.25,24465.488,2100.263,31830.654,11337.469,170368.83,15149.657,23373.469,390237.6,62844.117,103216.71,19453.57,8082.279,5107.3145,36146.402,514744.2,271885.94,44035.656,5910.964,31902.469,13805.808,25235.373,803488.75,7914.21,120657.195,362549.7,32824.785,43069.363,6686.6177,88122.43,78599.54,13669.845,14644.863,1304.2128,5993.6675,2023.9279,150376.52,159497.64,3197.092,74417.7,5902.4565,5199.485,10466.905,11154.903,510275.4,2296.237,31569.9,3474.1528,16292.175,14350.757,25677.662,3543.9988,5372.2417,11115.279,4751.7075,11610.527,5171.0107,2367842.5,660166.9,253700.69,3815.545,53366.504,1396.8712,267491.6,14646.596,832015.9,60354.94,47864.02,8762.512,6496.5566,164903.0,15289.775
copd_118,copd,131245.19,227573.89,179444.31,8915.691,398527.22,7141.495,11022.315,21334.37,5813.754,43583.836,23442.139,474215.34,27715.047,37369.895,1133467.6,109101.21,56892.992,21589.838,13006.221,12561.349,79197.805,898410.56,590434.8,60080.434,5192.3823,47247.535,13589.795,24781.078,3533965.2,5943.262,60611.11,443551.34,32577.008,29672.309,8229.257,138276.53,85931.03,41315.566,12311.288,11364.74,1426.3285,11260.579,117753.73,167431.98,15438.506,54781.71,5168.0176,27397.736,18902.965,18022.896,563383.3,7792.4326,46015.195,19999.736,16051.065,18492.09,83987.984,7516.907,3990.7139,5802.6074,4036.785,4965.044,2449.0005,5323564.0,41885.516,269550.22,5609.5625,16705.906,2884.8152,229229.33,13552.299,1535973.6,136081.6,15235.959,5172.752,3757.3533,240451.73,22970.736
copd_119,copd,69153.3,82159.59,120185.19,3756.5217,284078.84,3591.1436,38576.77,17001.19,2669.4653,42653.566,14467.789,228798.84,7659.74,67428.336,390289.72,106073.16,37483.83,14914.754,8452.973,5326.6553,36351.336,355197.06,403776.75,63861.918,5136.5986,33324.266,13416.171,11138.425,1283601.0,9412.539,200039.47,409737.34,27802.543,77368.7,6269.111,41115.61,92662.45,62989.984,8571.261,3239.6355,4940.4355,7868.508,84828.625,78831.43,7713.266,54558.04,5154.7837,9077.771,5178.0493,10240.207,933531.25,2830.6628,15757.684,14990.879,16716.441,19706.055,45861.113,4619.98,6824.733,6082.695,4234.6685,4310.5093,777.03064,709068.1,2008379.6,782770.94,3458.3506,9731.857,2974.6282,560208.4,13181.038,903166.3,89377.016,9567.786,4593.8467,874.39264,196010.27,12120.971
copd_120,copd,439875.94,120307.43,242172.9,14214.267,515103.16,6488.6177,857245.6,31712.846,24650.68,33366.402,34745.145,1083847.4,6308.1294,20254.209,1559580.0,70094.09,37567.79,18633.951,43752.254,4654.1094,50889.71,290405.16,56743.273,32537.666,7303.814,144374.77,53179.438,67389.89,4333548.5,46127.9,91310.36,499363.16,45846.68,23214.824,18445.518,229096.89,71514.23,25033.252,10849.914,19300.186,10973.927,19402.3,86149.95,187175.58,29534.277,102851.766,17003.672,13838.989,5507.4707,36047.773,770285.44,16192.754,116333.13,7855.048,12635.22,11661.667,8767.243,10616.45,5915.3184,23074.13,4088.0334,27985.49,49711.35,7900319.5,1295579.8,61132.94,12549.47,11078.701,14207.883,52169.637,15550.164,1684689.5,144397.75,12686.939,13938.109,20870.27,114770.086,15544.559
copd_121,copd,169129.6,196357.52,190238.34,12045.716,397313.6,6174.811,9738.868,42491.77,6391.9976,26898.23,32015.242,739770.94,36869.895,10148.384,876484.8,101064.516,87164.73,14408.947,17917.426,11233.439,65735.12,829243.4,541558.1,43295.62,4934.539,75944.625,28214.838,26032.143,3674395.5,2297.372,63495.9,387060.8,32710.379,19008.941,7997.124,99154.266,54090.676,19507.283,6202.377,3470.8137,3683.0647,19543.148,198119.64,158742.23,12419.02,80967.39,10851.87,26587.887,9534.782,26917.041,702568.5,19473.488,53334.4,8923.288,24281.85,7963.4585,89172.51,8990.015,2428.698,9756.914,13901.216,11665.86,17322.299,5623131.5,75962.16,99715.46,10104.535,11096.149,11013.562,104141.695,15854.766,967191.8,200497.28,9053.526,9301.422,13957.903,113609.43,20252.799
copd_122,copd,273353.34,99304.26,354175.84,3164.8772,630195.8,16091.715,277491.0,15203.502,25578.014,74962.05,33884.492,760225.94,2833.7214,18465.777,1195959.4,108408.484,108027.86,6518.374,13150.174,6828.991,66084.04,211054.06,106125.47,50079.04,4204.8696,22599.887,10633.596,37992.84,4296181.0,20265.918,107651.555,321554.16,22563.533,34306.523,3161.7478,380286.7,63143.24,10168.788,3729.2046,46199.22,13692.014,1082.7784,70883.7,131437.95,32760.049,41742.516,6362.1016,2492.6094,4097.868,10470.21,684742.1,11689.84,73358.4,5988.4614,20226.16,6781.73,12249.996,9126.457,3074.487,4740.331,3326.085,4673.1533,3016.2388,820562.3,5749.601,199458.08,12868.458,5708.872,5169.2056,67546.57,8631.041,92706.21,368832.62,5641.6885,5332.2627,2341.7974,87573.51,12274.438
copd_123,copd,191940.25,21780.188,48948.66,1823.2427,405027.1,6630.279,361913.7,39356.938,11842.537,22931.533,3462.6816,343283.56,754.2411,45889.902,466667.88,120994.93,67627.78,12159.006,5299.198,3234.574,83222.31,568965.8,1160.1754,29101.455,3691.7566,69829.61,24333.686,65658.305,1384511.5,5585.291,18856.582,155667.56,38134.78,11472.207,2456.4734,256979.3,32504.945,27496.58,7113.6694,1044.4202,6781.588,6084.766,68656.89,128014.4,13672.531,48642.875,12210.639,6272.066,2184.2385,14402.353,518630.5,2521.1973,177682.81,7479.468,8837.885,17779.781,63.579144,3558.0706,2969.6887,5561.321,2206.8147,22824.488,1503.452,8129327.0,23704.57,212997.23,3560.7256,6264.873,7894.4653,130034.81,5821.395,1774457.1,62935.285,10813.992,34077.676,6589.903,180070.72,11987.654
copd_124,copd,476421.1,325901.97,420554.72,27205.916,846507.25,17675.277,214153.94,41014.06,30996.074,75014.11,50026.15,1211775.4,2952.294,38505.902,2027974.8,196426.25,70753.555,26666.459,38945.617,17547.893,85274.17,963830.94,254064.11,65938.3,12074.552,82141.1,27416.688,63203.125,6579952.5,23014.812,135511.62,582189.1,47289.863,38993.043,19225.707,470927.62,102343.164,302305.28,18283.629,56928.707,10985.31,25840.17,198572.48,261783.25,82645.96,108892.375,19163.43,35759.94,7760.8496,56505.395,1239980.8,41485.977,153844.12,18072.607,34422.312,23373.111,22781.492,20341.807,4587.843,9523.767,11809.872,26685.666,31552.893,7376024.5,182854.11,321722.88,21427.232,16205.547,16261.112,274156.94,21682.012,1955674.2,567982.94,17062.723,9701.951,8562.208,289419.5,34415.484
copd_125,copd,441327.72,158465.44,78136.234,2735.6863,246580.34,36875.66,660163.75,51247.586,5334.3994,51549.195,39373.68,1060016.0,25226.951,8827.792,1352209.8,107548.94,233577.56,13062.312,16770.863,3948.7153,57143.676,330103.56,241283.52,23855.82,5295.03,49289.926,15344.543,23940.355,3438632.8,7752.179,93365.18,414899.84,35637.613,15690.215,8831.599,256832.53,49237.305,18475.8,4401.5044,14827.966,17815.766,12480.3,142287.78,129038.37,67012.22,87736.85,6509.725,4279.961,4872.2305,13838.83,675995.06,11536.714,37758.59,6140.897,27752.447,6635.0107,48463.67,14297.013,3021.2727,10471.519,7828.2944,19588.979,18879.201,7065933.5,254776.25,67781.07,16229.923,6595.7446,9093.864,18663.902,8239.192,235919.95,44310.453,8327.091,7823.689,17776.236,45806.387,17483.344
copd_126,copd,451628.1,5171.701,13683.254,484.37845,85929.72,8767.695,1890202.8,9688.395,15034.736,11250.413,1523.3724,73647.28,157193.7,44320.258,724981.06,257468.19,53400.973,11453.009,5850.0503,2138.163,51290.81,453155.8,7897.4473,13783.678,3002.1777,189617.8,45481.086,8830.681,35871.6,16641.408,18247.379,80785.36,46296.914,5325.5986,2642.5981,224748.02,16874.654,68919.83,6613.1753,131922.83,540.0323,496.81732,42862.27,33511.727,5359.0015,54569.332,23103.152,2103.0984,1650.7904,6178.705,384420.97,1599.3267,19228.66,3544.7427,4301.4854,24406.852,73.43484,2453.053,1714.6077,24375.402,1500.5516,27097.805,1066.5048,8313224.0,236342.64,21421.408,1328.8057,3498.374,10860.257,33800.06,4862.559,2061268.6,2869.0352,5618.312,86508.01,1580.9636,52132.832,8448.87
copd_127,copd,84447.875,146251.97,241504.28,4826.5474,259338.38,9833.343,31982.283,22279.836,2819.4846,26069.434,30126.203,451042.28,9698.37,6466.6963,736321.3,89429.62,124635.91,7750.3086,9360.578,6637.068,75971.43,301628.8,405712.12,29033.48,4064.2412,41910.293,15026.307,23591.713,2385408.2,3659.3276,49771.69,249322.14,26870.258,18958.176,3831.385,198826.4,52864.96,5310.391,5722.9224,2857.6836,4216.429,2768.792,216927.06,109342.14,11342.022,50433.664,5317.974,4706.634,8529.612,18044.379,423248.88,6294.8403,67189.16,4082.6086,42918.266,7044.219,54799.426,3734.0422,3652.621,6982.3765,6957.8716,16170.87,13989.583,3956061.0,84694.6,43636.28,10215.205,18246.455,2515.0183,50941.523,9181.978,57326.367,35363.305,18794.03,29031.736,14554.772,40138.637,18246.143
copd_128,copd,110002.64,145952.83,174723.5,9316.631,299888.94,6569.907,56706.92,24495.467,2568.4058,29252.3,24662.625,479614.03,21478.873,28804.84,788096.7,147698.48,54619.316,16023.824,7279.0903,6256.853,63303.203,606674.4,389360.66,56968.79,5780.902,56119.047,18349.488,28888.75,1913182.5,4243.8765,127318.945,391268.34,33550.26,50525.277,7302.031,149998.39,81343.92,9427.534,10752.798,4936.0503,2954.81,2819.1914,170756.61,144346.67,9616.026,68048.375,5394.8257,7061.3867,11682.93,11740.96,499307.44,3357.0728,43910.348,4972.718,32303.174,13502.717,62533.53,2790.7341,4895.3926,12039.18,9543.726,11242.722,7503.2114,4072980.5,575099.75,353007.4,7938.107,27045.832,2512.7805,304053.38,12841.08,649722.5,62070.383,27049.984,17575.494,13410.261,128647.625,18037.547
copd_129,copd,178457.88,353350.97,128956.31,9061.69,498707.34,10658.94,8398.486,32380.13,9419.2295,64142.57,40397.668,878181.6,45223.69,53086.656,1551052.8,193855.11,98025.62,18195.87,7341.9707,9693.552,89177.016,1012259.8,606861.3,73787.74,7137.811,47649.684,14912.848,31727.094,3355387.8,3747.213,114196.234,515531.7,43910.43,53841.68,5831.7266,326566.84,105512.195,50566.348,8572.16,15946.712,5997.3213,22508.898,215711.97,198141.19,22012.383,85708.49,7652.8535,40481.555,7767.707,14418.351,1110876.8,13538.889,163335.8,7148.371,28234.002,16267.9375,95767.71,4815.2993,5619.3574,6587.383,10246.635,3371.5376,1915.57,7419816.0,123902.07,569158.44,11067.56,22371.137,6832.203,447991.72,15836.192,1046536.0,88447.0,15060.454,19993.006,6876.4966,229408.88,28545.068
copd_130,copd,80423.52,88400.79,123244.36,11420.405,282296.66,9942.029,233140.03,25873.29,6506.367,90117.195,30542.615,377179.4,3500.6506,73207.79,842097.25,250664.64,13223.182,22820.092,21615.674,8968.98,51839.082,277704.38,160668.9,90322.15,14096.69,62753.445,14678.004,24677.896,2395187.5,6767.082,261098.34,549497.1,41453.31,114308.79,17636.514,187258.95,133998.02,60962.414,22427.898,35627.62,8514.656,5096.4185,104984.73,209288.64,37120.93,63027.242,5387.755,11499.78,14926.978,12523.93,1198650.8,4511.984,68949.48,11725.65,39948.57,35693.74,4753.1763,4823.05,13282.285,10642.342,8821.235,19928.09,4305.566,667404.3,3278385.5,1060963.6,5554.8584,45114.45,1614.6917,648486.25,19941.19,1192510.8,44478.664,39990.54,25465.854,3489.3284,211527.6,22392.568
copd_131,copd,113118.81,89171.914,168014.05,5377.1787,337121.25,6826.2627,1862.289,33624.51,3719.7646,27069.287,23571.764,532257.25,34726.69,7551.0405,649209.6,86155.79,73696.04,10967.513,9361.382,6111.989,61613.188,415391.97,587147.1,29742.572,4591.713,52761.355,22164.268,33760.305,2717993.5,4947.0986,31468.357,212135.27,18990.06,13552.453,2596.672,145817.73,47840.242,6983.982,4001.0742,1751.4391,3496.9758,16173.152,199757.14,85844.2,13368.413,58886.836,6658.2964,8780.089,5630.587,17013.86,576395.0,7259.4272,71766.55,9263.848,20367.762,7546.7925,87091.94,6421.3784,2110.5117,6216.4375,9051.135,4294.7,6306.878,4022431.8,3125.7742,43385.895,8734.825,7512.5923,7778.7764,51244.41,8161.5415,222416.2,100244.84,6779.654,5210.109,10902.787,86434.28,19370.26
copd_132,copd,221902.42,257795.95,114188.94,19580.088,359166.44,11503.642,61779.703,31514.61,12826.221,51351.895,39504.008,758388.1,91103.69,32242.201,1105649.1,211080.83,74168.66,22273.357,13504.224,14912.08,63538.848,1016314.7,664510.2,72847.79,7869.2207,114305.84,28287.719,25526.035,3484834.8,2041.6233,123169.86,538701.9,44186.934,38607.316,13351.429,135329.28,110666.39,24229.477,18887.287,9400.445,4265.2886,11431.336,275017.16,214824.06,20395.229,110254.81,8551.745,31059.191,16955.43,23176.93,807799.06,19870.527,40470.746,5287.893,50555.355,19541.32,96857.61,5867.161,10238.957,14051.9375,14745.001,21751.998,20767.123,7997464.0,469553.12,304560.66,13425.835,36785.88,5139.525,279783.44,19537.688,1488229.8,135185.97,33148.883,25542.498,20909.719,179445.5,35819.5
copd_133,copd,91300.69,94610.27,272002.4,6336.986,245898.39,4683.985,24106.854,32285.127,5233.4043,22741.81,23323.5,506639.12,4556.924,5873.8306,445221.97,52043.863,44818.035,9307.084,9433.272,6346.7856,54292.44,255283.84,205414.48,18676.635,4385.0474,37442.668,18188.53,22209.445,1677409.5,3509.595,27761.05,164826.73,21716.697,10246.264,4372.262,119279.69,38700.438,9494.354,4848.9927,2485.0798,7117.2866,23985.88,184917.11,96714.266,9031.577,42945.043,6773.8364,10542.096,6226.045,19550.232,464619.38,10224.816,59701.86,4870.4414,15483.243,7401.405,43383.824,6422.6587,2324.622,7585.249,11393.099,4023.4182,12332.3125,1041207.06,255677.33,18350.293,9517.592,8816.803,5764.6694,35916.31,11153.871,45856.082,92818.3,8259.886,6372.165,11065.649,57245.074,14967.649
copd_134,copd,172199.31,169555.45,163493.05,11467.82,473765.12,15079.67,16177.3955,25732.232,23696.207,73501.19,30701.166,786174.94,76062.195,55477.766,1598682.2,240850.61,115999.0,20870.389,13776.673,11842.266,77950.61,988026.56,613638.4,66629.54,7366.9434,61206.562,15514.078,47731.277,4768286.0,12997.131,136821.52,561044.56,37517.016,40106.88,8323.462,468775.03,105930.31,65493.766,16513.44,20636.242,2465.7883,8969.434,149325.56,206225.73,26696.969,81869.65,6263.278,25983.973,14626.954,13974.754,907744.6,8596.535,113199.21,13381.322,29211.541,21320.682,93130.41,4065.0361,3617.3357,8287.68,7553.468,8962.747,5980.4526,7691057.0,9889.466,623925.7,9675.734,35501.684,3062.1753,284593.25,16383.734,1682441.6,97691.88,27630.355,14035.048,9429.198,219731.7,37414.72
copd_135,copd,132020.48,229153.7,213622.17,12287.6045,287850.75,9927.75,82186.234,32688.703,6058.8203,37078.082,36421.016,496215.25,13466.835,16666.98,1008615.4,147912.33,118725.06,17692.11,17941.314,9954.649,84731.195,655166.25,583513.7,51404.96,5414.922,62729.27,17067.734,24901.383,3026614.2,4082.013,100110.42,453269.03,41554.125,36489.96,11131.013,200437.83,91844.85,7183.1396,15423.95,2784.167,5102.5767,8344.956,196596.61,186075.66,16975.525,93588.85,5387.1895,20493.85,15107.972,17250.746,522576.06,7846.2646,73932.43,5591.037,41699.504,12451.041,71902.875,4398.159,7173.924,11652.461,6881.398,20609.06,28329.54,5770920.0,1309613.2,320834.62,11704.712,42245.008,3711.644,217680.58,17464.662,1136492.9,126623.766,31737.475,25217.379,21911.969,131086.06,25604.373
copd_136,copd,143279.23,231764.05,328488.78,14777.424,327499.06,8258.555,24559.795,42134.56,9496.6455,45265.07,39855.64,780196.0,5473.2783,17769.795,1323691.6,109049.305,46101.156,19121.932,21283.867,9070.337,90198.27,663533.7,273770.5,36251.836,6056.2954,53951.266,19833.457,39844.39,4165161.0,12621.911,65883.68,396031.2,41396.734,26652.12,10203.54,220694.39,68895.18,23044.354,10890.804,2426.7292,9700.544,31821.793,204408.08,202729.17,17321.043,92007.83,8194.981,30221.31,9968.834,28526.209,706018.2,12040.65,87369.375,8533.982,33355.043,10467.974,24289.053,7775.8906,4938.0845,9701.174,9279.96,9452.997,28276.85,4852590.0,633107.75,176522.66,11896.684,26884.484,8406.693,183904.98,17334.064,1095461.0,267626.84,19674.787,17475.357,14827.272,135990.12,26714.287
copd_137,copd,23784.102,20906.088,74510.516,883.7398,428186.16,5894.316,82708.016,74148.5,1954.9558,26355.396,5921.3022,340095.7,43.545395,48726.496,206323.12,175910.42,7753.606,10690.94,5778.1787,2468.7449,84608.945,231825.94,511.27573,29760.816,3132.8613,51513.023,23164.443,76027.09,787219.3,11899.634,51494.9,148660.84,13057.628,17019.441,4310.978,272331.53,29545.49,7477.499,5124.5503,1269.0966,15803.678,6538.0566,65922.08,158612.55,40485.223,35357.81,13704.269,6081.8765,2512.614,11280.734,627254.2,2343.4702,74166.11,4569.216,10905.21,12553.133,23.289194,6476.6777,2980.4043,6659.433,2389.3665,25344.32,4113.644,783943.1,14874.893,391849.4,3101.0952,9234.031,10709.586,373943.78,5504.251,728266.44,5250.69,12540.316,59237.133,6581.9688,53667.785,12726.059
copd_138,copd,68954.34,86575.6,128592.055,6023.1475,379433.56,7379.4473,27200.285,31363.133,9723.962,74880.516,38946.695,418045.5,486.5171,74086.3,1327624.6,271896.84,19003.541,16197.944,20331.1,5155.787,63319.203,356731.8,80688.49,87711.5,7033.1353,44769.035,11578.822,30324.322,2565339.5,9257.991,264891.06,519419.5,44463.14,111165.56,11985.06,308273.9,124524.81,39727.297,14511.499,7923.621,23613.254,14127.404,143594.81,176732.36,49372.445,67079.03,4859.573,9350.86,6156.4507,12026.729,1352351.6,2930.0295,108182.61,6740.3936,52497.395,27179.438,1164.3088,2707.9153,9829.312,8463.363,14055.274,17144.004,3348.6223,943299.5,1389971.4,1301433.4,5920.7993,28113.627,5745.7964,664230.75,17391.21,762532.8,15320.97,25063.854,52052.402,4564.6025,234577.88,20763.398
copd_139,copd,148157.69,108744.18,229008.42,6261.9634,251554.3,4232.645,28431.527,18107.2,4285.01,29567.336,25360.955,491462.3,20861.096,17303.59,488745.8,118064.086,52157.55,9792.808,7857.521,5118.4927,58836.875,237254.53,285354.75,29135.752,4431.766,42784.387,16148.8,30061.426,2121255.5,8206.119,107737.0,308815.62,27828.488,28863.469,4580.894,110773.67,61796.496,9991.746,7204.177,3329.5994,5394.6973,3586.7817,165793.31,110343.27,6613.0933,53834.08,5104.3774,4160.225,5964.519,12293.301,492275.72,3265.3699,45690.766,4733.991,29197.143,10284.752,60140.11,3304.298,3347.2554,11706.855,9228.458,7085.405,5375.43,5064393.5,409765.88,219238.34,7550.414,25053.004,1952.7047,172175.0,10413.572,200210.86,80689.96,20052.566,18438.975,6097.1353,100231.08,13106.4
copd_140,copd,258532.84,88308.52,337887.62,2453.5093,710365.6,21117.562,42241.785,7493.4707,669608.94,90138.086,27562.48,986759.06,98188.51,19265.39,1521181.8,131186.12,93362.33,4567.015,5883.885,5754.764,55396.137,118641.305,275080.9,33910.97,3453.7085,23405.791,8910.029,39927.47,6012590.5,29325.346,139114.33,452747.6,11567.983,52235.652,1817.2201,710111.6,76149.08,16772.832,3387.4216,38554.15,6535.1763,2158.4636,60010.855,74348.32,73316.93,56147.207,5852.6064,1937.6284,2697.38,9984.393,643885.4,16433.422,138496.53,7565.4585,9934.466,8755.854,48183.38,6004.8657,4713.175,3956.9617,2098.0117,1703.8318,938.75323,3031458.8,963.1026,403398.78,15576.006,3169.388,7102.476,188241.78,5928.5923,239787.42,249017.73,4758.289,2520.993,1563.6086,114406.945,14875.432
copd_141,copd,277719.47,117950.64,242353.11,3349.386,414326.1,16186.655,10498.318,23405.947,13037.083,46883.11,35800.17,1037239.75,204786.42,12936.606,1043148.1,99982.375,167761.39,7515.954,6809.5693,4824.1353,98511.73,155814.75,884862.5,32563.152,4563.0483,62394.016,21184.13,46117.69,5373213.0,8665.858,112281.23,412629.34,20200.984,17339.604,3739.2678,362144.34,51787.74,5620.992,4218.1147,6658.843,10885.342,5837.219,109006.05,112944.94,37001.883,102615.55,12362.047,5769.934,4015.8298,15554.495,744014.6,20155.893,99840.21,12390.471,20372.385,9327.79,102008.836,10856.436,2462.3113,9787.242,7292.544,7798.6265,2717.3806,7575516.0,6868.7153,30807.312,16526.31,6194.224,10194.823,65872.87,6242.7666,635735.4,194900.98,6833.0767,2920.9812,5723.5063,95339.05,17750.367
copd_142,copd,162960.05,123020.77,144322.03,7082.6685,210272.94,5308.781,162914.83,34441.62,6203.259,35823.156,15394.66,484068.12,7486.9478,37946.89,545226.6,85446.43,171049.66,22920.95,14464.009,4256.448,67079.1,712172.0,261327.28,52636.414,5961.3794,75729.9,23217.215,54041.332,1289456.0,5433.128,95082.35,373528.2,41634.094,39898.082,7083.6143,107596.125,76971.8,15241.234,13119.395,1403.9044,6564.126,9574.213,227007.06,143564.0,11079.166,98332.164,6153.3857,9837.696,8043.366,12142.075,893421.7,2726.3054,89644.89,1081.908,19090.19,15789.456,43322.676,2956.8687,8412.781,16169.806,7900.0317,12738.312,17385.424,7649311.0,571363.75,405393.8,7162.376,27787.99,4378.857,227231.89,13304.447,555567.9,41745.1,38841.945,38591.562,16459.617,159492.31,16290.886
copd_143,copd,141581.88,93890.836,319038.44,3138.518,561193.9,18060.08,84082.63,10222.856,221155.6,68738.59,22474.299,826983.9,64395.707,26039.541,1354330.1,141223.3,110664.6,6594.0083,16953.941,8429.761,76707.55,249085.19,382870.03,38569.043,3384.8987,28289.77,10159.976,47201.46,6024730.5,43877.195,86018.84,431353.97,13353.313,28700.117,2458.376,723548.56,60927.656,20824.42,4489.942,14467.126,2189.1604,1316.4792,55031.332,80412.41,59867.945,56509.113,6665.426,2770.228,4690.096,13262.904,733236.7,17287.178,117407.46,17242.455,11786.107,9709.847,56193.652,8216.489,2404.6248,4432.6455,2112.8066,3084.396,1701.6107,2982539.8,647.9336,385412.47,8668.099,4072.7637,6811.2583,97509.73,6430.143,983155.8,331664.94,5113.788,2501.5789,2211.4075,163650.61,20425.496
copd_144,copd,222916.08,140042.27,130995.71,15313.782,322578.2,6438.17,16758.568,48905.266,2752.785,23626.5,27035.387,639149.44,21655.127,17492.266,562146.25,141590.66,100198.01,20913.188,16012.656,10010.796,49644.832,942673.56,663947.6,33467.844,4996.524,81401.74,31811.566,17715.934,3338066.5,3199.6091,48315.72,413951.28,35281.043,15596.668,11896.253,56352.773,53133.406,29075.543,11688.792,2246.0422,4246.476,15415.42,230759.0,151922.2,25498.371,100346.805,10784.154,23412.756,8453.554,35164.008,711593.56,18198.541,28162.521,11281.713,31109.232,13363.748,90969.81,7778.7764,2875.38,8172.0806,13864.658,16964.018,18301.406,7262106.0,98944.94,97268.15,9069.239,8257.751,12136.46,90727.39,16607.352,1743479.9,231711.89,12168.692,9044.412,11825.088,225816.45,25089.852
copd_145,copd,317951.94,133411.47,138999.89,9919.241,568576.4,8576.389,4517.863,53589.586,2527.3552,31119.945,28103.494,821773.0,217966.64,28559.99,578623.4,99666.88,246659.14,18826.23,18423.646,12259.65,63599.23,653173.0,1032344.0,30346.195,5937.1943,62643.363,26820.05,25174.678,4121105.5,2767.0068,51881.418,352314.6,26004.201,12632.003,13253.572,55482.0,45218.13,90227.875,16051.662,2626.106,4618.1343,16952.324,229656.45,141329.06,41594.29,114766.25,15185.489,22615.93,10457.436,51184.82,984199.0,28223.691,51819.01,34982.98,18957.018,15736.207,104140.7,16239.012,2598.1738,7645.0986,17242.357,24724.186,9419.2295,8104672.0,25763.887,81236.32,9266.543,6380.3447,11118.556,42586.703,12841.179,1831495.2,195711.03,15081.756,6177.9214,7018.4526,216005.11,24055.088
copd_146,copd,54056.227,163976.8,140708.81,3873.2815,276869.28,5918.744,16410.945,23919.746,2765.074,22659.455,30832.943,405538.06,49543.332,8334.393,407565.03,128918.56,90014.984,11386.461,7800.389,4564.219,85192.08,446759.97,506142.2,34797.31,4146.366,46422.215,16151.957,28289.418,1862213.4,1412.2035,52510.617,275480.47,23825.465,14660.459,4262.5024,139414.75,44853.523,5860.0693,7100.62,2547.1416,2788.3284,2886.8318,228374.62,105213.16,7020.0264,73380.66,5900.5205,4771.315,5351.324,11428.828,470791.56,5256.212,47346.543,4637.721,31296.412,9692.055,84232.31,2656.7402,2538.0415,8835.213,9983.23,13061.576,7384.545,6195368.5,23095.684,78835.04,7204.9736,26786.615,1644.8088,77887.15,8208.483,177646.22,31916.104,21834.72,20587.883,12466.429,103987.375,17431.363
copd_147,copd,370169.22,345269.94,431594.7,23871.934,888720.6,17723.217,756646.4,36273.484,152204.27,47883.832,48083.492,1106276.8,418.46716,23014.44,1781961.2,212775.53,79250.47,23379.22,39183.945,16244.434,75263.984,613820.44,68094.984,57539.71,8613.935,102439.836,38204.78,47170.094,5822930.5,34199.44,96927.66,496884.38,48081.52,35807.82,17947.064,622491.56,99056.73,81010.8,16743.023,18768.629,9945.406,25245.172,194418.69,237339.84,70898.71,103328.984,13863.891,21472.627,8106.219,42632.703,950898.25,32808.98,121881.13,6332.9497,36051.727,12836.782,3093.2654,12951.298,5657.186,13384.795,9692.785,22670.219,53903.742,7516455.5,527509.6,188905.02,18881.254,17399.97,14159.279,159041.06,19591.37,1922730.4,345796.84,18756.658,33405.055,20975.09,239999.03,42891.016
copd_148,copd,454829.2,201542.28,319223.47,13535.894,469184.28,17696.227,558562.6,45710.465,22572.293,29160.91,42550.69,1030405.3,15964.957,12568.287,1496086.2,163276.77,158160.0,14545.42,18799.443,10595.581,88728.51,568956.56,209086.73,28868.451,5855.812,56806.95,24421.172,35646.08,5112317.5,4885.1533,53691.59,446483.97,42937.305,15038.508,10647.551,356526.72,56818.816,42880.832,8494.418,6928.6,8041.372,15899.027,187947.95,189172.02,20367.082,93648.13,10611.236,15125.157,5182.531,40104.16,711297.06,26540.814,119485.875,7510.873,26423.803,9033.205,59952.277,12028.851,3101.3765,11652.527,11235.529,21183.908,21006.621,6745126.0,1242337.4,97499.03,15539.223,13224.859,9924.493,47131.062,16994.576,921230.06,384165.53,11104.609,13783.612,17085.406,131330.33,23751.504
copd_149,copd,322493.9,246025.06,277414.0,17662.908,582762.94,7137.4976,7765.2773,55570.645,9517.592,38453.277,40825.684,941985.2,57543.605,18241.723,1158664.0,120062.15,116102.93,20930.188,25149.936,11198.075,67605.41,697902.6,669540.0,46947.94,6059.15,77932.695,29088.635,41786.45,4456364.0,4910.1426,49922.06,414817.16,36764.977,14635.2295,13596.848,101155.74,58844.902,89172.59,10529.625,3720.4885,8930.023,32348.648,289408.72,166211.25,27219.879,103669.23,12510.654,29904.012,9241.035,45712.34,956114.2,24301.473,61304.94,20309.162,24333.129,12874.228,89913.484,13079.29,2893.659,8235.57,12852.818,19944.707,12970.47,7344606.0,62458.67,115265.664,13651.748,12139.944,13894.35,90957.14,17587.5,1299762.6,297237.5,11194.551,10406.9795,9671.407,165831.42,24288.127
copd_150,copd,248164.73,95534.82,407512.56,11841.803,569021.2,15111.388,177444.39,27983.488,30583.307,47731.277,20845.922,833768.1,1047.479,10308.97,843038.2,52771.926,43276.055,15951.077,9592.036,6182.543,70418.92,242185.83,1967.1792,19710.941,4582.507,38959.105,21487.273,83433.54,4734415.0,36660.99,14470.355,257127.36,35593.355,15881.068,6801.0015,363030.6,58133.04,23658.293,10678.569,2595.0845,6467.5537,25315.525,142611.11,161229.62,12183.778,49623.438,9329.827,12977.103,7851.715,25235.59,387527.3,6503.631,206174.22,4275.5703,15582.514,10329.944,1028.0717,5804.966,5178.2617,8676.006,5867.7827,9899.242,12038.525,3792407.5,81808.22,57358.086,12600.261,19815.287,3805.9844,53410.395,14195.043,893661.1,480846.9,24918.584,14815.837,12002.24,124221.29,14547.001
copd_151,copd,38635.863,158673.97,50601.902,4273.8413,107376.66,23081.174,53930.277,16173.508,56183.254,48834.656,17070.404,436455.72,180863.1,58833.4,617050.25,223321.86,135349.16,21206.893,9069.775,10948.856,55143.234,781790.7,716613.4,57202.945,5345.855,51749.477,15391.519,31393.688,2841015.8,9595.211,211071.17,528258.75,28060.16,36254.844,7517.703,442525.47,88566.945,78097.5,17944.258,2158.8848,730.2718,7915.244,101705.27,142193.77,20836.559,86796.664,7307.535,18742.174,14972.062,12006.442,834144.3,4910.8447,47637.188,19108.295,17221.107,24370.916,97440.375,5205.3604,3268.7295,7299.6704,4782.9893,7900.3555,1768.0131,6782765.5,2943.2808,612082.56,3257.0195,34954.1,1678.516,276165.2,12353.278,1736166.0,46965.227,28500.918,3456.8696,3067.0051,314761.75,37125.105
copd_152,copd,119025.49,178846.52,237554.75,2216.0933,672379.1,6776.273,23495.678,14470.162,4704.2954,68699.4,25682.658,587286.0,25113.264,41932.64,1050266.4,121568.164,66634.305,8815.44,6093.7573,5683.277,72492.81,513023.53,334996.72,70305.914,4411.3145,26861.955,11033.411,25616.904,2466742.8,9276.907,173208.61,381356.28,22580.82,58816.51,2740.5803,210872.19,80717.664,14870.623,3584.5344,36255.5,4810.947,1683.6605,100714.29,91331.52,16051.754,44771.254,5459.008,5373.41,4826.1743,8817.728,904866.44,6586.949,48464.367,6196.452,16378.563,9765.069,70993.63,5550.409,4049.4468,4645.9478,3844.0664,3784.938,1061.6941,2712855.8,26595.875,488238.94,7947.342,4770.2183,5093.2837,280155.66,7672.931,168535.3,99363.94,5434.2837,7249.318,1428.194,101146.19,11613.174
copd_153,copd,302218.78,353095.62,69724.13,5626.5444,351597.28,10255.142,17952.166,57629.17,22598.422,66509.68,41850.418,762620.8,2554.518,68708.7,1917972.5,237259.28,162787.48,20159.547,8358.745,6106.127,93987.414,964271.3,238477.47,77092.57,7684.5396,44702.223,12128.348,56235.895,2108800.2,5035.0283,200722.84,550891.25,49599.688,85047.984,6378.416,487885.66,115652.59,49856.492,12598.591,2979.3057,17313.527,24953.281,296028.44,203638.16,78837.14,88819.18,5460.768,18501.121,6121.4697,14917.798,1376033.0,5718.437,203933.38,2434.0635,53322.906,19089.68,53082.758,2438.511,5547.99,7211.1064,24199.617,10249.108,5695.764,7879980.0,30645.73,1104486.8,7719.9565,35165.55,8495.357,581845.56,16762.373,1184522.2,13506.735,29385.396,77223.85,13641.778,222018.86,31921.582
copd_154,copd,134972.25,63179.8,134422.7,2451.8257,371822.22,8705.656,132275.06,14935.893,10903.172,45942.363,18745.643,524838.06,44799.1,28333.89,1002254.3,70410.39,82014.45,10828.432,7113.5747,6299.736,61032.63,468085.28,266103.12,42840.69,3586.3848,26320.557,10325.384,24326.283,3621854.8,23020.562,115227.97,397103.38,14463.525,28400.037,2340.1423,226613.6,50284.445,38896.215,3966.421,9067.907,2129.874,786.0127,69320.414,68790.4,12902.745,45708.242,5056.7354,4856.302,5008.783,9211.793,617475.9,5709.7437,23868.678,7969.195,9601.299,9546.894,68343.26,6602.555,2488.1794,5503.07,2965.2512,4590.062,821.5902,3316391.2,1334.162,387482.6,6337.929,6643.731,3610.93,304903.6,7290.659,775580.94,223670.78,5755.3735,3522.4243,1352.7196,150917.56,11805.548
copd_155,copd,257614.1,56376.75,336928.72,1437.5479,903839.25,16188.724,53375.77,7415.8203,2496831.8,122594.805,31185.041,1081112.6,206446.53,63116.324,1753444.6,237964.25,73265.34,6072.214,4322.7676,3923.772,57315.98,127090.266,128720.4,55801.08,3043.815,28199.906,8017.6533,26477.256,6225895.5,46539.55,263120.06,557102.8,23416.084,80277.4,2750.8093,616351.56,84624.195,45388.402,3099.445,17006.25,9090.353,9341.652,55947.402,38628.387,82486.35,78001.03,4919.7627,1749.665,2011.5613,7125.2134,1242447.6,8870.635,54744.633,9823.379,7076.4897,14159.968,40224.86,6235.5537,4831.7754,4547.579,2633.0955,3591.318,536.73914,3758049.8,407.9868,1300853.9,16093.495,2782.145,9342.24,633369.8,6575.104,1014088.9,62270.133,4514.679,2395.9912,698.79535,261889.88,10643.864
copd_156,copd,124248.06,110673.46,284958.53,2536.9146,535187.56,10190.818,44015.88,15093.829,11359.972,48697.832,30773.484,573258.75,8986.475,18853.002,731409.0,58712.047,66624.46,5053.683,10518.213,6725.4688,64362.74,184946.39,252652.08,36089.395,3459.7695,27370.732,11185.0205,29362.902,3541269.5,11014.056,105204.625,298936.06,13228.013,30823.71,2355.0122,258401.95,54375.715,6653.148,3612.246,24494.438,14207.748,924.41974,74527.93,97924.33,45701.836,42536.656,6774.593,2304.3464,4466.209,14339.072,743528.06,11377.776,79851.02,5917.8804,19131.09,6905.028,54994.24,6922.4565,2181.629,4456.0767,3934.6565,5590.3755,2961.1665,556694.44,19224.59,190469.27,9463.651,4436.2534,7065.6245,77025.26,7042.439,72786.89,308299.2,5336.2417,3787.087,5587.838,57085.01,13879.026
copd_157,copd,313468.56,298562.28,126587.18,15293.902,226796.08,15807.809,124507.836,29991.61,22826.012,88330.25,35928.16,624498.4,27848.08,54934.375,1902785.4,235193.89,89469.97,23402.13,14964.424,10317.213,74652.13,907362.06,466992.88,83107.15,6834.1846,56162.74,13090.847,79284.11,3173574.2,8567.551,139118.97,579141.2,48884.89,76068.8,9440.383,424738.94,125410.67,20535.172,22268.004,5732.647,3543.7454,12227.141,211889.2,236246.4,27176.223,92099.22,5031.884,11654.262,15034.65,12679.379,848306.2,3005.8918,275496.75,7459.6475,52310.73,30805.96,80047.055,1638.828,8359.734,12029.562,9681.023,19031.89,16157.904,8032326.5,26664.068,886956.94,9326.713,90478.8,2109.772,499772.88,20468.066,1822322.1,139164.22,55531.867,33832.02,21402.13,225061.17,33310.03
copd_158,copd,134139.81,220416.33,253520.5,3916.2595,479673.03,21242.943,32229.72,9853.772,151718.62,105264.74,31498.744,954513.5,137191.81,54239.293,1583340.9,221022.12,60702.68,9598.231,9433.165,6622.9087,67013.24,347030.78,372695.2,63752.746,4027.792,46248.86,13816.503,42844.164,4345650.0,55323.49,233200.73,542785.1,27934.105,75792.83,3294.0317,669824.8,103244.08,41215.523,4046.4734,44625.465,2603.0317,3072.971,70597.31,64028.402,53567.766,80415.32,5540.2007,3808.8064,3828.3164,8641.164,1123996.0,6614.1973,77117.28,7137.607,13424.427,13687.9795,74122.695,4412.8213,4331.4937,6852.069,4643.1567,4619.3677,1542.0356,5370641.0,2026.9069,982090.3,11870.095,4374.027,5768.7344,437538.03,7878.2026,858837.2,74822.266,5460.4297,3253.461,3134.1406,156387.3,15922.852
copd_159,copd,146089.58,126803.336,216193.89,4233.913,392381.53,6597.884,25242.426,17955.916,3709.3503,25422.174,18630.734,423311.88,30903.361,5761.4097,697045.9,53809.8,72247.52,7579.3765,6141.219,9188.259,43064.723,374388.03,581948.2,24893.69,3481.1362,29684.479,14391.066,19368.486,2460364.0,5422.53,29925.637,239890.11,17006.672,12412.482,2561.3975,107064.06,40628.72,7178.4,4454.075,5362.059,2935.5664,1457.914,86964.37,80008.51,9607.024,38003.97,4251.287,6216.0283,6506.758,13869.552,304350.16,6066.1875,25946.084,8392.497,12947.667,6871.1987,83250.89,4540.3237,2414.6965,5880.8994,3770.419,5251.777,3591.421,2673222.8,45951.652,49008.125,7289.783,9552.013,2363.0222,80358.9,7322.564,306359.5,241598.5,8573.648,4540.371,4891.3687,70839.09,13725.459
copd_160,copd,125035.33,80577.45,215383.89,6478.574,366063.56,12592.44,10175.744,47043.316,13603.1,25460.754,28768.656,466555.75,175643.72,18350.748,249356.62,109627.92,167321.05,10728.53,14897.253,10412.262,49105.86,430760.78,922954.5,33598.742,4239.1265,118989.85,49599.875,21288.557,4316168.0,3306.8398,81870.11,380824.56,19345.004,9743.932,8886.716,148296.38,44639.81,32666.516,10432.64,1641.3916,9049.356,7961.2485,114654.23,97258.96,63839.324,112052.516,17366.598,9288.363,8662.033,30009.463,738471.8,26471.223,28317.303,11313.921,26449.646,13374.42,103091.67,16846.594,2088.5168,17869.045,21815.05,13854.044,6981.9307,7418266.5,60469.54,48811.887,9166.192,9049.2705,9148.332,111263.984,8430.364,1728136.1,248124.98,12422.454,3412.3953,6443.4536,194902.84,30046.693
copd_161,copd,345652.44,320849.3,169403.2,13134.844,379652.9,15948.978,17145.41,57710.188,82684.75,48914.363,45354.348,1130662.8,34840.477,8241.526,1692436.8,148037.36,82102.65,16519.52,14493.324,13197.844,75650.49,713560.25,279350.2,33699.668,5662.0825,52189.69,24560.357,60536.703,5331500.0,13990.61,22038.22,427791.06,42598.89,14855.54,8248.203,487805.62,65031.88,62198.613,7310.6934,1571.5497,5598.8657,48998.777,257830.12,194179.66,21610.707,92585.6,10895.012,33824.375,6398.9395,49678.223,757874.75,23964.799,174194.75,15571.758,41627.78,8230.081,77660.555,11693.253,3455.676,6529.413,7365.194,11337.675,25253.432,7597394.5,20089.242,62231.543,14397.011,19115.059,11653.75,43874.684,17860.85,1041398.7,392697.88,11995.866,19622.617,18920.316,155114.94,33856.42
copd_162,copd,112091.74,124302.7,114751.914,1197.5099,1018744.56,14973.189,6148.1763,10922.917,130919.16,93461.66,22659.93,765418.75,78916.43,56658.375,1476589.0,179063.25,70390.38,7652.7007,3159.0825,5619.9897,60758.57,416155.25,499554.66,43049.98,3205.2334,21450.438,8588.577,28300.564,4740989.0,24886.807,139074.14,472879.94,7972.1445,49664.914,1690.9309,580334.3,61481.117,20602.123,3066.9321,9531.499,4000.9941,1175.2037,64832.914,50674.824,63527.88,34485.305,4376.5396,2883.3308,3682.025,8594.256,984290.0,15907.172,59978.93,14079.223,9983.992,13880.509,79543.73,4730.804,2866.5674,3437.2021,2653.4055,3038.613,545.29065,2532878.5,357.31073,824394.75,9595.989,2743.6975,7555.6367,335982.47,5509.7666,752940.7,60010.91,4552.3145,2945.778,763.0048,204964.81,13713.133
copd_163,copd,346427.3,206994.78,47024.43,2442.2048,237036.97,30019.34,1096827.4,16774.623,66575.68,19615.861,12542.326,496175.97,11049.545,23008.469,1468570.1,296870.38,32220.807,15916.338,9627.488,4810.74,108787.85,738187.4,13267.181,29297.39,3502.899,145871.7,37512.902,18828.314,1415865.0,18588.76,34461.863,327875.66,48108.766,11624.189,3822.7256,468191.53,31149.61,32345.654,8551.215,20198.17,3412.2358,5357.795,82630.75,151961.33,26894.229,81761.42,23155.852,9852.269,2085.3308,19574.0,747392.6,10133.353,77031.35,21177.363,11633.539,15821.7,195.21558,5953.6626,1763.0618,8624.713,2192.3176,23332.22,5899.3667,8308983.5,63324.516,139199.67,2451.0645,6413.048,11649.583,159470.42,5506.9766,2041357.8,101952.81,7596.2754,71703.54,7382.784,255408.53,20914.484
copd_164,copd,381334.44,169885.81,120856.54,5496.565,249701.92,23772.219,293170.88,22266.22,4256.2007,66420.94,25826.965,543091.6,10045.103,23298.22,1754095.2,152579.8,263479.66,17697.34,15070.268,4958.6357,96606.5,636625.44,174537.81,35605.816,4231.9873,21532.816,8763.865,103916.586,2233512.0,5437.146,36944.09,408340.44,47120.727,27084.445,5166.7163,554707.56,85704.08,13381.476,17217.922,1489.8905,9662.15,9367.33,139467.95,178582.16,30753.797,32686.709,4055.369,5246.4795,5532.6704,8402.941,381218.47,1898.0997,299082.06,5808.904,45889.594,20580.129,17378.18,1477.8687,4536.09,5102.9365,4205.608,19275.354,2869.6824,7028673.0,22300.096,525235.6,5262.3022,76021.15,1309.9519,296910.0,12035.266,1686052.5,44366.184,55794.37,16747.191,6843.6885,176405.69,22667.928
copd_165,copd,287670.47,168817.77,387301.2,1919.1063,657633.3,32180.578,9629.959,8640.645,149547.73,81542.375,34230.8,874878.0,214325.36,31184.178,1516367.2,188520.25,187021.4,5061.0737,3440.1743,5516.824,72224.17,160830.8,796912.94,33201.465,3727.2202,44947.473,13441.466,54074.637,5602181.0,46639.57,151165.9,496684.9,15939.413,42771.125,1704.1821,644605.44,69143.99,5104.962,3411.2397,40509.32,8086.265,638.386,56463.484,73170.66,52575.81,77784.71,10212.487,2221.1672,2956.5864,9484.172,938216.06,21089.605,121914.73,4697.4165,10797.668,12494.818,100141.93,8141.397,3599.0312,5446.1562,2508.3232,2779.3806,1080.2605,5417850.5,1309.4044,299321.47,16167.955,3045.5344,8273.826,321575.94,5399.706,845321.4,164773.78,4771.8247,2178.7385,2171.7278,112416.66,13614.327
copd_166,copd,94566.164,113612.57,205319.89,5254.207,289752.28,4488.6743,47125.445,35688.188,3848.8071,18324.654,25416.283,527552.4,2870.8367,5405.1323,326983.8,28510.896,47681.684,9994.148,12210.965,7737.1836,60742.99,173383.8,220375.55,17471.676,4489.6846,32198.445,15000.919,20113.531,2796753.8,3907.2441,31076.377,205014.08,17798.715,10758.584,7334.076,127474.336,34130.17,7325.316,6104.997,2342.3022,9842.755,8635.281,179062.06,93243.805,17120.084,63437.973,6591.449,6550.6846,5737.2476,27450.91,469966.2,14801.728,58942.18,8778.48,17991.125,7736.158,50259.848,5816.705,1845.263,6264.467,12477.027,12034.336,13162.81,1239110.8,459028.62,28661.14,9258.627,6626.264,6566.054,24283.818,9725.307,100450.695,71989.74,9834.243,6299.0146,13688.671,79225.91,15164.099
copd_167,copd,218566.55,191638.28,201112.0,13479.094,408131.75,10814.281,200206.47,36224.707,14295.186,48697.043,18741.137,732909.5,1203.4021,43172.707,1074320.0,232793.44,62638.402,20069.633,14873.615,10353.192,65019.477,723359.5,79054.58,71492.55,6526.4307,73118.336,25498.176,44881.25,2581116.2,7501.6875,149543.31,505952.53,49006.582,75115.62,10321.799,221611.22,110918.08,19289.531,17542.771,12947.852,10917.157,1863.063,185339.42,238825.92,24562.324,91227.76,9281.571,11464.354,6955.1177,25664.344,878713.56,5359.3286,74825.266,2691.5652,29609.016,21532.139,9325.877,3678.7422,9784.293,8500.788,7326.567,37005.766,35763.69,7938156.5,422466.94,414584.22,8623.224,24461.639,7893.012,377671.8,16776.928,1933450.5,169002.86,32840.535,77370.914,21763.62,191459.25,32132.705
copd_168,copd,338466.84,163355.73,223401.31,4659.2617,325631.06,12697.022,193505.27,46839.98,5724.5493,37427.96,38100.973,1008765.44,45730.742,8509.176,1086437.6,80084.39,179829.77,10289.039,9131.707,6601.119,86499.516,312724.75,443382.6,25381.354,5088.8647,41876.61,18248.248,35939.918,3385118.2,6389.7056,79183.53,349685.88,37659.01,15577.491,6533.057,171389.95,54683.164,13625.174,4693.981,5418.9365,12272.858,7504.4355,236726.8,152776.23,19050.268,78742.47,8469.573,7944.2803,4967.242,25661.236,772939.75,20699.752,74425.44,4342.125,23265.936,6941.426,85939.23,12091.031,2954.6973,7622.4106,10108.728,20130.285,14678.046,6423857.5,709551.1,25950.861,14830.44,7859.1997,10610.478,29753.75,10488.33,116238.086,173552.7,8372.277,15954.576,15717.968,85914.89,17679.19
copd_169,copd,221224.16,140966.16,172495.33,2941.483,529201.1,12552.605,23885.416,17984.264,17149.482,78833.234,29113.336,635425.06,18324.584,26024.0,1242304.2,86873.516,155807.17,5772.312,2775.8206,5333.4834,65024.625,314788.2,330449.1,46511.863,3842.7393,23231.502,9293.733,23645.594,2325663.5,9742.687,111758.07,382732.78,23488.127,48095.508,1549.7704,336869.6,74361.87,23076.0,3220.3035,20965.83,7510.0776,3523.4495,97208.24,74828.98,21993.014,34607.074,5179.4077,4454.997,3088.1558,10648.281,836807.1,10437.596,89933.04,2060.2332,13179.454,8050.3887,81578.08,6078.339,4711.9565,3918.7258,3426.0981,2620.9976,827.6672,2641481.8,95827.82,349845.0,12325.387,3521.3762,6706.092,147617.66,8690.897,25139.312,136804.03,4775.4995,7010.9995,1830.001,90064.27,11564.243
copd_170,copd,133342.66,80056.21,186134.94,2606.037,247434.75,5018.5103,23480.041,13893.886,5095.7183,20291.932,21837.387,487949.88,26225.516,4544.674,341232.12,46237.258,52044.36,4905.447,3993.1472,5657.9688,29954.592,149545.45,392763.03,14151.151,3202.0305,27570.287,12748.399,16186.007,2019979.8,3086.474,24849.902,173814.9,12678.121,11137.872,1799.5419,68996.58,33445.92,3476.2249,3675.189,4292.4844,6690.3047,994.3005,77551.39,69876.51,11260.139,38752.438,4090.647,2632.858,3554.21,14350.757,309736.47,7395.9004,35705.21,5314.602,14111.15,6119.5664,77094.63,4374.2437,1833.431,4890.431,6158.9175,6028.9297,4643.4756,1686293.6,36777.285,15416.92,8411.434,6399.495,2249.4253,34643.3,6092.5776,36729.79,116594.695,6722.826,3614.4934,8277.007,55863.695,11949.209
copd_171,copd,118756.88,114458.125,206782.1,4795.973,263133.38,5256.9893,33930.574,20246.406,1636.7002,24775.928,19093.867,251812.1,22496.344,9299.195,335127.1,70101.64,75564.62,9576.798,6291.425,5538.436,47432.37,302418.03,474487.66,21837.324,4836.013,27986.691,13059.185,22169.426,1611926.2,3701.7646,43286.953,252942.6,22994.342,18385.064,4446.7393,77215.75,51259.61,7324.6455,8668.281,1711.5255,3498.5776,1169.8687,123044.7,114232.18,6292.337,47337.062,4015.1482,4184.559,7706.6406,9702.857,300806.1,2883.0735,30248.963,8496.014,19434.693,10361.599,65546.0,2880.1458,2856.4885,9472.556,4867.659,9528.709,2783.2415,2996164.0,739337.2,65914.79,4342.974,34442.97,934.0308,153661.28,9245.999,743941.56,180655.55,34394.29,10623.5,3264.8215,121986.484,13614.418
copd_172,copd,439582.4,326324.62,320579.56,16066.6875,669939.2,10407.516,159083.69,53473.24,49686.375,36361.74,37954.055,978802.75,26717.422,32276.32,1628393.9,165221.92,39614.21,22371.734,30972.434,7546.339,46707.406,465481.1,399996.22,31536.678,6457.284,167933.31,53967.113,56310.227,5855574.5,52165.26,103236.695,472514.78,46594.62,17815.24,19994.283,258295.28,65210.805,175312.88,14359.628,2052.479,15245.306,54277.586,152985.02,218404.44,62476.305,121625.1,19969.07,24631.668,6246.1377,63166.668,975823.06,22953.281,122704.875,30889.867,31773.271,10530.067,62788.824,17035.34,7058.599,17084.607,7316.9155,26817.672,43880.875,8287987.5,389292.72,181555.39,17791.807,22152.941,17202.395,37158.26,19976.193,1953633.1,426274.06,17174.87,28962.24,17157.71,225532.8,29646.879
copd_173,copd,149604.22,86501.24,203884.36,8167.3354,337063.06,6567.088,250314.44,28379.242,4934.3037,35325.25,19331.412,648230.3,7867.855,14260.122,263777.1,55873.445,76264.78,12804.514,6922.595,6220.572,59650.293,398313.28,69772.82,37510.113,7045.6978,63977.312,29275.074,41714.02,1315810.2,3726.0364,90702.3,338397.47,42399.758,43067.844,5956.122,176367.0,78007.945,7267.387,10666.069,3983.8523,9200.001,994.99603,146792.75,175145.25,6177.933,82142.75,11732.62,6177.232,8836.52,24314.78,654596.7,7494.1924,121083.35,1787.0145,11736.8955,13656.318,48106.06,4277.965,11558.322,9319.039,9384.159,25143.172,16846.29,6859460.0,2621155.5,105837.305,13587.346,10606.106,4009.4224,100164.09,12291.859,528616.56,206591.88,17853.033,29234.256,16058.094,111126.34,11654.584
copd_174,copd,299242.4,245124.56,185704.08,8567.812,812838.4,7922.2456,120751.24,34895.945,23818.99,29560.965,20740.777,856400.7,2357.7593,29347.084,1073290.9,139406.9,54140.273,13909.969,7656.278,12762.195,93784.61,634207.56,70600.95,49585.78,4405.6504,67991.94,30576.045,50605.957,3472149.2,17798.613,83401.72,428052.66,49707.652,34715.863,6379.6206,215974.62,91676.22,22416.629,13048.863,1849.4017,20222.361,2663.1897,134002.88,224987.34,32396.625,96694.99,11690.152,9297.829,4765.7793,35159.15,726796.9,6759.689,146080.8,5511.4014,26272.604,14830.158,25437.453,3230.069,4988.866,8759.671,4997.911,25250.035,22273.229,8229280.0,256290.58,210364.2,12936.372,17635.723,11250.284,331950.38,13433.726,1963137.6,229281.8,27563.926,52624.47,23024.186,206566.66,25719.377
copd_175,copd,389227.75,128496.31,99933.09,8106.3276,325240.62,9484.76,315583.53,67297.22,3792.0322,32245.186,21443.668,753845.25,7316.0854,25305.29,913060.8,205845.14,187015.17,19991.69,6564.5513,3935.6174,51848.375,802180.3,95837.33,26620.82,7500.5854,93051.836,36308.72,55275.445,789813.7,2426.3818,28463.867,249653.58,41884.48,12810.621,5774.768,190069.33,50356.62,18260.436,7162.0957,1847.549,5187.3726,18626.896,214210.11,129664.79,6590.877,80315.375,13166.827,10553.484,4679.5767,18901.992,744384.44,5945.2354,72447.75,1215.2592,20509.14,10648.465,50873.26,4136.301,3523.6746,14918.04,15587.761,21158.225,8473.403,8163269.0,162776.14,60086.906,7254.402,10576.297,8153.2397,64329.906,9825.394,1288443.0,22974.92,13570.018,60779.84,11654.539,118312.62,16890.482
copd_176,copd,415310.75,35616.99,46542.395,1345.0021,350121.34,18432.645,1850140.6,8334.027,103190.53,14309.345,3444.821,397814.47,5986.9253,30215.893,1248356.5,118143.04,8461.192,15571.134,26748.959,2721.4578,84726.59,181497.92,1812.2244,18834.582,3601.7344,144914.95,33688.582,11676.1455,685748.5,64838.664,30585.64,248589.22,46213.586,8184.0073,9297.785,427396.3,23281.43,156735.8,12007.519,116245.19,1830.0874,2669.4817,52311.48,106313.58,10948.408,66127.29,18309.893,3948.1428,2227.0369,15356.548,412232.47,4712.1274,31940.434,33478.57,4875.9355,24127.898,30.258036,4680.3804,2533.5852,11426.91,1531.018,35113.305,16126.714,8311060.0,910051.2,38259.51,1958.2211,3512.0166,14511.098,31898.85,4983.7153,2056177.6,54335.49,7039.9272,35472.613,5397.801,178184.42,10242.404
copd_177,copd,195336.6,178217.56,216188.11,3079.8032,227049.06,8328.14,54158.812,16327.781,2233.6326,38147.367,26769.555,717288.9,75511.164,5887.747,1273089.8,95899.41,128864.35,9680.82,5983.089,6266.8213,65007.14,466417.8,443457.03,28077.908,3733.1555,22966.092,9661.45,43296.074,3312114.8,8192.762,36933.594,356443.1,23692.117,14658.6,3075.7278,229144.08,42257.62,7268.7944,4668.9253,8458.989,2484.1482,2075.035,98152.27,121885.195,9582.151,50298.785,3748.854,5368.5737,7036.336,11558.035,331500.5,5146.8833,76667.47,7359.19,20398.963,7310.5815,68650.15,3364.4949,3370.7336,5473.2886,3517.6528,7136.5312,2946.6875,5866311.5,6947.1553,68206.195,8215.126,24150.807,1270.3042,40788.52,9251.327,279028.56,113570.76,16305.963,14879.688,5039.3047,62519.637,13905.83
copd_178,copd,265777.97,231680.52,362459.78,9105.954,882019.0,9415.395,15887.734,29064.178,5460.31,37052.062,36626.81,907176.94,34920.848,21540.97,1126685.5,122562.42,119181.445,15932.315,19886.586,11269.7,79643.17,506348.8,690073.8,45044.63,4622.0737,59851.848,21398.805,40880.23,5135200.5,4988.091,57743.99,446369.44,35406.57,17820.71,10194.668,166448.08,56001.0,26722.799,7513.144,12974.8125,8064.53,15196.094,155994.36,142680.48,42336.2,85713.48,11379.448,13947.896,7729.4243,30794.682,1025462.56,22415.73,102546.87,20420.102,20156.605,10141.088,88997.41,12938.445,2196.6736,6430.5293,7693.8315,13246.773,8633.808,6277191.5,58066.66,147762.31,12413.004,8069.654,9595.3125,103374.13,12288.296,1046338.44,278398.06,7908.4526,6482.2646,8108.098,155532.81,18784.227
copd_179,copd,91078.58,96093.68,187093.84,2902.891,511160.38,5402.9673,42943.49,17731.18,4227.3916,29752.672,24744.213,354308.97,1368.6886,26931.857,496646.06,83800.44,68306.24,6476.3257,5270.9478,5975.7314,40951.133,204125.42,247612.97,28698.668,3091.0266,31554.79,12552.091,13800.738,2255052.0,7527.3105,118010.95,282244.2,15909.539,32551.043,2462.9785,88330.42,54766.3,6441.1367,3624.8315,5481.162,11646.028,952.24994,78633.875,72471.38,22785.492,40204.727,6372.791,2716.918,2992.7754,12620.684,801727.5,12387.658,26664.373,7603.93,15588.831,8009.9565,66247.98,7138.0767,2503.3481,4921.1,4276.337,4219.737,985.3568,398394.6,110068.44,250840.4,7243.837,3789.859,7919.1636,188149.34,7477.6772,131360.39,290817.56,5153.55,3327.088,1245.7422,104889.86,10766.509
copd_180,copd,99715.37,129546.875,320860.94,6742.1357,916123.2,15426.437,221703.8,51725.348,37778.188,45884.387,17415.277,707157.7,130.76123,32939.47,990346.25,83383.984,6671.2773,16148.322,10767.299,6404.2456,112220.09,335780.34,497.88763,36687.08,4112.914,60434.312,22158.182,97423.65,3195620.2,22015.7,31708.248,298700.97,36394.14,21655.56,8924.948,475362.28,61964.098,62287.06,10243.87,2366.2576,14204.0625,18065.023,98559.836,230908.7,35158.61,45129.895,17397.549,20574.85,4408.286,39240.562,518197.4,11937.169,158330.23,12745.858,17595.084,16551.154,31.680473,11732.083,4033.971,5033.0884,3303.5513,26824.885,11589.684,2097586.2,87124.664,135158.5,9618.852,13653.558,9907.233,278289.5,11759.731,1405091.8,239894.23,15545.997,24072.873,8349.463,151881.78,20572.28
copd_181,copd,258047.34,174698.19,151128.42,4352.1646,279639.66,18060.838,900071.7,21775.785,3912.8914,38038.016,25931.291,642989.44,12649.967,21736.527,766428.94,53059.273,352356.25,9830.492,13276.89,3733.234,107470.805,303979.16,85242.22,35968.926,3271.4653,27195.668,14197.927,89563.8,3687032.2,6582.5527,108380.47,408228.7,41951.6,33243.734,5364.7603,422015.53,74931.234,15551.78,13088.949,1069.2458,17910.83,1754.0105,269201.62,106825.0,54062.414,59884.22,3755.6404,1959.9286,4726.6997,14192.214,473785.0,1617.4352,106436.734,3869.3337,59728.74,17098.676,7773.4067,1374.6921,4065.1445,8298.002,5315.3623,22686.05,3991.6658,7748392.5,626283.44,517308.12,7646.0684,66176.305,1124.7004,109063.76,9666.2705,918783.0,21117.744,59334.324,67145.086,6427.825,131067.57,13431.88
copd_182,copd,246311.0,101103.08,441204.4,10941.8,664949.5,12700.196,399489.94,34210.83,65373.637,52939.33,21160.484,714552.44,432.48883,35483.844,863101.06,66202.25,83993.91,20265.957,9741.664,6630.8857,89297.01,258388.9,6776.9453,42298.426,5583.9326,34333.855,18537.79,97566.93,3150844.8,7235.93,38443.746,303129.5,44568.133,33331.29,7294.8887,393180.53,90148.484,34660.023,15109.932,1337.3988,11462.199,8122.898,146021.47,187469.27,17555.693,55628.76,6604.64,11736.66,7085.986,23269.064,420287.28,4485.725,202444.2,5987.416,26014.62,18174.467,476.29907,4113.228,7960.8003,7974.0005,5410.9463,17786.445,5769.1636,5193414.0,991980.56,203198.38,10633.454,31315.969,3766.1018,280741.38,15952.34,1421052.8,229614.19,41391.05,16655.27,8835.786,174974.3,18794.209
copd_183,copd,287388.56,250326.12,290103.44,6407.948,443375.84,13897.199,48669.37,38595.758,7117.0493,30692.793,40063.336,855865.9,23374.338,13278.7,1365658.0,167082.33,105701.13,10963.528,12407.725,8936.456,98751.02,622133.7,368821.0,43678.71,4306.346,77202.27,24349.959,44489.95,3720322.2,3288.0322,89227.46,400119.06,35261.164,17189.732,6290.447,276272.12,53972.93,11980.453,5501.1387,5468.707,7201.676,5322.5366,160559.55,166477.77,21042.252,89863.68,13565.89,11984.716,5984.0703,21539.738,807357.0,17368.684,108895.7,4309.5103,26230.793,7645.7036,75958.68,10816.881,2529.0642,11099.516,12462.886,12538.1045,10419.723,6305842.0,20817.193,111428.05,13160.437,15730.835,6983.682,97366.06,11240.728,629015.3,211432.4,9752.979,15775.698,14274.954,114324.484,21535.527
copd_184,copd,216541.38,137855.97,272811.12,8784.419,219876.55,9608.967,147554.75,16923.732,2539.8364,39801.97,29766.238,448701.5,11374.999,10624.948,556485.25,94513.51,142105.39,10052.396,7948.464,5804.5835,69135.49,316347.7,355919.97,39428.543,4899.1763,35879.54,15536.303,71900.61,3212487.2,3162.0796,65798.72,374138.2,36465.68,27097.312,6568.1777,216048.78,78620.38,5828.34,14548.972,1656.7833,8620.666,917.12787,134122.8,164690.2,7791.422,59981.96,5099.015,2639.003,9973.675,16414.86,344105.28,2480.1816,131545.92,4337.683,32872.375,14249.408,40079.613,2248.139,6455.492,11895.844,4587.1865,21680.564,7846.6914,6041208.5,979544.2,213765.03,8588.782,72310.18,965.4569,179170.7,12829.562,980405.9,260785.28,57889.445,35425.82,10329.6875,112479.82,14947.307
copd_185,copd,509840.53,209832.64,57043.543,5312.539,429496.12,12849.864,701910.2,26392.445,25081.621,23802.14,10676.808,670926.4,4942.0283,36596.887,1128794.5,135250.95,34961.336,19650.447,6059.237,7741.8047,85796.82,783233.94,24422.15,33746.754,5790.5596,129285.34,35484.387,21934.719,1359120.1,10044.854,41377.316,345428.7,50170.39,15355.947,4445.535,190893.88,43847.535,143238.52,10024.1045,6995.0884,7834.307,2746.041,115537.73,175761.86,28976.8,76033.12,22174.691,12425.121,5200.8735,32549.492,800652.5,11200.094,42399.152,10014.873,13173.51,21508.062,25981.965,4548.4556,2752.7205,6690.394,2437.5085,26524.064,4143.618,8310600.5,29050.986,94197.93,4848.8955,5581.2544,13852.842,91311.23,8355.884,2041233.1,192021.36,7860.5415,82389.57,12385.993,268370.06,14996.299
copd_186,copd,281029.34,114215.29,239141.12,10605.732,263836.47,5755.423,297963.5,18440.574,5303.471,29617.686,21081.38,387738.4,35743.54,9890.494,585826.56,61661.918,133905.14,13175.155,7918.3555,6847.8936,54054.062,301651.8,341789.38,28135.354,4092.0793,27310.238,12277.155,22487.076,2757567.0,8302.594,38049.26,267928.94,29279.568,15526.956,6563.3745,84263.49,56725.418,13413.317,10815.571,4865.6816,3684.9026,3087.4075,92964.555,113396.08,6436.101,45244.4,3636.1738,6247.1685,10439.249,11853.046,281446.94,3700.6594,27408.766,7898.653,12888.221,11437.399,50095.516,3549.9812,3894.321,10624.807,4043.3904,7606.774,1679.0631,4374644.5,721582.56,90129.57,6550.597,42645.555,840.6024,140996.28,13140.583,712222.25,369215.88,34354.098,8803.299,2719.886,116695.266,13773.9
copd_187,copd,156621.48,69439.45,46105.82,1145.1204,373120.2,4344.2173,32715.244,23228.512,3267.4949,76057.914,23827.715,792551.1,74400.81,70000.37,1228947.4,175385.11,40181.8,15550.223,3562.5298,2768.0854,30528.084,575598.5,290825.88,45799.047,3331.5598,18200.572,8124.75,16281.054,2802734.8,29344.732,210484.61,538923.9,28057.377,84287.36,2799.9092,98395.67,66400.734,114927.37,3404.0232,3824.7063,5901.8545,6333.608,81862.93,51871.08,15791.489,32901.855,2826.5151,5505.2646,2903.4644,6607.116,976205.6,1937.7273,15767.471,18830.217,13264.296,15622.9,54936.785,1741.4019,3383.1167,4255.267,4860.282,13045.192,494.64438,3696728.8,39925.41,1176326.9,3910.2158,5135.3545,3188.3628,535483.1,9452.573,1252149.2,47738.38,6008.6016,8205.666,579.0011,283730.4,9399.253
copd_188,copd,233820.5,110741.24,211699.73,6361.331,1051550.2,6234.4478,535846.9,39720.21,23128.924,28255.014,12486.61,1014310.4,240.11404,32226.707,739779.4,83998.8,22697.889,16527.682,9775.479,5200.0205,77519.96,240136.86,1631.7363,33575.484,4832.748,62269.184,32039.496,51264.89,3531869.8,27668.355,43180.12,347661.5,43155.336,16358.362,6356.279,313012.1,51428.99,46332.78,9502.28,2442.0208,10302.915,12255.161,80585.91,177526.98,17448.729,57954.133,16779.936,11445.201,4017.508,37202.37,591900.6,9815.184,116244.516,15791.564,12611.37,15954.317,138.44513,7491.0767,5193.264,6680.7524,2757.5002,23086.766,10860.319,7594026.5,248915.88,73784.93,10045.189,5929.1636,10003.141,96816.695,10028.427,1783146.1,266332.12,10993.716,28512.908,11796.498,201703.61,13952.327
copd_189,copd,119593.5,112084.16,204441.03,4138.0015,446734.4,5551.3145,59943.93,21519.47,4224.638,39981.234,22966.793,338654.12,6659.5923,32634.1,795051.56,108466.914,58730.64,12738.396,7790.032,7301.8916,56003.83,517428.53,336199.16,53985.8,4255.251,29368.867,12557.491,17510.477,2397200.8,6737.97,92493.12,308251.56,26837.041,43297.727,4748.5493,98815.65,70487.38,23627.064,6029.758,5131.398,3661.737,5123.5093,111196.945,101104.336,10846.654,44958.45,4406.4907,8646.804,6260.6797,9632.669,550039.25,3835.7405,28565.492,10120.932,19125.707,10230.356,55526.305,4000.9788,3461.6545,7242.739,7177.175,4456.5146,1237.6573,1296735.5,317603.44,335599.47,5786.3857,10454.045,3226.398,299766.84,10030.646,584189.7,166479.67,10485.899,6320.8076,1767.1647,132078.67,14568.938
copd_190,copd,188403.06,103136.71,321850.22,8376.383,279439.47,7512.17,149697.98,25232.943,5340.794,28101.377,26593.975,630905.4,3612.5596,5215.927,616579.7,72971.21,85901.53,10119.716,12218.864,6053.05,46216.715,260640.83,149469.03,22265.266,4334.097,35318.043,17761.273,29304.71,2671958.5,5163.524,34034.477,180983.19,25205.309,11396.968,5862.759,171633.83,36215.758,8243.673,5460.2056,3695.0261,7169.327,11714.774,168918.27,118043.03,14796.942,61143.03,6540.508,6925.448,6594.8325,16273.68,395973.78,7961.9243,43382.914,4792.7217,17948.674,6513.2593,15131.203,7635.0713,2971.0278,9670.042,7270.4033,5153.894,21051.385,1645379.6,228703.3,26412.086,13676.482,12667.775,4360.646,38137.18,10638.272,81229.97,159019.83,11174.476,9751.285,14143.394,57894.47,16529.385
copd_191,copd,505210.0,71106.73,181448.08,14649.921,308638.7,8695.242,12567.4,57243.71,4949.9214,38231.28,36703.074,907157.9,270692.97,25052.885,839502.44,206464.25,300806.94,22017.885,15881.826,11580.921,52065.508,849121.25,1030734.56,37835.914,5730.69,141410.64,45780.008,40694.49,5137767.5,3349.8877,69058.32,441946.4,34996.363,11326.348,12769.391,128641.49,48695.46,57265.113,14647.588,2839.8186,4951.107,3801.5178,216133.48,179824.97,56203.242,129231.23,25044.332,10215.507,7704.428,42458.312,1034131.44,31911.994,31640.432,15013.4,29346.049,16249.826,104912.47,18193.977,2705.071,23281.984,27801.934,26174.842,15874.603,8284779.5,17863.422,70527.664,11337.069,9476.134,12768.611,77035.836,15560.118,1980326.1,546898.25,17919.168,8418.897,12830.234,186328.7,30302.236
copd_192,copd,518583.53,387513.62,126758.24,5717.068,470530.34,37888.234,805251.56,39524.773,7838.2686,46893.707,47502.582,1162620.0,4441.0845,33563.64,2087468.5,229313.5,206231.05,15440.729,15238.88,8842.277,120321.31,1012827.56,43875.855,48077.945,9121.34,98507.03,22974.328,50285.164,3249372.5,20724.188,110356.33,459255.88,48566.992,34913.887,4898.279,510565.03,71546.56,19070.754,5655.1953,28391.18,8990.898,2571.4055,181500.52,181912.77,62339.773,88521.34,15269.68,7599.616,5620.8745,25243.605,1087309.4,14739.124,98592.18,1713.9092,29142.783,11639.232,35615.832,9823.406,3751.0002,10683.602,12247.963,13992.024,11195.362,8211084.5,33235.555,579665.0,7746.894,6337.282,10371.08,103902.42,9546.803,1775821.6,31377.225,9725.595,85312.08,18266.322,180538.6,25011.965
copd_193,copd,223471.84,124602.15,53855.957,3866.8025,596302.94,14456.533,744538.5,35885.8,40688.824,33045.98,17696.193,687137.7,2976.526,46748.805,1350198.2,172945.83,57352.016,15005.569,10350.279,5795.7207,100833.75,639288.44,13060.405,48076.613,5204.3423,65859.37,23787.23,45887.844,1854300.6,12331.124,95033.22,328329.97,47388.74,23935.902,5628.439,443141.22,75571.46,30542.209,11840.752,2476.1882,15011.896,9111.332,128629.71,179721.92,51267.09,83965.48,8935.97,14218.633,4508.839,15262.967,677364.5,4235.84,98476.59,5448.271,22369.58,18195.852,2184.1396,2826.4666,3525.793,9082.457,4101.126,24709.03,3194.6682,8209197.5,413864.06,359460.78,4778.302,10304.409,7655.3066,117797.195,8184.1006,1777687.2,6644.2124,20380.236,69244.5,13474.415,238426.3,20239.688
copd_194,copd,278642.44,369489.9,69048.05,9678.042,252034.56,15290.358,446986.7,23830.896,25291.61,62857.426,28935.625,859289.44,10334.24,55490.68,1918966.0,260410.52,168510.38,22405.387,8202.324,9195.255,108093.09,984049.75,345357.88,78956.18,5814.88,52806.664,14326.318,82379.04,2435332.0,8153.0376,192170.67,553614.1,51411.58,83148.93,7001.7905,485178.25,126550.24,13248.644,19395.383,4664.785,9942.39,1518.1986,247433.8,238147.92,28646.355,106138.625,5338.95,8176.704,9389.486,11394.815,922872.6,2396.4495,278543.6,923.8189,46244.094,30145.287,80157.516,1194.0414,4768.135,11729.42,11113.668,25699.37,13656.696,8295215.0,132541.12,895759.3,6751.1323,52463.26,3324.3022,487771.7,16326.645,1877492.0,5945.3945,57845.684,99617.75,23160.092,274067.78,25975.549
copd_195,copd,87766.14,94045.24,262309.3,6000.841,390397.66,9783.528,284713.78,41039.336,11724.421,22748.123,34968.17,772074.06,546.8893,7642.3354,443410.5,48886.613,35541.254,12238.8545,20627.408,5084.5464,68081.35,148093.7,7830.766,15928.82,5054.252,36017.98,16896.928,28695.656,3371014.2,12528.625,28503.174,218026.1,23992.148,10993.937,12422.431,372429.78,44389.93,13730.1455,7047.492,2397.234,18740.637,47225.777,170758.08,147187.5,31910.2,79990.58,6722.3584,14100.522,5135.335,28205.367,484178.94,12701.965,72154.63,8088.2476,21130.758,7288.907,695.0879,9469.791,3336.219,8727.904,9622.936,12345.929,28754.693,697708.3,1410129.9,32873.63,12882.948,15475.847,8559.235,24187.318,11766.732,134960.67,100619.34,14875.956,7488.9907,15983.209,89368.83,20443.66
copd_196,copd,359740.62,121464.67,163419.0,10181.346,550491.6,7453.8086,1045354.0,26148.145,22483.088,24640.902,9196.746,1049926.9,834.9319,37699.363,1174907.5,165439.03,28324.893,24791.86,17192.832,5189.402,67587.42,518385.25,4967.512,35308.95,4693.345,113326.67,41959.004,19474.863,2848753.5,15542.291,47999.6,426435.47,47938.8,15340.797,11638.966,282425.38,48907.04,169604.78,14843.53,22776.975,5335.992,7897.214,117225.086,179626.14,23610.732,78058.85,21347.518,13728.548,2842.6228,36399.246,779386.2,14533.328,45753.035,25183.73,7734.712,24157.855,1579.9434,6101.58,3977.348,8358.977,2866.0369,37718.316,13141.686,8279992.5,460846.3,95713.195,6059.5547,5055.0957,14559.451,66250.82,10746.678,2038698.1,316457.84,9296.81,39189.773,7500.736,230252.52,13586.283
copd_197,copd,258846.4,27947.668,39037.47,1609.5696,369475.8,6542.7544,881371.56,16906.26,43159.78,14880.1,5493.0273,589941.2,4287.856,29750.6,1058781.4,109151.89,30496.512,13977.02,9152.992,3280.8726,65155.168,488311.6,13854.73,25978.348,4294.6714,123927.95,38474.63,19671.354,422348.9,9725.641,31923.775,248120.48,46667.066,9441.797,3907.4158,210946.61,31143.58,69374.38,8366.594,10979.476,4821.95,1993.7789,79478.97,110653.09,15487.704,77906.47,15083.985,3755.9126,2445.2544,12474.231,610678.56,4288.6616,33494.22,5051.9673,6745.8477,20327.145,918.51013,2912.928,2629.4028,11598.861,2570.3325,32380.223,5655.816,8309934.5,53089.34,45427.81,2957.6416,4499.3223,12091.365,59911.582,5212.2466,2019633.0,54373.07,7052.206,83209.85,15450.952,203146.64,13363.391
copd_198,copd,148937.72,113522.13,276467.44,7545.806,284994.7,4040.7957,19349.654,19561.908,3586.1865,28223.045,23902.621,320241.28,12473.374,13234.095,570354.44,82183.73,78357.72,10840.491,9495.069,5660.538,58233.086,302538.6,428264.97,28780.648,4622.6206,35320.195,15320.59,26042.521,1959923.9,4488.7383,74066.234,279067.94,31683.25,27411.799,4906.8086,81571.38,63371.277,10025.367,9097.794,2043.1083,6448.3535,3960.062,149391.5,115125.92,7010.812,52624.87,4593.7236,6697.801,9485.375,11883.144,375761.6,2826.6663,44060.734,6807.8223,23017.314,9440.455,58292.32,2740.375,3837.1384,10149.129,7320.748,4635.09,5539.6777,3697342.2,1057720.8,168849.33,6273.9146,30802.29,1723.0726,164414.94,11578.899,435055.25,137125.62,28205.717,15382.713,5051.789,102603.12,13059.944
copd_199,copd,235850.2,272147.97,381189.0,9885.26,494587.62,12180.571,227075.9,24874.443,37313.695,39283.586,42539.047,1015441.8,9998.753,12469.045,1219526.6,125049.28,88383.68,15590.645,36113.324,14293.168,75036.36,509895.0,418842.4,43513.066,4487.835,70678.36,23911.604,27800.37,5098854.5,7843.7207,95208.2,488652.12,36858.293,27093.67,13427.372,325751.6,89664.555,23938.232,8472.862,23601.93,7415.9688,19678.803,115525.164,176769.45,45653.918,93561.81,9591.414,24787.225,9670.401,31859.568,834726.0,24579.572,92402.48,13931.703,24849.215,8804.08,42852.336,12202.245,3846.6965,9015.439,9979.908,11585.317,38705.754,4787505.5,1866699.5,110219.484,15969.617,13183.263,11703.874,121696.805,15193.398,809348.25,235554.39,9496.419,7365.889,17157.844,118477.36,29140.754
copd_200,copd,335281.8,88915.2,91105.945,3017.0647,262326.8,25365.72,1477280.6,29340.871,43883.555,20920.01,15363.682,760027.3,804.38574,16114.844,1451101.0,186994.3,87399.71,13646.918,13244.36,4915.26,93959.54,572913.9,4699.8413,24242.143,4816.898,116878.586,35276.77,23600.58,1083071.4,26989.145,23453.564,198955.02,43011.65,12410.767,6073.593,631624.8,35969.406,15193.312,6266.403,9578.286,2723.1614,14789.38,110949.81,121253.1,21851.615,79336.9,19357.46,15646.788,5003.2866,16839.125,614556.1,8620.033,60085.816,7033.5713,10972.535,9647.628,196.10428,7433.829,2181.2117,13075.523,3074.613,17360.8,11634.926,8266272.0,48112.023,29009.152,4078.8406,6455.8496,12845.196,28787.4,5701.254,1773755.0,26067.346,8274.41,55395.66,14078.243,176932.38,24682.156
copd_201,copd,383525.28,51628.504,52486.03,3610.1687,292523.78,11750.246,283718.22,56748.31,11977.483,21959.48,11414.09,535769.2,42324.09,30545.15,920337.0,134905.2,189594.28,18997.56,7389.794,3406.359,50226.02,750808.2,205711.69,22812.127,5029.6333,106222.47,33072.527,31947.623,763543.56,3739.2927,24179.338,156118.33,41238.645,11147.192,3901.717,206883.48,39586.754,22376.152,7345.8726,1194.5543,2979.7405,41869.46,228350.23,72764.96,9352.466,82909.0,11430.583,16013.71,3867.7322,13489.69,630879.5,5276.456,67517.46,6797.415,18611.377,13449.673,61235.29,3974.3062,5642.366,12400.07,6055.019,17933.734,4654.18,8286430.5,478899.66,58408.734,5148.332,7048.803,9397.308,31569.87,6477.5176,1028160.4,22260.21,8375.672,50153.695,11873.684,104461.9,14852.423
copd_202,copd,93699.59,161399.92,226011.86,4414.3623,468020.12,4679.4204,5969.3623,19229.375,2156.2292,37701.99,19288.723,322843.5,8430.718,17929.545,1002668.25,95488.734,45735.234,11114.495,6917.0312,7617.4175,58464.688,599609.9,544633.6,47066.383,4430.367,27655.111,11780.555,29924.668,2904488.5,8865.271,42973.438,274057.84,21810.14,21907.957,2984.2368,175059.25,57996.98,11595.543,4837.3003,5428.7246,1630.6499,2776.0112,113641.18,91809.03,9127.858,43540.42,3935.336,8370.321,10173.464,9590.847,422888.6,3436.7007,43979.543,7171.2485,14902.71,9344.949,71996.4,3336.8047,3059.3606,5251.396,4003.5674,3163.6726,2271.8088,3161834.8,13201.81,217987.62,5181.616,10712.671,2759.6162,195483.64,7763.9517,709813.7,115774.2,10525.328,5637.8096,4014.1792,103504.64,14967.921
copd_203,copd,361421.5,315576.0,99005.44,7198.4893,458439.3,25484.318,363182.62,23773.057,78968.68,34198.727,28064.416,662708.4,13621.263,33327.54,1825204.1,242751.67,42409.867,14068.954,13394.091,15388.788,89453.67,848290.8,51152.08,57569.516,6112.98,109825.17,29665.121,51815.355,1831519.8,13449.468,96614.61,352542.47,50216.105,38913.69,5867.072,346194.12,86179.945,17544.344,12583.111,4389.488,13343.739,15813.523,207226.67,207692.02,73179.03,102215.875,13277.079,23458.51,5812.9834,23218.322,1017627.9,10816.871,102475.21,3685.4827,46913.836,14382.86,19642.146,3603.14,2747.498,9223.565,9847.553,23199.885,14015.665,8282164.5,14185.759,332633.28,5824.1055,16841.887,10291.993,295820.72,10883.815,1922668.1,6033.4917,20958.652,96074.44,20806.414,229148.02,40010.945
copd_204,copd,177876.27,195268.25,229378.03,7172.911,427069.97,10131.923,5223.8184,42340.438,6366.2476,40898.832,35791.6,780013.75,90431.95,13337.187,892092.6,164643.88,109138.05,14715.303,15682.076,9517.991,75000.086,818893.25,688106.9,43307.227,5675.655,96908.24,31173.83,35668.215,4332945.5,4168.4873,90366.43,434200.97,32687.52,16645.424,5890.5728,201074.42,61195.125,12864.69,5813.388,5710.5444,7528.5312,6661.066,157990.11,138807.94,25911.168,95617.86,10560.955,19084.11,8337.518,16688.867,731855.5,16075.286,60750.227,5800.615,22164.078,8798.749,95232.266,9483.231,2569.0134,11445.507,13002.476,10574.985,11401.74,7022676.5,21704.998,126927.48,12746.102,13664.409,9315.503,133587.03,11975.781,833912.9,87743.21,9422.374,8916.669,14264.706,113188.09,24277.611
copd_205,copd,218227.88,432367.97,307498.75,13093.881,397007.94,16676.154,100345.56,77205.44,194245.95,59155.95,51973.28,1272108.0,14413.635,15875.602,2051202.9,277975.44,25550.756,19450.158,27995.473,9965.108,101877.78,708851.06,63449.47,35703.066,5017.7397,126789.195,42487.72,121344.95,6056339.0,37800.71,51029.047,479457.62,42934.234,13430.087,13655.395,704988.75,50254.816,42511.793,7665.9966,1949.7603,11493.936,49362.98,178159.44,224350.34,69576.01,101014.02,20791.16,18970.312,7214.5254,56497.69,1006938.25,24173.043,193295.38,13454.574,50016.035,7138.567,9540.531,19910.004,2567.067,11904.663,11224.411,17783.207,40366.05,7652820.5,10381.868,193555.28,14705.005,27394.705,15638.509,81466.664,18651.02,1792239.9,590178.06,15161.943,48160.133,21275.566,202136.3,44110.81
copd_206,copd,441005.0,314883.38,201344.98,20646.54,466069.22,21844.885,566447.75,32684.371,58002.79,45007.527,35453.81,873441.6,34591.07,37860.203,1653882.8,259270.12,118884.93,20453.646,9322.222,17476.258,64252.16,1007255.2,397351.88,70415.49,7782.7915,123415.49,38562.61,41094.047,3086088.2,5953.8726,148487.42,499975.5,51549.492,39287.223,7612.733,308256.56,111409.35,57683.445,19695.645,43629.21,8822.001,1477.3857,263070.66,250440.98,85706.37,121208.48,17050.521,17341.191,11375.661,29218.285,1066383.6,16841.148,60783.26,1483.5039,50412.457,27145.812,96415.516,4173.465,5822.7725,14493.933,15067.522,30632.756,22741.854,8308833.0,474675.03,144105.97,13715.997,23674.521,9107.77,137473.27,18867.123,2030029.8,185826.14,25742.812,87897.82,22752.29,239865.17,41095.656
copd_207,copd,266053.66,154128.14,281888.03,8652.949,279892.88,7440.6035,228958.62,21004.457,5247.6104,32143.033,33097.26,695014.7,1699.3065,6394.845,1111294.1,33908.707,120148.74,7187.046,8291.467,7846.242,68767.18,216927.69,146678.84,20894.867,4372.9424,20593.775,9812.441,28858.928,2768214.8,12174.404,24692.633,245636.83,36033.645,17620.475,3947.092,204097.0,49969.31,13362.944,6142.391,4696.2876,6861.9316,5203.9106,138544.1,129342.195,7398.631,34227.34,4047.172,6874.6143,6900.7544,13679.183,328490.97,6285.9604,56708.812,3990.9766,19949.293,7019.6914,28920.81,4180.302,3027.0369,5953.5317,4500.138,9776.448,4365.365,2963633.8,629843.7,76702.94,10342.296,15690.933,1763.1794,39717.67,12521.971,137928.17,321923.6,15728.06,12381.398,5321.658,80170.36,12182.21
copd_208,copd,242560.3,121347.266,208692.1,2407.6538,667166.3,13074.313,12676.042,20401.92,12508.793,62516.953,27927.047,766651.2,72874.89,14726.941,1064284.5,148867.28,96279.984,7800.3,5797.153,5639.746,69286.445,346408.16,557015.2,47115.875,4334.151,29971.365,11860.192,41959.844,4598526.0,10707.941,84766.27,368976.16,19373.586,24077.947,1846.6147,330483.44,56647.516,8142.026,3447.5596,17295.309,5378.035,2537.688,82137.03,95518.6,28364.469,59053.418,7012.1094,4748.3457,5155.974,9926.235,709396.9,12184.022,103161.41,8211.992,13487.169,7668.307,87826.84,8258.098,2604.567,4669.05,3106.333,2678.3926,1271.9717,4865022.5,841.4472,111893.086,13154.075,5178.7505,6807.1665,93763.68,6621.715,271216.5,245904.02,5129.832,3331.2578,2564.5884,117328.44,14528.422
copd_209,copd,389264.12,105939.6,48518.844,2595.627,242256.3,4764.1655,208247.95,12403.027,5106.842,19280.832,10336.064,590419.56,33750.453,21740.777,613457.0,115267.87,30832.502,17304.531,4730.6733,3568.5466,50146.137,647088.9,268597.94,31235.463,4642.506,106730.91,38780.906,22927.86,652257.94,10709.259,41643.426,380377.03,49279.492,20232.469,5651.798,34030.13,47038.965,61106.83,8050.635,20484.803,5676.0986,328.391,69565.055,136755.11,10960.088,60748.258,15616.286,4097.833,3012.3796,22178.646,782276.2,5235.3267,48422.0,2353.4275,6311.0664,22546.668,22407.074,4531.229,3401.4524,9036.859,1967.3359,32834.96,9597.088,8308849.0,930574.0,80828.516,4059.8315,3623.1064,12046.9795,218858.14,5867.9727,2017167.2,505792.84,7035.296,29454.896,11384.713,185553.08,9044.576
copd_210,copd,278391.97,128295.26,88316.52,2567.628,332305.44,14022.056,746560.6,20698.805,7152.388,23931.795,6745.4614,786449.44,12405.133,22504.133,1098238.2,132547.7,12397.48,16411.838,14685.999,3289.0706,95373.33,451395.16,8767.82,22963.617,3564.0051,92951.52,34115.266,30693.7,1276059.4,75712.56,36104.473,300820.16,40378.95,14839.808,6510.2656,273839.7,32188.436,33495.848,7183.5576,4754.4277,2954.3872,11331.621,79824.45,168351.52,12726.423,58609.445,16580.098,11986.5,3786.3645,19820.145,668010.56,5526.046,107541.04,19035.992,8215.901,11095.737,211.37552,5070.4526,2751.111,6970.1597,1753.7661,28035.898,18700.5,8278547.5,63568.363,120322.35,3693.1267,5622.7188,12666.338,38276.445,6655.039,1918929.4,184514.06,7827.3613,37125.176,13699.512,109293.14,10294.497
copd_211,copd,292772.44,244971.97,257064.11,8770.673,347097.3,15034.177,17085.129,43406.008,8448.209,41114.98,43002.996,931493.9,73907.33,9160.582,1316127.8,172505.69,163489.0,14301.322,17622.441,11669.645,81600.72,852936.6,650712.75,44727.043,4539.3794,93718.54,32004.252,39917.836,4618545.5,6838.8076,87208.625,439385.8,39081.164,18533.582,7602.843,253603.69,73725.21,7555.269,6070.8877,6357.5156,7727.9717,14097.107,193005.98,183411.77,18938.387,104957.4,9917.273,18562.629,8945.931,20075.643,853862.0,20848.148,86368.86,2268.4006,35735.53,6847.887,91720.82,10492.823,3840.0496,12856.215,11934.312,12007.931,31911.172,7871192.5,17757.953,97318.53,17337.29,19839.227,9552.122,92713.37,14115.646,739911.3,102261.695,11699.5,30283.139,22235.535,66758.914,28020.45
copd_212,copd,261705.62,35916.992,56967.863,1366.434,153625.97,3502.0535,224899.39,40628.176,1604.5854,17656.93,14829.563,707783.1,50123.426,25127.639,530449.2,196165.84,55701.81,14704.794,11684.278,2410.8718,51917.203,615953.75,175817.34,18288.861,3859.6125,148080.0,54688.742,40438.914,823873.7,18676.172,48261.195,275440.0,38271.848,9652.249,7105.749,59628.0,32779.926,10111.871,6280.5244,2589.2778,5456.2646,8440.429,98206.4,71670.99,9932.116,68259.81,15958.822,5930.617,2953.1475,16862.139,831344.9,4506.3193,69579.45,3163.703,6666.831,10908.758,47002.01,4772.685,3317.2253,23816.31,4471.2476,23518.387,16256.43,8288059.0,154802.69,87699.96,4510.9683,7525.3867,13232.126,86119.805,6361.671,1521335.5,149061.34,9096.206,50792.547,15810.356,27277.752,9585.177
copd_213,copd,405730.7,268733.25,279869.1,5772.6147,737108.25,24879.83,201601.11,25654.58,70336.56,97209.35,43346.48,1131725.4,3244.0022,51001.85,1766226.5,177332.06,164704.17,11750.403,13607.213,13188.633,99638.27,453051.22,84931.836,70058.266,6450.587,39421.85,13028.581,33919.445,4568657.5,8084.0137,188182.72,522480.38,41035.42,73573.08,8057.825,623567.0,106743.42,53090.707,7110.278,77188.36,11877.603,5383.281,103074.47,195153.94,60855.184,73946.81,9288.788,14338.293,5490.34,22034.164,1223401.0,22371.287,187418.86,12569.09,20584.21,10788.526,47301.32,10466.875,6683.334,6091.2466,9214.359,5913.237,5607.856,4191844.0,469143.56,555054.2,13559.693,6974.3228,6767.3657,312881.66,16080.99,619506.7,237551.81,7491.827,23335.002,6667.041,148237.83,20931.605
copd_214,copd,64205.85,137957.23,104895.96,6044.6147,196775.17,12389.407,52488.137,26258.902,20071.643,39131.625,20120.822,520410.66,109221.14,25053.793,544645.6,89903.28,88296.81,17433.64,10915.668,8935.987,71586.086,629953.06,743631.6,49669.46,6012.2305,36108.676,12930.809,28121.537,1839837.0,3068.5532,89170.04,454895.12,32047.318,30014.043,8024.271,246576.83,88846.625,32112.791,16862.83,1774.582,1093.9731,10260.503,178370.42,134879.22,6781.704,63170.043,4318.506,19741.834,18487.98,13965.014,478547.66,3498.3906,49800.94,12242.381,21084.84,18899.197,91708.31,3012.3738,4294.204,8848.402,4966.0576,6983.762,4909.285,6032871.5,690879.8,273762.66,4620.377,54074.48,1256.16,165521.42,13905.286,1226257.0,39313.42,44042.797,13443.325,10029.432,211174.66,29602.943
copd_215,copd,64961.836,102809.305,303367.8,8663.264,288234.53,4244.1636,26884.33,38899.887,6465.438,22637.486,25974.137,466792.5,652.81116,8108.338,326343.0,49360.297,14673.146,11984.808,13569.487,5593.3145,47764.93,187173.61,88854.0,25993.764,5959.7134,39272.91,21453.793,23964.25,1911400.8,3666.1865,33765.008,183502.22,26058.994,11093.007,6991.033,84102.84,49606.168,21896.906,6485.6597,2667.3103,7468.7393,41253.04,217577.02,133257.48,5641.769,73995.2,7917.6606,22120.744,5922.042,28874.646,570557.3,12276.933,30989.188,5223.7686,16935.47,9116.278,3461.8064,8550.301,3508.0486,8972.515,9953.282,4956.5503,15632.424,295325.72,1240126.2,17252.934,10391.4375,12719.725,7609.0522,68308.195,14933.357,117542.68,136407.2,10736.647,5954.27,7947.622,99466.81,19195.094
copd_216,copd,277489.7,218155.47,246840.58,9443.949,593397.25,16568.258,77509.39,42488.65,11473.082,37209.47,29348.062,870851.56,373.74283,10971.917,1434181.4,118147.21,103702.16,18348.508,23826.646,5831.86,77388.41,505129.06,99076.66,36016.297,5296.611,58856.24,18870.812,44960.08,3619651.8,26968.662,33723.074,324798.62,40294.125,14428.709,8044.4175,243821.5,52813.26,17811.434,10469.66,1987.6959,11938.99,31918.6,147104.7,177527.33,32180.424,68937.97,8059.3623,14459.126,7126.219,19254.756,553121.75,5981.742,100446.09,10230.923,42857.69,8722.795,922.6889,6269.368,4134.068,7935.0107,6481.6836,13264.511,24818.14,7214950.5,4988.6616,148346.44,11238.069,26630.318,6083.298,91174.695,12675.716,1315218.0,168110.06,25748.46,21354.176,18171.97,123967.67,28583.67
copd_217,copd,113303.76,137034.23,148464.62,3624.7278,280681.7,5600.4844,9017.917,19469.775,2660.4219,40323.496,20575.242,452173.7,47850.145,29819.059,1046593.94,115615.21,89894.445,11687.655,5915.5835,4292.2017,58784.098,591730.75,428688.3,46564.457,4099.0566,24446.082,10287.626,39418.805,2203858.0,11071.836,97679.12,353049.16,29531.799,40063.41,3040.7356,189981.27,65896.37,20244.244,6272.694,4454.1646,2793.5735,4475.3438,127170.41,95489.19,10748.554,54379.03,3662.953,9158.494,7540.3237,9654.229,466907.8,2088.8926,55354.785,7829.011,18895.646,10091.918,72122.37,1904.2875,4605.131,5809.314,5485.153,4518.229,1484.8927,5500619.5,45192.22,478752.16,6088.8247,24934.465,1853.6587,278286.06,10132.058,530836.3,74132.305,21421.203,16659.988,3437.871,133678.92,14814.509
copd_218,copd,333080.56,362338.47,430357.97,21250.219,802811.7,13190.369,195515.33,43979.414,168051.39,69747.875,37957.82,1096135.1,334.17905,28262.83,1726721.0,227282.81,11894.732,21934.654,21976.953,12871.465,87131.234,256065.08,4358.5913,51247.684,9283.678,106737.83,30998.084,93260.79,6013709.0,22573.434,58442.11,486832.0,46412.21,29200.957,15366.334,560369.2,98033.84,85809.99,14635.02,5287.2275,9779.068,41765.57,142661.44,247785.89,34268.953,89753.7,17095.496,24055.293,6435.45,60468.44,874748.7,21803.008,221905.39,17087.621,40001.22,13955.534,352.42676,15438.785,5915.9053,8392.577,6408.884,22351.111,38467.69,6361193.0,42653.363,152280.2,18007.312,20428.146,12730.66,188360.3,20286.822,1866889.9,514963.66,19092.338,22190.537,16969.812,263107.28,36962.242
copd_219,copd,424978.78,329984.9,183826.27,17645.465,459984.8,15555.712,97299.51,47606.08,34273.1,50913.695,42551.14,839476.8,30377.787,21888.326,1656714.9,210920.66,166638.2,23869.293,15119.907,11786.95,73369.945,1035578.25,493959.28,44100.965,9261.763,76254.016,24924.74,37537.383,3831056.2,6685.9287,40486.07,477466.78,48463.67,22712.592,9099.018,332016.53,93601.7,22018.115,15350.969,2006.8605,6802.565,21601.516,337713.34,213944.7,17801.584,96688.26,8616.096,26139.89,8426.071,32993.86,940297.8,17391.941,108326.53,4307.6406,46637.97,13903.218,84246.77,6138.3906,5211.128,8526.537,12239.94,21485.08,27109.41,8154204.5,114167.7,214840.86,15693.103,25681.115,9269.15,191557.7,18960.979,1629257.5,249904.4,22505.764,47609.574,18618.371,155286.34,36382.863
copd_220,copd,153128.34,190488.34,204195.9,3804.126,1335157.9,10610.872,101160.08,15799.428,29521.69,104388.0,29542.193,853032.6,19036.3,72660.734,1174682.2,204363.83,91811.23,17441.041,8811.095,5934.369,66233.38,460941.25,178713.19,82541.2,4413.5244,25392.418,9103.636,15673.747,4871880.0,24139.43,245722.34,537499.0,29070.525,96839.6,6461.3013,316632.3,107948.664,110838.664,3919.2007,44619.594,8110.6973,1528.0118,65141.688,81818.37,51886.316,40900.43,5937.647,4124.4966,2907.5044,7644.8433,1397770.4,12190.206,27263.656,23801.414,9840.915,17859.59,35802.29,8571.195,3958.283,4103.384,3393.8323,4684.311,533.89996,999490.06,17713.45,1118331.2,7759.8135,3480.419,6954.8457,544718.3,9994.225,1038411.6,182857.77,4723.635,3730.482,551.1846,239119.69,10458.692
copd_221,copd,360385.5,188893.12,160290.42,8391.561,514610.7,22254.014,604369.7,27286.729,15091.914,32751.207,21006.72,664392.3,6036.036,18745.303,1169761.1,131087.94,180306.66,14933.8125,7673.634,8488.603,93711.92,678003.7,46983.953,32330.914,5052.285,58677.566,22232.375,57611.973,2116460.5,10424.533,48434.52,294256.84,48261.61,30439.848,6117.419,363858.62,82149.95,18121.02,14722.616,1634.0323,7857.7905,6621.159,173610.31,180035.69,21008.865,79301.35,7817.162,10766.293,7132.9585,19727.322,506649.75,4500.4985,125969.016,4246.61,37516.98,11763.602,27046.63,2262.9124,4467.9814,12261.217,6559.976,20018.688,10520.832,8218754.5,215065.53,216530.64,8729.253,24501.121,3162.0042,80127.78,12305.242,1683571.6,84013.94,38120.598,55587.82,15294.982,146678.0,23573.45
copd_222,copd,276435.0,132519.77,204780.17,2838.6729,506351.25,15167.729,22217.37,19221.582,10401.096,45955.465,30997.67,820905.1,113073.62,6886.867,1159375.9,80425.67,115707.98,6920.6543,5886.9497,8322.756,59552.188,220940.78,709497.0,30696.832,4767.534,32463.215,12375.531,40138.79,4346259.0,5725.4937,61807.34,339716.1,20670.615,22219.338,2680.0615,296686.97,58586.14,6505.616,3626.81,11034.012,5132.622,1854.192,88552.164,111499.164,21347.926,64809.67,6227.114,5175.037,5441.063,14065.037,530902.1,15412.451,101346.93,5081.1235,15195.674,6726.1294,93014.836,7235.0264,3240.64,5351.3804,3326.742,5928.9146,3381.9617,5234326.5,12682.233,32703.234,14477.3125,5640.919,6337.4575,52212.793,7262.689,104054.83,164585.62,5988.7183,3917.545,7171.221,49697.082,14853.712
copd_223,copd,246688.55,182981.97,223857.72,10506.031,335225.53,10343.075,26731.16,32978.664,8997.375,25924.887,34767.984,708879.5,33067.258,7012.7114,980271.25,105181.15,126465.07,10660.648,14165.047,8235.24,62015.65,671656.8,426951.88,26863.031,4632.747,54382.402,21231.885,28634.146,3149751.2,3851.9622,38706.16,332042.8,37715.69,18343.102,6152.893,139523.16,57736.445,16887.857,6768.0566,3165.5898,5293.2476,14864.937,230813.14,158009.55,13685.63,77200.21,6217.588,16542.459,9288.727,18929.432,502396.88,10043.388,63225.793,4620.663,31145.006,7359.3374,80019.04,6398.75,3178.6262,9134.869,12414.116,10620.237,17904.87,6256280.0,344883.6,53056.945,13224.114,18784.549,4913.169,64263.438,14421.651,391416.16,147536.88,14831.544,19669.084,17178.752,109125.56,20100.242
copd_224,copd,95869.96,113243.375,213157.16,1889.3721,308992.7,6992.007,5609.8887,15545.404,1487.5386,27172.129,26541.803,513636.94,115350.78,7920.735,610062.7,132663.92,54431.23,5737.4116,6460.6357,5517.903,78379.32,661321.3,668402.44,34154.594,3053.628,63357.258,24065.527,26143.955,2892431.2,5033.0645,75236.71,320379.97,13413.932,14360.984,1660.7365,131515.69,45023.754,3482.1758,3154.49,8698.693,3989.2715,663.88983,92052.06,81190.31,18543.395,61432.65,6887.5376,4543.9067,6132.0415,9377.896,485023.28,7541.7266,37258.258,4242.5083,22473.848,6736.8647,99702.15,6490.4497,1717.2914,8531.223,5493.8813,5006.2944,3688.409,5058142.5,1003.48425,79813.64,7490.677,5062.131,6570.5215,133087.92,5561.464,471549.62,126999.516,5616.276,3132.7627,6854.213,54756.484,12719.154
copd_225,copd,222631.19,281959.28,210491.44,9385.001,245768.05,7042.936,47915.535,21818.63,4685.1064,54771.63,38656.984,741794.94,12844.682,22640.1,1464769.9,122838.94,131484.47,9559.349,7457.7056,8415.855,94752.49,514360.94,268397.97,53191.0,4984.371,31510.191,12598.915,39633.105,2405585.0,5633.74,84453.76,402817.53,42278.46,59275.562,5636.756,211523.16,90875.984,17672.799,7525.7886,5641.5376,5363.834,3944.4988,198278.42,164769.38,11243.344,52356.547,5942.112,7925.065,10006.1,16764.227,627828.7,6936.4688,123251.52,5490.209,33901.043,9949.514,59955.707,4091.7046,4873.499,6571.399,8614.731,14753.793,6302.6323,5026554.0,956183.5,458035.53,8946.323,14862.839,2727.618,240412.06,14228.007,330473.7,171388.31,21940.555,44882.066,9895.684,90240.78,14246.12
copd_226,copd,183602.17,46172.305,91889.8,1952.4551,443358.5,4652.2363,547750.1,33998.63,21212.455,17991.95,6068.346,386191.75,4180.804,25084.635,551600.44,122048.04,40279.293,11458.604,7640.025,4939.093,42245.977,411709.53,45694.297,26349.941,3856.613,84319.92,28948.791,14848.685,1047015.2,11335.771,50727.965,248995.42,39188.504,18188.824,5906.005,108170.125,47508.973,24433.52,8997.341,4911.8945,6802.701,17031.344,69561.21,108984.016,20842.64,77860.63,11835.762,19493.297,3865.2534,16978.182,566966.56,6519.257,54604.887,9997.132,10979.339,14709.156,11547.7,3242.6223,4555.82,7954.7285,3557.0896,18527.025,18049.525,8276132.0,1624158.2,64098.418,4269.75,5476.631,11536.867,45167.312,7718.749,1710774.0,40296.2,8894.84,36321.57,19817.291,129453.13,13859.105
copd_227,copd,256077.05,116273.68,321637.28,13190.382,422347.72,18273.014,319226.5,24746.998,35151.57,45480.824,36255.156,787920.8,459.12903,6642.6475,1267329.8,70876.734,85466.64,12245.721,16819.094,7099.53,90460.51,151674.94,11955.9,20745.11,5376.861,28875.115,11218.739,49658.473,4126894.8,18621.143,14969.705,249239.4,37744.91,11312.982,7772.947,446602.34,48462.797,20173.395,11251.046,2311.4973,11047.163,38084.914,124818.016,179165.23,25706.748,42791.895,6713.151,13885.05,5896.43,21527.928,361145.53,8868.638,130366.34,9513.471,24599.6,9212.109,186.00536,7537.764,3461.44,5793.8857,4864.9624,8241.338,13401.554,1265244.1,107204.04,62692.43,12933.634,20190.506,2532.6523,37922.29,15110.407,346088.2,320149.38,26561.377,6547.905,9004.071,131731.72,19752.531
copd_228,copd,508955.4,176052.25,176177.03,19026.463,437978.88,9903.644,147843.92,55367.19,39277.594,31301.785,23560.84,715423.8,27997.209,36443.914,1567375.1,269207.0,88558.75,25895.037,11351.135,7558.65,50334.49,1035390.6,379610.2,40826.152,8066.376,163353.88,49928.246,43775.793,3390064.5,9130.166,52219.414,404739.4,47735.19,18074.088,8769.367,177913.6,50000.82,65865.08,14623.495,3665.9731,5134.164,18621.604,149954.77,193149.61,24765.438,114125.14,19713.875,18959.225,6723.038,25640.932,995822.25,11033.411,72467.516,3230.8918,18972.736,14287.785,84286.96,6288.407,3486.3538,22081.75,19470.443,12533.764,19097.8,8308144.0,13025.772,98595.66,8409.476,23760.635,11896.343,214498.36,17076.658,2005439.9,228663.61,13376.703,81505.91,12136.147,218013.4,28646.984
copd_229,copd,142752.77,99901.65,185383.27,3001.525,186665.75,4590.6313,10432.043,15657.82,2413.2766,22961.623,21597.746,408786.56,67513.73,4382.137,475292.0,52844.902,52494.14,9208.666,3623.6387,4623.604,52974.53,387216.62,278671.16,15499.067,4105.2275,24812.72,10750.286,30169.303,2850318.8,2982.236,26790.959,237005.1,17016.73,9589.393,2120.576,77852.766,31678.023,4524.2495,5014.7397,2406.331,2403.3162,765.4441,118556.02,99637.23,5742.668,45597.48,3692.3447,4163.0674,5383.332,9755.519,275538.53,3839.2695,48059.01,6765.8105,13676.222,7218.5176,72262.55,2547.5562,2321.849,5988.33,4398.94,6539.098,2973.9216,4409291.5,4913.7407,18268.152,5989.427,34509.848,832.68317,58019.773,7151.706,235827.94,80422.836,27761.607,11700.749,5140.02,80990.63,11523.077
copd_230,copd,16021.884,70189.08,19296.229,1146.313,70513.54,19188.43,24902.191,11586.898,5239.253,52827.316,11024.3545,156307.23,186005.92,73489.414,157280.38,301420.9,31114.99,25309.635,7123.0664,6160.909,19203.389,664757.4,618359.25,73812.66,6958.827,37329.926,14742.442,13626.486,1012356.3,13322.389,275662.6,549910.25,25572.04,94703.62,6633.606,134645.05,114100.98,129995.38,13025.275,3977.6287,509.12894,2515.4155,79567.25,100169.53,7657.001,76022.96,5391.847,7364.4424,5847.3506,7127.6807,1297702.9,2389.2002,13498.339,20331.12,19361.56,29041.623,93148.79,5406.2153,2766.0647,5780.2017,4699.514,6493.8433,1091.0682,3672227.2,7792.871,865181.94,1827.9617,22042.277,1590.5,521046.3,10623.186,1662632.9,2846.9502,11543.384,3560.3997,1199.1168,302126.0,17077.521
copd_231,copd,480300.6,106349.375,110852.51,13213.688,401018.3,8864.672,10597.521,62390.03,3040.6487,42754.203,40553.465,983392.1,251856.52,22405.834,805537.3,178906.22,191094.23,21815.238,9969.082,10254.056,44906.426,986426.94,997470.4,44369.867,6745.6865,121584.05,42899.277,32958.293,4021971.5,1955.0957,96830.64,473307.2,44377.695,13546.535,10969.897,78537.195,62663.617,45427.246,13770.039,2148.2454,9934.513,12980.494,322151.47,173839.78,16406.518,123380.66,19983.396,21985.885,8352.035,30915.508,1025219.06,23207.299,28078.096,5674.5664,31756.852,19094.96,104973.516,15162.247,4844.6006,18191.895,26542.207,27004.67,11664.325,8299338.0,34262.023,60291.66,14124.885,10907.363,11744.073,83324.2,16351.718,1821854.8,109788.1,20410.795,14442.284,14165.29,153531.8,25710.793
copd_232,copd,351839.12,114463.586,163173.88,10115.431,593574.44,11981.984,5258.0825,52310.434,5750.7915,37615.004,37417.754,815474.4,174628.89,16345.247,1235218.4,152529.31,235603.14,23201.545,21673.764,7615.34,78360.555,1086587.9,918537.7,39733.207,8247.322,117274.29,37614.43,37468.637,4888905.5,3740.7913,60748.2,447772.16,38832.945,15586.199,10178.656,169305.0,61768.156,26705.016,9585.049,5213.748,5688.4453,21918.303,255580.55,186279.84,13165.2705,113954.39,15806.165,38105.55,8203.067,20733.578,893682.44,22121.926,59861.55,9141.441,20647.602,11355.899,102611.14,14316.266,3562.8086,14222.118,15128.316,12511.752,7818.0645,8220103.0,10602.799,81299.33,13601.349,16290.87,13224.493,83655.43,15461.891,1518141.1,48645.473,14046.898,10560.119,11092.51,141913.08,29051.707
copd_233,copd,290428.16,67643.39,132222.47,3061.3838,299673.38,9408.294,353490.16,12872.287,8298.912,41865.11,20458.29,664068.6,62217.3,5315.028,1342088.6,39253.625,126508.13,7029.7217,3156.522,5689.1997,39988.44,304990.25,194765.16,20138.465,3304.9917,17581.43,7529.479,24718.6,3386061.0,19013.91,19750.986,268608.72,19409.705,9984.716,1532.3458,169639.72,31646.678,16094.754,3652.1682,7585.8203,1954.043,583.22125,72024.97,69720.805,5243.6875,21071.17,3219.4495,2851.2324,3870.8215,9233.907,274837.56,6626.58,24108.303,5840.0874,10104.448,7927.7485,52213.79,4207.9434,2372.3699,4337.1123,2284.122,7564.073,706.9896,3426939.0,3329.9995,71648.375,6976.665,9554.126,942.82007,52220.51,8617.0,343626.8,365989.22,7845.2695,6690.241,1030.476,62857.066,9985.764
copd_234,copd,160650.52,143553.33,158314.38,6728.2534,234096.5,6349.389,38457.79,20218.582,2320.0576,26285.562,23669.51,294843.94,31410.787,8693.062,542628.8,52230.87,103126.38,8854.633,6594.9395,6111.1553,53306.125,294605.88,439495.22,27437.064,4468.996,24693.717,11296.626,25778.264,1873943.0,3273.123,43792.164,247044.28,28722.16,21357.15,3814.3694,95517.6,57445.895,7779.333,7545.684,1783.0348,3065.5688,3331.1433,141988.75,111843.05,6874.752,45313.273,3860.9714,5866.9487,9128.128,11071.836,308790.88,3483.4282,49863.676,7759.2285,20955.314,9386.782,76006.36,2801.3787,3927.187,8380.051,4439.0347,8111.6025,2031.0208,4300066.5,697236.06,75686.79,6127.674,46015.547,950.5138,145487.55,10192.441,350839.66,160831.25,34785.895,12405.866,3630.7979,110590.22,14672.657
copd_235,copd,56541.89,88736.2,97793.766,1415.7883,236070.06,5698.481,3545.933,15462.111,1959.6996,35052.58,14902.469,419278.03,75931.305,8784.754,681555.0,83191.92,29564.348,8190.7305,2742.6675,4076.6467,63895.727,515388.16,491762.84,26221.588,3937.341,23536.518,10163.736,32047.441,2169394.5,6727.894,44191.105,294001.88,9224.647,15446.208,1491.6262,170479.5,40123.33,8644.453,3586.5012,2911.2805,1266.3457,1396.7733,111978.805,69290.48,4932.177,37514.69,3793.9788,5861.741,4423.6655,9263.176,370845.88,3773.589,47819.03,6509.5327,14622.268,8888.157,86688.13,2408.621,2555.6028,4511.7344,4107.852,3525.9443,1089.8093,4563597.5,909.0469,96522.234,5229.7363,7788.955,2051.2456,90359.37,6160.5215,198339.69,36809.707,8198.03,6213.8887,2504.3872,93093.82,12927.628
copd_236,copd,450995.4,109331.4,255906.39,5638.9824,605176.0,16575.008,35073.88,40852.285,7601.073,34839.445,39989.164,929212.7,125939.47,13694.26,1221684.9,89391.84,235151.73,12655.663,13579.482,8328.822,79367.555,413988.4,768065.0,26135.354,5633.1333,75637.22,22453.816,35997.1,5376211.5,5100.5327,53805.133,350043.22,33368.152,15187.966,7365.756,214248.94,53298.855,16643.154,6424.503,3018.291,10200.436,15847.162,201341.14,148930.89,33984.82,100492.47,10629.743,14165.101,5488.738,31986.402,703366.3,23246.285,75596.76,14550.997,21381.729,8506.693,100201.06,11470.423,2954.076,7744.1753,15550.52,16431.588,9503.849,7479615.0,197763.23,38009.44,15867.987,7790.1807,10547.869,31488.771,12201.966,631820.0,174105.4,9736.221,6905.64,15625.329,107769.78,20124.45
copd_237,copd,277122.62,76857.0,146996.16,4808.5244,354885.2,2984.507,321092.38,30591.533,10688.382,22428.926,7815.455,649703.25,6792.9106,30284.469,1081766.5,201626.88,3243.6433,21685.156,31155.225,2453.0706,51213.387,243326.95,7713.3325,28153.176,4410.5024,160378.81,45328.36,47833.945,1595298.1,69811.49,46377.7,323718.78,30189.94,10803.57,12660.781,120368.14,30076.395,27747.895,10199.355,31423.252,7237.587,14344.872,52444.453,141325.3,26075.625,67463.07,21772.773,6971.742,3451.1133,16264.4,739213.8,4732.7812,51809.426,17676.912,6406.1274,12982.822,40.17431,12342.35,3615.535,13583.809,1827.3452,20717.133,22143.055,8175236.0,19243.979,153122.08,4372.204,12266.656,12569.378,223551.36,7134.5234,1987686.4,439805.06,8030.32,35605.477,11630.311,82863.234,10711.108
copd_238,copd,90793.516,125525.78,215577.06,6251.7046,305126.72,5022.2983,11432.099,24673.941,4888.6963,21767.19,22899.47,327353.56,14412.04,8403.526,366200.44,101095.75,54285.402,10131.188,7630.6304,5928.649,65596.03,355976.34,552842.25,26958.352,4219.805,43071.91,20605.012,19928.014,1782297.8,1807.264,51091.523,208850.19,25759.906,17925.135,3604.6387,80593.98,44760.496,6780.191,5484.839,1869.2694,3271.531,4821.4946,204365.98,98371.0,6968.837,49833.344,5626.222,7413.359,6789.0825,13691.387,415998.12,6037.7,40914.945,3721.2622,30260.158,8818.064,73730.836,4758.207,2473.4753,9561.976,9447.13,7500.2065,7999.4585,2684125.8,368181.75,49802.082,7476.0303,15582.275,3298.5254,169874.47,8264.882,155668.6,98245.46,14736.004,11520.847,8778.773,85705.06,16781.664
copd_239,copd,228622.83,206773.22,123924.055,9585.589,456518.34,7912.9497,170826.0,40566.074,8634.441,35257.4,27495.557,711711.6,16737.707,43619.14,525414.0,152743.02,109072.7,16466.793,5257.952,7152.6475,75493.664,657169.4,422832.12,46888.117,7348.255,64027.977,33659.26,74266.76,2063733.2,3647.614,159679.06,437404.1,49190.84,53728.883,5705.9653,146527.7,95219.65,21532.303,12969.319,1281.3185,19360.896,1764.9587,215956.1,172306.4,30723.367,108652.13,8714.778,7448.8477,7775.416,20354.73,870778.5,4220.324,106490.95,653.8427,26342.906,14286.041,73611.75,2813.7087,4919.969,13857.241,10878.907,23048.354,10092.977,8149377.0,2962752.0,338362.62,11886.941,24260.924,6711.3066,421451.66,12424.492,1564521.2,211061.31,34440.8,69305.67,19091.191,209837.03,20334.746
copd_240,copd,219349.81,269069.94,177130.08,14378.02,244310.3,12591.636,172775.88,33121.008,25456.941,53272.53,36265.91,689748.1,16474.395,43156.902,1027253.8,208515.84,95920.266,20923.162,11449.394,12570.349,70866.4,851058.9,411998.62,73285.54,7023.0195,81373.72,24062.498,52584.184,3068430.2,3453.5305,158402.12,503214.94,49179.582,73411.734,9938.815,266181.03,118250.805,11648.072,20817.271,3493.6882,8839.124,4994.0605,221388.56,224161.08,25703.096,109224.99,5881.1294,10406.443,13178.298,22874.85,911877.3,4611.478,145221.95,1623.0096,50224.727,19597.686,85815.97,2788.6755,7147.3145,16731.77,19415.574,14901.175,32489.107,8079221.0,1442908.1,592772.25,13091.758,60574.703,3526.3142,455555.03,19357.018,1483513.8,82250.766,50288.76,62455.934,25453.566,152742.14,32335.23
copd_241,copd,254039.64,176602.8,323202.7,6008.5786,622504.0,13399.125,8749.667,27813.709,6171.066,48938.02,29539.996,776268.4,62729.99,28507.633,1046002.2,137876.48,140617.6,11606.275,12097.087,11672.505,60092.754,597051.25,756701.2,47330.652,4564.2544,71264.09,23691.01,39517.195,5163984.0,10241.545,95326.586,429323.72,26296.945,23981.055,4010.696,196723.77,66869.21,18897.863,5866.669,10246.831,6442.28,5282.0103,92911.02,112540.55,47326.547,84129.234,12103.78,12507.97,6643.0527,17817.55,896167.75,19479.86,60193.414,11914.136,15630.337,9162.329,94788.1,12542.23,4208.8584,7005.799,5819.7627,5173.0776,3660.0574,6419013.5,7312.89,205867.52,13441.158,7415.5728,9825.777,172667.16,9996.407,1161244.9,313703.9,6448.483,4361.9146,5065.599,148063.62,21044.379
copd_242,copd,600925.94,130390.836,165283.86,23369.457,585956.75,13030.01,6450.7407,47570.402,58366.36,32740.215,41480.914,1051297.6,175609.72,18314.137,1609932.1,178886.25,202754.89,25068.707,21132.795,9419.185,26803.48,998043.2,933298.06,26065.93,6468.584,150843.33,50560.85,32649.166,5433409.5,6481.9863,49296.508,415990.6,48838.152,17299.432,16745.883,108316.51,67694.63,114698.74,15838.474,1198.9092,6266.7437,52168.992,235998.48,202008.53,21840.824,122313.48,15120.484,37484.652,5427.0884,45477.05,842967.44,24196.523,66057.01,12926.949,33826.406,11999.939,104073.29,11404.416,5371.6167,17954.168,23046.66,26496.783,38710.734,8306662.0,58462.457,78380.44,16019.454,13581.4375,16548.818,40606.06,20500.633,1878708.1,355890.47,14814.904,22645.477,18349.61,184769.03,25831.742
copd_243,copd,79764.336,130439.72,186725.56,4038.21,327737.16,5171.588,19539.924,21042.432,3010.2566,32820.027,24032.959,359948.25,17240.795,26360.498,569485.3,158892.33,60739.164,10863.168,8722.812,5049.939,57044.684,539370.7,432873.78,43106.676,3772.1782,52012.902,17869.25,28958.484,1765052.9,8971.1455,121773.43,349757.9,29884.625,35726.227,3206.1907,138591.66,67045.2,10122.273,5469.7866,6045.693,5266.023,5898.511,116477.445,83956.19,8002.9385,72797.02,5936.8433,6122.9937,6222.5776,10922.323,593586.9,3445.8826,41507.625,4457.569,23087.822,9351.788,75980.99,3972.396,3642.3672,9707.856,10940.746,4914.345,4343.339,3910195.2,243463.44,351823.7,7243.4087,9679.426,4875.159,274893.38,10439.328,177329.34,73780.36,8780.741,6083.414,8482.177,110099.09,13024.53
copd_244,copd,209769.81,133895.06,195559.34,3836.3809,722763.7,6369.2905,85201.74,18201.979,11532.676,72969.75,29651.912,621085.0,7155.0425,41975.85,1318929.8,102973.37,107997.88,9151.893,6670.291,5186.418,65165.36,351999.56,238068.44,52779.426,3693.067,18677.098,8154.453,24974.16,3027235.0,8979.723,106907.86,348278.4,28563.885,54977.93,3500.4404,287737.12,66193.984,27297.895,4248.3193,13979.353,6687.1343,2793.5337,81939.71,81234.766,16538.516,21628.81,3777.976,5177.0513,4272.936,8380.115,617888.8,4090.1514,41691.39,6006.991,14532.731,9558.747,30686.06,3188.381,3822.4812,4109.918,3821.734,5482.093,801.7946,1634519.4,152941.83,718508.94,6960.1016,6282.16,2407.2576,280287.66,9682.289,291675.25,218167.53,6866.148,11141.07,958.41705,143833.16,10423.439
copd_245,copd,220035.34,71366.586,68301.23,3436.5237,486359.6,26829.209,525849.56,26592.4,52796.24,18559.018,6981.1445,463506.75,363.48822,40801.086,987026.4,173965.16,40189.39,21564.568,11628.092,4688.862,98660.94,737449.25,1005.9185,27762.533,3909.9026,76275.33,19617.752,37910.355,802693.0,11599.171,21199.309,189818.62,43719.55,11102.131,4456.3955,640046.06,27506.73,126821.24,11257.97,2578.2124,4455.006,26901.668,102307.74,188340.55,31233.408,74171.06,20916.938,13820.009,3583.003,16295.78,581650.8,6208.5566,76722.62,16311.314,10663.74,19891.252,35.559902,7441.661,2238.8994,5472.7354,2506.6125,20566.217,2849.6716,8160965.0,3656.3826,128123.83,2725.3706,9867.861,10576.075,97589.45,6137.05,1850070.1,52876.61,8572.495,38359.95,6966.458,218195.62,26960.947
copd_246,copd,530371.8,241249.45,355524.75,10199.871,583170.44,34521.24,25023.871,34226.785,35814.992,47295.23,42119.535,1035820.25,194294.69,31137.105,1749168.9,210090.14,334722.4,21723.947,36664.31,11245.574,89419.64,566666.0,1045684.06,44907.37,7211.2505,108218.73,24597.605,89296.93,6812703.0,23674.184,86949.94,526772.1,34829.547,26581.701,13361.505,324805.12,73977.64,25012.133,14011.989,12140.419,7219.4883,13062.249,161587.83,162989.27,105586.18,126928.805,15816.027,12318.453,8048.5234,48862.75,1048747.0,26244.406,204141.39,38772.992,22847.748,11442.8545,99985.234,13072.88,3087.4253,10566.355,7889.61,25442.984,31861.3,8052682.5,31489.732,110947.805,15956.342,10149.39,15074.81,42855.566,12950.05,1849189.9,410365.78,14551.414,3765.617,20856.281,156134.11,41611.586
copd_247,copd,399605.78,46022.305,70433.16,2225.3643,232802.55,18834.51,1261994.1,17945.318,84818.516,19752.719,5353.9585,491025.22,3734.1848,28022.88,1370362.5,196168.47,24572.541,15166.412,16087.434,3064.2854,88741.7,291909.28,1094.277,25135.045,4094.3674,143096.8,32030.85,20378.934,583631.1,32378.742,26638.193,183882.02,43742.824,8971.539,6140.721,372672.8,24742.184,52205.67,8560.697,38553.637,2275.8179,20066.703,57536.86,151175.86,22048.5,56954.72,24855.97,9167.085,3803.694,13289.063,620284.7,6049.7427,39076.504,18404.24,7849.0415,15043.815,58.38041,9123.367,2060.9949,11181.512,1860.7028,19706.336,4526.93,8304785.0,3984.3198,32896.9,2334.0337,8078.6255,12251.328,30696.627,5498.07,2037518.4,105511.086,6975.028,52237.598,7966.839,152987.78,13835.452
copd_248,copd,82249.67,49704.43,123219.44,2534.5085,193997.89,3351.8982,43018.91,15934.808,1757.3141,20760.686,12340.23,226971.55,16158.321,25996.986,271231.5,67978.91,31217.088,12320.885,6780.184,6382.9624,26402.467,342593.16,429237.72,39372.855,4242.8564,38203.98,15922.32,11273.915,1540378.8,5568.131,87581.61,285725.1,19294.629,24077.65,4433.0093,24333.385,52676.74,13868.109,7573.6025,4019.8887,2213.5046,1383.9469,89767.4,85149.43,4412.657,55018.316,4558.4893,6177.5386,4785.1436,10347.802,438377.12,3103.75,13331.312,13777.001,13052.797,11303.254,68923.51,3793.8196,3010.6816,8622.92,5273.8545,5106.569,1659.3955,2344789.2,270435.72,211534.66,3163.1958,15376.01,1812.9102,308956.72,9302.992,1038292.8,229420.47,14169.668,4608.035,2346.3687,115806.89,11211.198
copd_249,copd,257619.5,239067.23,241141.81,9854.167,525714.2,17231.375,13612.95,37584.414,2761.3083,42931.816,32207.38,704787.1,81196.586,14360.012,1331653.2,114829.86,194941.7,16258.507,14336.529,18399.502,82188.27,1042595.2,713786.2,48453.875,5017.2803,70132.27,23697.043,30480.867,4279444.0,5744.443,41439.08,482058.62,28341.863,19561.123,6524.034,262953.25,76521.96,33346.457,7657.585,12679.887,2743.6345,4580.881,146899.47,167499.86,26160.766,78565.89,10477.532,24140.697,14900.294,27871.145,695058.44,26851.121,68587.45,12371.719,20357.332,10259.886,99768.35,11318.012,2826.0095,6976.9443,6351.17,11425.559,3501.4722,7156537.0,14281.178,108358.555,11572.254,11932.684,7168.8345,86476.336,13833.407,1299937.4,153700.27,9526.31,9082.977,8686.207,141672.64,30704.328
copd_250,copd,54436.836,138855.86,262918.66,5939.862,1125418.2,6832.8354,196498.95,44738.816,28366.146,56498.445,22947.984,716981.1,25.511993,65477.84,1021452.0,224459.7,1589.3606,16572.922,19339.691,4609.1475,98840.625,258845.17,306.2693,68551.164,5256.0815,55225.965,20898.473,99821.74,3506009.0,12273.42,123940.72,379627.22,36599.152,58650.766,11350.128,417983.7,81777.41,86683.42,10168.168,29182.916,30093.094,25090.69,71887.72,263147.94,48969.953,33318.766,19856.7,14609.234,3086.1677,37984.254,896844.9,9091.245,58818.137,8457.175,17469.408,19492.572,22.949785,17167.975,5047.406,5006.027,2995.755,36163.504,6788.8364,88913.84,47500.906,509309.38,7771.613,18657.584,10656.785,687437.9,12420.736,1725504.5,269551.5,17274.025,44821.88,4559.6895,214602.5,31493.156
copd_251,copd,113133.59,121506.73,406246.03,7096.443,784068.75,6046.5522,20553.178,37753.117,13933.431,58242.418,36231.062,631120.8,153.59897,33232.383,1262222.8,127514.09,35322.555,13379.025,20686.371,6422.53,67229.734,293783.53,68931.73,55434.293,4578.378,33435.973,13644.641,32780.957,4082909.0,10144.793,74396.055,314073.9,34767.453,28821.107,6572.822,297651.94,64768.086,22638.2,5865.9473,3627.374,18208.906,30382.422,106886.34,147632.3,35918.055,45551.105,10471.198,14406.405,3502.401,19367.47,999513.9,12563.517,71545.2,14411.216,18079.691,10525.539,1971.9225,9140.482,3688.8665,5275.741,4992.2173,1767.3417,3485.9282,259390.06,67302.87,339082.97,10504.549,6695.68,8255.373,238997.25,14587.069,346016.56,336458.3,7236.8276,4711.9883,3073.5164,122182.2,17460.049
copd_252,copd,152768.66,139156.8,296936.06,10036.589,343625.2,7346.419,175306.19,26286.84,6401.833,34727.223,29552.197,401478.66,3509.2068,11514.827,866649.4,73542.42,67879.336,12473.707,9087.153,6413.8735,90926.01,193338.7,167486.28,31579.145,5620.944,31199.26,12357.167,33360.676,2668518.2,4718.7754,58233.53,306210.53,39063.613,31781.576,8010.812,197021.92,70741.54,8095.5566,12436.609,1615.6942,6533.126,7637.0815,121169.06,182984.77,8759.62,57401.703,5228.2104,9540.731,10676.38,15046.542,384729.06,4303.09,84755.84,4340.7256,27024.637,11512.62,13055.337,3719.0762,5039.0596,10926.929,4781.014,11693.387,8684.136,2241125.0,1413448.6,150131.48,8467.885,48436.645,1268.4541,244393.48,15275.739,611194.2,276656.8,42490.96,12233.184,6530.808,121073.766,16715.2
copd_253,copd,418063.03,224623.1,359799.66,17081.121,701779.0,17765.39,11158.021,37104.645,16438.125,28817.287,39189.85,1079324.2,111291.16,17774.373,1446093.0,111213.07,304923.38,22198.18,35886.074,12815.583,64015.4,794778.7,982569.06,35560.746,6130.2344,71547.25,26760.416,45683.58,5749386.0,10434.501,49850.457,469254.97,43102.605,20567.57,14028.329,159861.3,63628.41,80541.5,13400.8,4671.558,5717.8535,32311.031,222953.72,180504.17,73332.87,120516.43,11244.717,35452.49,5848.594,44246.816,1013745.6,27207.602,118066.0,22054.389,23879.357,10513.699,98259.984,10438.024,2501.2903,8674.492,14927.0205,22529.28,42051.06,8083028.0,393279.16,78660.28,16324.512,8169.821,15848.159,40231.652,17160.297,1662956.4,382359.9,11689.685,5081.6714,17878.455,201557.27,28699.297
copd_254,copd,288854.22,239550.39,181505.19,11795.3955,680064.25,7957.6953,188516.28,39743.324,22302.5,38446.164,23223.705,628731.6,416.04257,59174.176,1251942.8,233704.12,38548.27,26052.508,15351.306,6864.884,70086.41,578899.3,77934.7,70724.61,8269.29,103923.73,30545.762,52141.086,3006379.2,9798.507,131421.03,422733.34,48755.406,41607.5,12151.899,188871.34,86183.16,44253.523,15466.389,2296.1768,21507.037,21788.81,176338.06,219590.3,36067.062,95027.32,11863.711,15641.641,5994.845,26276.79,1015563.8,6622.568,60996.145,4390.0825,29133.445,21683.025,1623.4464,5377.994,4612.9873,9555.001,7114.1445,24623.424,13655.315,8007309.0,156453.39,359289.44,9154.215,17563.229,9519.688,419474.8,15228.608,1923100.9,110880.74,23326.992,66180.73,12967.526,251083.33,24053.803
copd_255,copd,60104.79,121886.24,103939.68,6679.9624,196606.36,10119.87,35886.93,21154.229,7510.959,34973.605,20964.21,389254.1,124100.16,45325.723,388398.62,146914.45,88728.586,17834.059,10521.414,11002.349,48924.02,793334.56,626457.9,53524.004,5041.6846,86231.086,24566.729,20571.16,2505882.2,5839.8647,148057.4,436386.62,22697.412,27434.709,7692.6284,115530.016,77230.625,63858.75,12286.831,4895.5186,1263.5526,3252.6355,118735.14,133490.12,13848.997,82061.234,8649.501,17310.076,14690.1875,15898.178,693014.56,7714.4727,23040.572,17416.955,17903.674,16279.268,96645.76,7750.5303,3667.7395,11163.077,10088.616,6074.8555,2085.4382,5719466.5,20933.162,256968.27,4966.773,20808.816,2709.1724,230761.42,12786.903,1511864.9,174039.0,19527.145,4707.5674,3501.429,221437.77,26108.025
copd_256,copd,117811.016,137531.62,186135.64,2465.566,466708.38,19704.139,2820.8594,9207.647,975414.56,64238.19,20601.533,860877.4,186466.11,22305.945,1628094.2,235511.05,100509.53,6085.596,5500.829,7423.456,78671.984,404616.3,773384.4,29373.656,3385.3992,33124.137,13932.487,88810.12,6002787.5,43857.445,89461.61,496955.9,13220.192,26133.959,1614.8033,895187.1,57309.258,13827.669,3878.6204,3466.2808,953.75476,7748.9634,57845.848,71140.44,50846.49,92072.695,6034.4585,4644.406,4380.524,8966.782,663997.7,12922.475,249828.39,7637.5845,9452.438,10948.961,90744.61,3764.658,3014.924,5019.8794,2462.6802,1436.4337,1687.2656,7057077.5,195.16487,588747.4,11303.189,4250.4717,7043.6147,306191.84,5493.876,1435569.0,97232.99,5525.3184,2222.4402,4570.3013,258078.34,28652.23
copd_257,copd,190581.55,195079.31,258480.58,7496.9736,670650.6,13691.139,2949.659,27564.53,17791.094,52818.195,30809.693,883140.1,119716.625,23156.006,1147341.6,118479.39,135795.6,11883.279,14966.879,8954.33,87976.4,549446.8,837043.4,43833.32,4862.216,60979.51,19562.281,48085.188,6231413.5,23929.262,82826.18,419174.47,24765.25,19215.314,3874.7708,347387.06,62536.812,27417.393,6307.0166,6235.5596,4291.608,20911.154,117685.25,115818.49,47060.188,83143.3,13749.619,17046.342,7834.1206,17086.873,875180.94,17962.115,111848.59,19015.506,15520.575,9668.99,97739.5,9810.326,2823.4846,6380.3994,5289.472,2860.7524,2275.7637,7104427.5,1335.7666,148565.33,14969.934,8057.341,10854.033,104162.66,8617.904,1284145.9,255839.28,7006.654,3352.586,3544.9727,169385.92,25278.346
copd_258,copd,65524.504,117215.7,67598.19,6542.748,144790.48,14417.388,104388.8,28297.703,4018.6772,57747.13,22445.83,372223.12,111767.875,56952.004,995048.56,179709.08,66735.68,20930.807,11228.555,9986.002,55783.84,770394.2,724750.2,80392.47,7659.5137,43059.055,15053.346,35538.88,1257569.2,4538.3276,180174.12,546890.44,33929.637,73254.375,9799.413,217409.62,117377.12,14871.247,20604.068,4075.6357,1488.5114,5697.655,135154.0,166960.48,12016.237,90458.17,3707.2493,10204.775,18856.832,9819.201,674900.7,2205.7317,83779.51,11444.394,41571.05,28549.914,91246.55,1884.3148,5997.1387,13935.783,6329.773,13019.289,5947.345,6629226.5,374117.5,708255.75,3890.3037,89729.74,1193.7285,442260.1,17677.217,1417611.9,22871.686,55796.023,17636.514,11576.89,205117.14,31712.422
copd_259,copd,155946.61,124902.086,287476.03,3182.4128,652580.9,7960.003,23602.516,18603.924,11150.702,29287.5,22647.484,568951.2,54956.8,23700.863,425874.22,119214.52,132683.4,9531.518,7835.092,6989.153,46818.41,233920.86,696969.44,28575.248,3708.0662,55672.387,17087.182,17411.393,3755986.0,8370.25,105142.04,343350.03,19635.984,21143.035,3736.547,85453.27,49083.57,9070.32,5410.0376,7166.312,10752.357,1329.3467,73839.766,69087.375,33592.684,59594.285,8623.898,3653.3354,5342.236,15371.978,736997.9,11197.509,33788.617,13648.818,11966.989,10230.3955,92427.95,11684.267,2401.2122,6017.0264,4531.1255,4594.7363,2222.9695,3578344.8,73950.195,141090.17,9596.035,4852.3613,7293.5527,202393.62,6766.94,846482.25,266995.38,5629.572,2695.8145,2520.4963,141386.62,12572.927
copd_260,copd,98842.04,93450.61,182024.36,1826.2427,641670.56,5574.4653,5546.911,10724.98,6685.68,51349.836,22743.459,445560.06,24882.227,35658.965,664741.5,109472.25,45402.645,5081.3076,4208.0073,4584.715,44972.688,181413.64,436353.3,35686.69,3531.576,27678.516,9952.456,13859.145,1925684.9,10801.963,159299.72,347276.75,12897.099,49144.137,1898.8225,135536.97,72430.69,11274.861,3158.8958,22670.457,7930.5845,666.4435,85659.79,57400.934,10106.096,22932.385,4822.4287,2450.709,2749.862,9211.978,941981.56,12545.676,26354.943,8156.67,13884.468,8565.148,79772.85,4996.1426,3187.6997,3978.5774,3477.117,5397.2964,970.5965,1426203.8,21882.814,398440.94,6241.3555,3144.626,5944.7817,181885.36,6640.424,90845.14,84536.195,4643.613,6738.6514,1104.9232,73472.59,9219.625
copd_261,copd,214342.73,78729.02,352524.66,7417.32,626900.1,9398.966,346602.78,36980.965,19815.703,46579.473,21567.139,645746.2,344.95517,17889.475,933460.94,72361.234,38217.316,13760.77,13217.659,4820.244,85749.62,137731.12,5001.092,32440.9,5141.368,31867.043,18735.598,91865.086,3006204.5,11022.726,28440.287,247021.9,36537.844,23446.23,8189.512,355445.78,61778.582,10648.617,12043.763,1276.3301,16459.994,8755.252,114101.63,187329.33,12449.462,50509.523,9141.764,8525.195,5236.62,20496.469,438850.62,4074.011,144594.12,5909.476,21042.572,11569.715,68.72386,4820.0737,4474.0845,8247.534,5215.434,15853.39,11041.928,2625045.5,94431.164,174808.17,10624.837,25369.543,2808.5918,158669.89,12064.491,1108407.9,228273.16,39583.508,25438.764,8402.181,142459.55,16560.406
copd_262,copd,64954.215,174854.36,129718.836,9075.798,394970.94,8215.533,19209.945,25043.592,6057.087,32343.465,29303.146,658060.56,77816.32,14761.464,634399.3,125235.1,53406.27,15951.959,10443.382,6857.4756,84717.3,731512.94,543417.0,51447.188,4809.0977,60266.137,20711.977,30642.457,2766069.2,1797.4979,61857.227,374651.97,27857.537,16756.475,5856.644,168824.2,63622.344,22315.307,8647.884,4555.3027,2072.1355,14618.963,261568.14,138401.33,10898.348,69063.06,8014.8936,17349.148,8772.822,13598.975,533204.25,9543.389,44103.195,9621.421,29078.123,14241.8545,85873.27,5052.3237,2958.1904,7913.7573,10263.898,7440.185,3375.3188,6020732.5,29322.24,97026.24,8967.826,21800.97,3267.3018,87108.55,10659.886,595848.2,59401.87,16076.421,11900.633,6981.97,167845.4,23167.934
copd_263,copd,547300.56,162572.9,246267.78,9900.13,548805.3,12427.799,8873.554,51889.04,8409.323,42991.473,43180.367,978029.25,221208.97,25499.926,1441046.1,162688.77,280451.03,21885.006,27124.385,8505.111,68514.89,759372.4,1042406.25,41549.965,7223.1323,130136.414,34416.57,52880.645,6135465.5,10478.812,114608.86,435981.47,41275.668,22127.434,14653.009,92481.03,64013.81,26206.664,10216.832,2740.5059,9922.165,21532.713,268463.5,174970.62,50737.79,124466.28,17206.988,19961.3,5907.3286,33890.117,1116809.2,26275.385,59016.598,27062.73,28653.625,10225.616,103526.85,15456.995,3814.919,17064.854,28849.021,28255.768,22357.338,8232867.0,37257.19,74170.0,14849.293,12865.377,16039.267,55072.547,16319.654,1718749.5,329205.38,18824.111,7584.699,19311.693,124550.234,27667.879
copd_264,copd,109891.08,300789.44,356898.9,15194.529,969956.44,18139.504,381799.12,27977.404,47381.055,93295.22,30119.94,524015.84,222.55287,51727.52,1510435.2,173164.34,5831.615,20248.762,37260.996,13058.25,100797.12,258737.08,5104.1245,76624.78,9162.705,65642.72,17210.025,107660.07,4784438.5,33224.906,202475.28,504461.34,47625.42,77294.06,15886.037,486169.0,128295.13,42176.29,20949.22,35415.113,16688.342,10144.503,184516.0,268376.47,37671.258,70722.38,12653.116,16069.277,6527.4326,36105.336,1039407.4,11875.711,108383.47,7122.054,43149.082,26383.914,41.483253,6473.6387,18886.314,7240.7285,4158.63,35543.42,40980.12,2101536.8,203851.31,493199.56,15400.74,38462.703,6475.5596,541732.25,20904.395,1715862.1,145666.64,39080.83,46616.09,16698.102,192398.97,34335.69
copd_265,copd,148904.05,117965.83,183372.06,4267.356,520099.1,7047.1157,18283.246,22010.2,30489.416,54689.473,23461.64,444586.8,5702.048,44797.266,1025488.0,151488.02,112111.84,8553.385,6448.8643,4450.775,58953.707,357418.34,350353.16,45359.883,4155.6836,28335.646,11052.37,24978.807,2371990.0,7464.907,129580.234,365221.78,29458.719,56329.562,2794.4946,270331.8,73484.58,22764.748,4918.7817,4771.5835,5988.9526,12479.372,108016.63,74566.68,19326.36,42350.535,5403.9414,7596.7393,4056.278,10298.533,817318.06,4156.3457,64801.45,7112.8076,15750.156,10343.914,50191.734,4002.9639,4685.446,5030.084,6750.3594,2759.237,1710.1827,2026175.0,115325.15,509891.6,8468.346,7000.8755,4760.686,332828.44,9455.225,185288.53,82074.54,6764.242,5416.7866,2645.4143,139525.42,14646.931
copd_266,copd,147722.86,38128.234,289982.56,3710.7412,405476.94,5703.718,144147.34,18223.344,8347.997,37053.867,29303.79,499461.28,572.4604,13920.984,666616.8,39773.28,67079.35,5120.9536,6322.761,4684.7935,59816.523,112179.01,76683.625,33143.062,3616.2178,20180.188,9906.052,17074.834,2004982.8,6796.4814,65892.35,194125.03,16288.478,21356.52,2485.4817,220252.64,49052.875,10100.459,3650.9421,7135.4624,16826.217,2867.2004,80889.9,89775.96,18310.625,34974.207,5127.9536,2699.5889,2571.4485,13488.392,606140.06,8131.6885,45403.727,3896.7031,15765.771,6993.941,16201.451,5899.5073,2281.564,4989.999,4868.7134,3852.0762,1245.9777,273823.78,186154.81,153285.86,7560.8994,3759.7698,6945.194,71929.35,8839.849,13814.368,433936.88,5424.061,3468.9336,1914.7129,78169.92,10472.507
copd_267,copd,92135.766,104476.04,115074.99,4737.2075,302496.47,10714.786,11832.557,22146.076,14264.121,57873.438,20180.072,434971.03,88424.15,48341.207,928180.0,165453.88,62926.76,16627.463,12775.019,10430.889,66788.78,671867.6,686737.4,51793.223,6269.0156,44331.04,13678.14,26761.922,2874987.2,7346.643,115624.805,476087.72,26946.168,43608.867,6773.0806,168185.27,95104.39,15372.168,13967.984,3667.7012,1683.341,12848.32,105541.48,152460.23,11147.9795,66059.4,4440.932,23268.732,14160.116,12221.009,599061.7,3595.7712,71945.68,15621.723,22300.223,19336.334,85650.48,3274.1785,4652.387,7864.201,4648.63,3717.8843,3174.5535,6242155.5,35877.348,473234.53,4701.9263,39560.523,1678.4519,266809.3,13845.854,1267565.5,74032.266,31906.943,7191.167,3217.727,198258.19,31618.623
copd_268,copd,324560.8,186681.06,596820.1,7035.987,1270821.4,27839.742,224474.48,12306.956,478869.03,109531.984,43794.668,1071146.5,1433.3143,49542.72,1910841.2,115056.99,133768.06,9130.453,38990.03,15137.164,87727.06,169948.69,90841.84,53280.258,4269.5874,24227.12,9244.385,60403.14,7161958.0,78793.695,117099.5,489854.06,28326.135,55642.184,6754.7134,718772.1,97851.89,41597.82,6289.3247,97462.68,17868.807,6184.0586,58138.53,168247.52,154883.45,49623.25,7929.662,3592.8123,4056.8198,23908.707,1100037.0,30931.197,274798.5,25772.906,18106.715,9470.875,3474.1497,10904.898,3788.6008,3744.922,2316.5298,4361.1367,6908.8945,505408.06,12702.667,634155.56,17546.252,4070.585,9599.898,74753.51,12105.235,850291.4,561411.2,6160.668,3892.5234,4711.1523,162244.7,25147.129
copd_269,copd,153600.77,231888.95,169465.1,4744.09,353245.2,13138.79,4015.1174,35049.906,2176.7688,31570.652,38287.434,533849.94,89927.72,8603.376,1362140.9,97684.71,172641.47,10787.138,9289.56,12438.175,91929.945,849744.25,815878.06,38439.383,4406.8564,44317.594,18693.725,31166.727,3379138.2,3224.0137,46785.023,396905.72,35243.41,21737.48,4052.5574,305965.34,74463.35,8352.92,5887.3315,4374.44,3169.119,8584.343,210136.62,153828.73,14693.551,82245.91,7500.9146,24569.564,7364.864,22657.012,677409.7,17239.678,97534.09,5361.573,33915.496,7067.4375,99763.21,6656.2964,3339.779,5681.602,11714.271,17973.924,14189.426,7418953.0,69533.75,85901.45,10152.75,17499.057,5635.229,68256.82,11923.787,367053.22,100834.42,11514.959,31868.623,17584.883,95352.5,24303.906
copd_270,copd,116408.266,50794.0,262062.02,1147.4395,690146.9,16032.431,10946.351,7885.6978,115943.48,95752.734,24617.178,555684.5,49821.418,29591.795,1188476.9,102023.336,52671.414,3437.33,3326.434,3793.653,52034.035,110292.36,243563.77,32851.812,3155.42,22007.47,8401.403,18184.4,2810228.8,23065.373,174319.73,399101.16,7409.2026,69353.016,1281.3362,492311.88,80143.6,8135.2495,2862.5078,30843.678,8730.744,778.70044,60065.594,49939.2,43509.29,25747.822,3925.0222,1688.302,2346.3037,8657.02,853724.4,13281.842,64781.31,5593.0586,12103.792,7733.539,64058.574,5179.4717,4190.7666,3622.308,2388.9402,2363.727,756.6445,538480.0,2188.4827,491676.1,11804.974,2602.7883,7639.1797,228606.9,5704.001,27728.875,54055.66,4481.6064,3092.2092,1243.1945,63449.773,10350.022
copd_271,copd,131901.81,102257.31,311170.03,11458.265,244755.25,6049.593,120736.5,28863.469,8551.288,35100.55,24720.201,290062.78,2991.337,42585.688,555201.94,147469.22,64696.906,17143.89,18544.066,7588.512,55698.305,343520.34,292702.1,56416.227,6563.243,74929.734,23677.863,21699.514,2714729.5,4621.9062,150025.7,393682.2,38922.56,42047.85,12157.093,61355.83,89995.414,13122.36,18205.104,2720.2234,8905.833,8420.841,110975.95,163221.34,17408.918,77566.33,5532.839,10132.425,15212.974,16540.723,548810.0,4002.712,39246.29,9595.001,36481.227,17376.074,18514.748,4992.132,7597.2173,15232.108,8374.521,9896.76,10871.46,2514975.2,2039575.2,340682.9,6502.713,38693.906,2600.1104,342196.4,16810.098,1119699.4,186175.23,35963.746,9161.596,7879.9087,152310.4,21148.299
copd_272,copd,189677.84,27632.49,117698.266,5843.927,226971.12,3578.5828,676798.2,24108.578,2106.9727,25241.922,12869.23,139259.28,992.89856,39523.754,670147.5,86171.4,31521.191,15407.571,7032.961,3396.4656,33485.18,225336.94,25408.066,38713.17,6075.4004,20697.146,8620.017,12681.544,911358.3,7364.885,68841.52,172536.3,35683.797,44653.777,5666.837,40947.734,54883.11,31284.148,7492.999,1870.1464,5520.314,7759.68,83834.09,104582.31,2338.957,48457.02,3552.1763,6699.9414,4029.7559,8205.142,464315.94,2130.9353,12922.45,3773.1067,10635.3,13218.982,429.32587,3156.3503,3979.0784,9391.501,3026.0928,15690.125,800.8072,126278.625,555566.8,315351.88,2779.9575,23049.277,1289.5665,496674.47,15160.267,835672.3,96918.97,23306.623,4841.3994,885.90497,162200.92,10373.563
copd_273,copd,567378.2,15513.561,164883.5,7125.0845,341175.8,6187.8765,1372286.4,48591.594,2600.9092,23756.014,19388.63,890374.06,170368.02,34576.395,620326.1,49656.91,378654.94,23463.834,7341.957,2609.595,20940.23,384072.47,827826.6,15106.113,7338.8975,175428.94,56128.254,29811.098,1833674.6,9858.651,35250.438,195767.22,47807.676,10111.09,11282.294,99745.234,39467.367,207218.38,11507.263,2071.8162,1786.9199,18185.771,120011.2,70641.36,4205.5757,101898.19,14237.44,9392.514,3206.5486,19037.354,534147.9,5338.049,35185.277,6498.2607,6546.868,19382.9,103927.49,6551.347,11108.561,31848.936,5710.8003,14204.198,5927.439,8312170.0,7979233.5,47514.953,8611.741,4346.6836,12019.699,16315.889,7328.824,1807664.9,174790.84,10080.662,6751.0547,5570.8506,69387.086,9633.9
copd_274,copd,144681.58,166958.25,266964.8,7535.219,837109.6,11437.813,73965.5,50687.684,7290.6455,37458.027,23737.08,816461.06,4047.8594,25833.344,893741.25,132512.44,58855.34,15312.205,5711.71,6283.832,94583.57,703922.56,26571.156,33522.758,4977.6675,48763.035,22889.318,73050.8,2686904.5,11881.036,58509.312,419459.22,44261.25,38440.996,5241.7725,330678.6,87972.54,15826.907,10050.422,1863.1313,14377.965,3720.8896,161887.36,220543.75,20083.361,71536.33,12850.845,14419.739,5470.9663,28192.217,659801.9,6399.7393,130322.086,4402.428,24260.184,15068.802,8347.918,3558.583,6415.293,6076.1597,4788.189,26294.363,8554.29,7079295.0,988747.6,298384.94,10545.032,16873.576,5982.3354,203110.4,13428.69,1327743.8,344419.16,25603.422,46135.2,11996.152,149048.83,19994.168
copd_275,copd,161867.45,117614.336,257687.06,6624.735,299932.97,5069.5625,58863.312,25224.715,4187.981,22164.521,27207.135,436036.75,3046.5923,5962.2095,623886.44,34580.91,66467.01,7548.3906,7397.77,7155.493,58621.35,199639.62,304809.1,19664.846,4675.3916,27987.998,13847.465,21985.045,1780389.9,4958.007,25501.482,189027.03,27986.504,12351.911,3746.9875,129987.195,40894.812,9427.588,5444.214,2859.527,4240.7803,8178.7163,133185.56,113092.06,7003.467,31325.29,4705.682,8071.3784,5997.516,14561.0625,330771.66,7373.4385,39813.586,5210.755,17471.926,8066.7144,53650.438,5197.4814,2722.864,6842.501,5891.899,3707.3127,4160.753,1741759.8,513208.5,31127.367,8496.573,14373.139,2370.733,53209.418,10800.335,165510.84,239413.36,12151.053,7969.522,4657.782,96468.31,12992.682
copd_276,copd,124767.914,129401.54,100742.055,2775.0686,317861.28,5335.707,6916.8267,15467.333,3557.8667,32469.098,16832.43,417539.06,46825.555,7312.1367,1039766.25,73956.336,71628.49,7475.1533,2740.647,4274.791,49182.395,372341.34,458721.4,24011.56,3561.225,20339.963,8694.662,27541.04,2372275.0,7214.8145,33674.0,253364.12,22436.52,13464.677,1512.9629,161630.52,39918.71,10560.019,3658.7832,2872.7324,1589.8854,2275.9905,111023.164,68768.09,6128.697,29144.283,3427.9485,5325.639,4752.2427,8349.908,322564.66,3279.7024,36242.434,8770.179,11751.524,7791.177,81185.44,2266.763,2444.6282,4225.0654,3340.614,4294.3804,942.75616,4334995.5,2796.2654,104711.75,6154.9707,11046.721,1241.4622,83939.22,7575.633,267451.03,154120.94,8418.224,7157.425,2112.5808,100445.42,11010.621
copd_277,copd,163262.45,232472.4,228234.4,14063.132,468671.78,7973.1714,56923.06,32913.312,17527.252,42691.58,36989.22,634422.3,16287.126,34878.176,1084773.9,177741.45,50025.145,22035.11,21284.496,12018.105,71005.016,770536.75,437130.53,74564.69,6381.7935,94030.984,24693.693,30626.477,4722375.0,3480.6614,120964.93,451684.94,39627.36,32029.383,13412.205,166804.83,94978.85,37613.785,13594.358,13609.887,4414.366,17937.771,185700.72,188262.61,20165.7,94095.305,7955.047,25006.623,13447.852,23064.053,840947.2,16166.413,51078.47,9512.891,31584.445,14992.08,54509.83,8107.6187,5201.2207,11383.66,12818.321,14005.095,16217.699,5359615.0,420559.12,194440.38,11100.31,21846.197,7609.7856,233895.44,17148.469,1144887.8,179964.61,15109.196,13300.869,12154.264,180730.84,27178.582
copd_278,copd,383841.78,147763.72,298021.47,3932.604,692274.75,20749.424,338383.25,12932.042,79264.52,86668.54,30650.7,960579.75,23590.701,15121.003,1421311.6,117158.59,147709.77,8670.249,8167.133,5865.2476,69684.84,275533.53,79140.8,32812.953,3633.958,24021.73,8933.541,29187.871,5293295.0,19652.32,68249.52,394209.28,27065.492,27919.297,3171.8804,465960.34,63005.066,18985.172,4355.728,32956.5,7789.7573,1220.2239,78758.234,116362.76,37238.258,27596.252,5514.988,2739.5386,4044.9836,11442.985,611481.0,15140.095,68400.18,11206.943,14354.274,8631.493,26670.908,7396.9727,3072.3906,4160.848,2706.6096,3480.6946,1327.2878,3042464.5,2183.7551,177342.03,14444.461,5374.661,2244.0972,50701.363,9529.618,229646.16,255679.77,6122.223,5755.159,1542.3807,117365.81,12695.546
copd_279,copd,67878.49,212626.44,257797.19,7146.851,385954.62,5146.864,8700.775,19168.951,2118.0142,29433.443,23263.518,316716.88,13907.515,18762.455,705785.25,90027.86,64206.28,10437.994,8703.415,9161.141,83066.26,435126.2,697190.2,40607.066,4188.4365,36962.066,14640.758,20008.78,2438320.5,5409.2227,84616.29,325742.28,29185.227,28712.574,4447.626,132338.03,72290.67,8374.322,6526.1504,5221.6167,3001.754,8068.238,129907.266,128031.24,8859.719,42982.207,5123.9146,13431.739,9696.808,12094.93,492179.94,5906.275,49223.594,6661.4155,26227.516,9199.65,80162.87,5215.8623,3492.5786,7145.8286,4983.644,4842.5215,5264.5815,2844198.2,749266.75,139431.11,6225.035,19406.502,2496.7996,206177.36,10838.909,378851.06,143967.92,14177.021,12118.89,5127.4546,87566.66,15682.33
copd_280,copd,708991.7,243958.5,275712.28,29415.568,1106091.0,11441.207,804818.56,31938.088,58423.5,37439.848,30301.11,1128289.8,192173.78,52836.03,2116020.5,146889.1,208741.06,30084.428,31805.59,5082.2236,22872.537,679500.25,1032678.75,27963.771,12960.861,203381.39,63471.38,65361.98,5503710.0,57756.05,41269.766,421492.66,51084.07,12384.693,19746.805,149821.11,54385.93,1319141.0,22122.285,5993.3643,2036.217,35088.266,121930.305,219464.69,43079.26,127666.44,30387.61,16492.111,3182.9592,42138.74,979964.7,21930.492,48035.64,18340.652,16811.363,26188.95,104472.66,13459.913,18686.504,28198.508,3137.4075,23588.676,30138.732,8313184.5,623615.2,105685.914,14306.315,13688.188,17161.967,31791.549,19155.572,2063788.2,862392.6,14644.221,12008.63,4506.577,301305.38,18720.326
copd_281,copd,350334.78,103999.87,256310.62,3331.8806,522121.25,10135.605,106792.41,43704.336,5745.555,39013.055,44903.258,1064617.5,96161.61,15631.873,1143238.1,129585.305,115579.6,14838.363,22682.979,4797.044,83193.82,221070.2,697647.75,39528.164,4247.598,80794.3,21070.125,52814.723,5755184.5,5066.517,100587.3,392322.03,29468.44,13957.038,10356.333,115330.1,41697.156,8172.5796,5904.7036,4496.658,18321.281,6774.392,149355.75,119418.44,56399.066,106484.055,10680.342,4325.486,4822.378,26892.92,858102.0,17473.258,85075.24,22425.053,22944.637,8435.029,89150.06,10135.083,1760.9937,11666.929,16068.128,22812.584,9844.52,6948330.5,182136.19,77065.74,11655.573,7377.371,12208.834,36879.918,8869.712,806927.44,411833.22,9437.16,4435.293,15840.256,97572.98,17871.09
copd_282,copd,480796.94,406975.06,351027.72,23455.287,567478.8,9855.5205,20988.598,51473.344,67423.7,45249.707,50524.7,1272320.2,91257.69,20146.168,1821168.6,162332.62,52021.88,25241.68,42043.04,5860.9863,77385.375,465462.47,853907.56,33677.53,4513.0,107386.8,37697.64,61668.035,6236901.5,24686.746,101002.47,525432.0,46798.363,19269.691,20942.828,223044.73,64822.9,168840.31,11819.202,2102.4653,9360.382,55144.44,253212.67,214476.47,78544.836,122632.81,16101.002,20856.3,3667.1133,57524.51,1144201.2,25693.586,106114.84,30878.084,49159.043,8474.05,86457.29,14635.997,3819.3613,10989.522,12639.3545,41052.566,46368.633,8274514.5,300868.06,131000.586,17137.318,25039.771,16705.254,27964.6,19926.133,1893668.8,606714.3,18902.982,25981.049,21108.059,191732.23,27816.387
copd_283,copd,550943.3,52149.79,70466.75,7875.678,373220.88,9587.902,1680488.5,15454.888,64263.438,17690.117,4746.2266,835520.9,4958.759,45516.15,1478014.9,201699.19,58049.273,18493.201,5655.6377,7141.6655,71324.945,645963.6,8069.1997,39045.176,7717.733,159231.52,46930.617,21858.932,865631.75,5641.1934,32152.938,363928.75,51222.18,12377.242,3615.128,276024.56,35259.547,509517.3,17010.775,66724.734,1634.526,515.9819,88116.29,184340.64,10679.73,96204.445,28419.057,7922.0796,2031.673,20281.541,744487.4,9682.362,31942.564,7188.712,5694.6396,38258.418,4993.127,4670.747,3008.9387,12219.8545,2219.8835,32076.49,2205.817,8313010.0,69672.55,60947.824,2683.413,3899.0232,13580.091,107851.94,7484.9487,2064668.2,345043.16,7438.56,90986.81,2411.669,331685.8,15528.674
copd_284,copd,246674.9,123622.34,49332.39,1724.836,454566.0,23799.531,465280.5,42988.07,37156.88,23333.31,16472.008,522248.75,1390.351,42604.21,1781719.9,226510.11,105332.625,13270.661,9307.864,5036.138,114688.13,960595.4,24275.945,48706.145,4071.952,85010.52,21291.46,33782.754,948338.06,12005.16,31151.957,232997.78,47803.207,16070.779,3828.4734,608835.1,39194.297,19565.957,8029.194,3106.3865,11880.65,11751.143,146762.38,186227.8,47460.016,72123.195,15117.701,8694.943,2682.9548,15120.873,781322.56,4943.1787,61535.79,7433.085,20775.066,16647.773,295.97864,4264.7065,1988.9623,5511.0596,3485.6987,29075.654,3988.8984,8289592.5,7105.559,246502.53,3336.9893,9873.011,12559.097,177555.1,5649.276,1893199.2,6699.82,11174.539,128309.08,11753.968,264944.12,26576.936
copd_285,copd,87053.984,173916.39,143936.48,4169.4897,517523.78,7211.7114,3180.95,16417.928,9444.535,60643.49,21337.707,603996.3,48453.74,54425.934,950806.7,149016.84,44054.137,14177.697,5657.731,4773.5317,74650.0,593151.1,480679.56,57093.56,4918.599,37241.492,12345.834,33777.953,2887401.5,9542.46,186831.73,448073.3,24445.92,58232.086,2997.7075,280452.62,87072.336,40081.832,5189.9414,7352.2725,2848.424,6936.7134,120935.41,96123.47,13763.579,48601.51,4596.13,10237.355,6065.968,9941.242,919791.25,3576.5317,66916.68,12442.921,15564.021,13551.303,86286.37,2998.082,4329.1553,5710.2666,5997.556,2424.192,1362.2126,5376001.5,17072.293,754275.3,7608.98,9229.153,3489.924,368647.66,9749.072,548061.56,56849.496,8593.969,9220.988,2653.003,158028.83,15066.947
copd_286,copd,246448.45,7405.4653,15544.647,500.42877,128527.2,13867.911,1640973.0,13279.017,34036.72,12518.27,1393.8204,140337.86,7203.4,39625.66,486802.75,162137.83,197025.86,6572.709,2665.0986,3368.6987,83023.734,756328.94,2561.246,23495.52,3512.633,127457.44,28648.705,10661.381,51237.52,2350.7458,17017.494,96923.586,47859.863,8296.767,1005.1405,415001.16,22346.146,49737.812,6340.5835,11280.357,1050.2113,340.04666,71529.234,73754.12,3245.3765,66773.37,19980.387,4158.5107,1647.7473,7329.4326,475909.78,2534.255,47629.28,1633.7579,4866.805,24369.521,557.9374,1557.1677,1973.9282,8571.425,1884.3085,19142.186,657.08093,8313121.0,62640.793,74000.71,1512.9738,3293.0012,11680.1,95244.08,4884.8364,2041262.2,283.15826,5675.638,116357.21,2911.561,224296.86,11688.48
copd_287,copd,85602.055,168662.16,208864.33,4666.4097,433194.66,5169.393,9690.732,31664.4,3921.901,28536.303,31056.053,519284.78,13671.148,14176.399,546683.94,111406.48,77656.78,13337.4795,11718.172,7615.9355,72759.62,447124.4,576456.56,44439.785,3729.7383,44053.72,16349.659,19604.752,3004860.2,2722.773,56143.617,285546.97,28989.682,16640.281,5330.701,141317.08,56135.8,14158.279,5661.24,2435.2236,4550.517,19514.316,168044.81,106750.15,14257.919,67339.266,7473.285,15367.858,4699.823,15038.092,668336.8,8985.42,51381.58,7818.124,23442.875,9221.357,74922.305,7520.0483,3054.712,6340.934,9765.256,5405.6685,5722.5073,3406313.5,224247.03,118703.1,7301.7593,9781.634,7158.7764,132533.42,9802.657,341864.7,97690.016,8026.751,8076.869,5866.4673,132767.95,16460.166
copd_288,copd,83667.32,71450.83,292287.6,5841.525,280768.97,5307.738,91134.88,21019.848,2393.3547,23245.443,23204.62,393835.0,2380.53,6405.956,686614.94,33272.69,58060.57,7621.0513,8613.393,4807.286,59332.23,281743.16,162341.28,20652.898,3699.096,22509.541,10027.968,21365.34,1478532.2,8761.384,24506.963,174876.2,27029.148,13507.431,3204.1511,128089.01,40721.625,9483.539,5332.3745,1973.4084,7206.6646,10200.338,120715.086,112711.44,7308.072,30550.977,4315.578,9684.606,7145.4194,9600.933,298330.0,3855.9106,33481.508,2224.8186,18118.842,7091.99,11763.444,3943.814,3005.5735,6761.959,4504.6304,2999.4753,3915.561,779028.0,375089.94,66560.0,6853.4546,23929.33,1735.9559,87387.125,9494.87,123025.23,117975.51,16608.443,6098.9497,4584.9204,72149.61,13234.865
copd_289,copd,36250.938,175379.92,81352.305,4552.6616,213310.89,11883.279,9936.74,23730.402,3626.5886,48412.305,26155.127,433114.1,108439.195,47494.52,1116514.4,223643.27,54976.88,17029.07,7390.302,9283.527,75033.71,903951.3,702348.1,74858.09,6052.9863,61036.76,16242.993,41425.484,2118534.2,9455.297,174706.34,480286.4,30111.467,45640.074,4623.388,270129.25,96255.75,17689.494,10314.311,8678.854,2002.4431,7973.62,155738.83,151351.7,14810.652,91163.4,6181.2046,17994.625,12169.645,10904.274,900701.1,4840.259,78347.48,5824.572,39788.61,16846.113,95416.086,2771.6052,4065.8738,10266.602,10876.801,9801.656,4807.236,7084178.0,10186.28,531037.9,6786.111,40390.387,3013.5237,316597.3,12133.81,881688.5,11192.693,22617.05,17898.963,13797.777,161959.48,33861.332
copd_290,copd,125242.15,178471.33,366219.66,5366.9404,493807.62,12502.209,213552.7,17880.809,21708.229,56854.81,34948.8,793628.1,1425.5807,11120.284,1211150.4,57275.766,41443.188,8502.126,17887.63,8954.083,81915.02,192879.2,55949.54,39478.812,4645.8506,21411.584,10523.28,48804.3,3881423.8,28811.379,45106.273,304022.94,22273.08,19437.732,5317.888,494013.94,63150.043,15208.665,4820.281,44622.996,7917.585,4570.99,87661.83,161451.03,21839.7,33060.04,7657.717,4628.683,5455.0625,15922.806,660069.94,16663.785,77055.89,6750.681,21304.541,6998.7725,5221.781,9976.587,2590.9385,4529.1074,2940.0227,7062.0806,9529.6,381718.3,28580.262,94631.39,11936.338,6673.3647,5033.881,36957.13,10846.21,126059.27,304974.56,7795.8745,7054.076,6419.743,77512.195,15728.45
copd_291,copd,339589.12,343567.84,373367.56,12257.347,412673.8,16142.625,42994.836,57356.008,31842.951,53892.54,47915.812,1115699.0,10249.421,16148.307,1746312.1,214818.73,67817.8,15381.334,26694.678,12277.226,86885.28,738886.75,243715.27,41080.375,4503.7324,99504.85,34448.72,63767.035,5148695.5,13227.092,109091.53,484515.66,43798.426,17431.113,11501.535,410756.53,67920.45,41486.688,6746.356,6032.1396,14617.346,38121.473,199690.86,222550.52,68456.17,110120.73,14848.996,26602.648,7161.2964,42325.42,1115589.4,26391.012,188606.02,9542.77,39782.42,7622.178,55686.67,18917.537,2805.773,13503.091,13594.462,10905.522,27906.146,7375848.5,73418.875,172173.69,17120.23,22505.184,15280.519,133752.38,18331.348,1380059.8,416812.22,12444.63,21914.121,21079.07,139376.88,35817.348
copd_292,copd,139182.14,162162.72,168433.73,8831.599,156576.53,11813.849,182339.36,18075.176,5018.898,53174.062,25633.865,464309.75,57072.055,27550.338,1115111.8,121894.15,118470.805,14730.2705,9667.811,8831.548,77321.195,549324.75,422104.9,61373.445,6328.5356,33056.414,11801.157,42527.49,2419460.8,10563.111,97362.164,497852.0,33797.934,51653.477,6688.2314,272279.6,94344.2,12554.749,15139.937,4966.7637,1356.4719,1593.0131,108159.3,156552.48,8586.071,53300.332,3669.808,7151.4263,19595.125,11472.579,416214.38,2761.8418,100568.305,10165.56,28445.738,15686.773,65974.03,2327.5283,6505.697,11128.805,5083.945,13996.229,5604.786,5495806.0,429004.47,381285.34,5476.9395,67563.26,851.54065,274583.97,15722.525,962708.4,154760.9,51388.0,25361.682,7297.6025,123505.56,20609.592
copd_293,copd,319791.75,221665.95,369124.34,5195.0825,722135.4,22398.678,117991.15,24735.295,7334.8174,45589.26,42427.992,1007206.2,37415.074,24551.457,1365977.1,160959.84,198303.19,14916.418,22107.078,9778.435,102200.766,579170.5,427992.25,49796.004,4066.9287,69861.31,18900.658,36240.29,5469615.0,5286.905,141137.94,468192.88,31773.21,22679.28,8431.168,327063.97,65070.16,12362.153,6367.778,31447.986,16907.357,3838.6396,129300.26,163354.19,51963.17,90862.64,12666.048,11047.153,7748.3496,21151.748,952150.56,23608.459,97059.47,12654.143,24524.148,8927.868,78752.23,14084.568,2808.9172,8311.736,11245.414,12270.166,6391.9976,5853090.0,98038.8,149071.28,15944.887,9746.896,8921.91,92153.87,11541.941,649217.7,219055.47,7823.1143,7821.212,9641.575,114873.234,18683.047
copd_294,copd,513465.03,78374.38,227568.25,11061.481,501270.78,12001.726,5897.178,57543.83,5466.626,33553.688,39494.176,1101464.6,197446.45,21383.85,1241122.4,175059.75,282600.78,24533.996,31961.062,5466.12,68878.89,750495.4,986059.2,34736.562,5854.254,113591.445,22740.055,51510.47,6609833.5,7955.912,79337.28,390325.8,36841.176,15834.909,13694.417,85695.01,41797.848,21810.662,11987.197,1787.7667,6014.1978,32867.703,241205.3,146500.31,29684.139,125305.35,15360.415,23145.363,5106.3403,22937.352,993157.2,15897.299,75257.164,23584.424,14821.532,9076.084,102094.484,11762.132,2210.4414,14321.865,21086.168,22603.982,25907.906,8156888.0,16399.604,109477.16,14799.482,13930.866,14446.018,28371.691,14548.68,1680339.5,351985.8,12149.535,4468.4033,19071.627,127938.6,24640.244
copd_295,copd,455729.72,240975.38,217126.6,14651.024,940430.5,10395.006,42133.996,50141.547,14518.407,40917.48,40047.098,987039.56,131053.945,45284.156,1268275.2,114650.625,238549.8,22781.885,28947.854,14421.651,72442.23,706371.75,905772.1,45232.188,5484.7026,62646.65,25736.479,39348.98,5523628.0,5161.8345,82222.3,485091.28,34024.938,15811.035,16741.06,136910.67,52857.906,206909.72,17633.99,14492.454,7510.185,23526.217,183055.11,190595.55,112174.41,119840.91,17238.182,21689.064,10625.232,58443.84,1098799.8,33631.25,70864.305,41611.785,30463.635,18018.668,100967.89,13623.796,3106.4636,7559.551,14089.123,26415.84,9973.476,8101673.5,85301.09,194448.72,14014.194,10935.332,12101.749,65318.484,16299.713,1925697.8,530651.56,16525.98,7125.5737,11087.01,239277.77,30694.725
copd_296,copd,153287.33,163609.72,229006.23,2420.0403,691047.8,9529.545,8387.136,15381.584,6139.5034,59622.938,27732.842,704987.44,17202.723,27265.268,831627.94,103736.08,92051.98,6721.935,4147.7983,6175.871,61127.695,235516.88,450075.5,50338.855,3766.5366,31046.873,11415.363,20807.924,3201330.5,8555.506,145321.42,366884.53,19768.438,41605.992,1932.8063,191841.62,69458.125,8725.149,3346.9648,10693.908,11018.815,1159.2002,95414.91,78512.11,31252.508,35905.45,7042.573,3106.339,3792.5205,11751.3,863599.2,12808.031,60692.32,10276.574,17872.777,8326.487,87064.87,7048.8433,3020.4023,4047.9753,4306.038,3306.638,983.374,2282974.8,14144.702,263884.53,10234.085,3550.9802,7311.767,155193.52,7160.9893,120785.33,196978.52,4965.6553,4955.25,1655.3397,86828.21,11223.716
copd_297,copd,155562.34,112588.64,288115.53,4400.4507,517614.1,6496.222,61643.277,19635.572,7290.569,35257.23,22091.629,503412.7,15806.256,10570.942,756402.5,80541.42,108732.36,9075.988,8418.07,8100.415,61952.22,408077.66,381805.7,33539.9,3588.6504,33987.285,13361.912,26369.727,3364324.5,6375.8916,37510.58,279053.56,18354.406,15094.404,3292.3635,198879.89,46055.28,20697.541,4952.212,6462.0283,3268.5393,2347.5508,98014.96,81343.766,14611.575,35835.047,6328.9097,5847.038,5694.2812,13428.857,434011.78,8573.787,42531.91,8757.808,12929.083,9181.776,74347.26,6713.1953,2495.4646,5672.6235,4148.9736,3746.1155,1605.771,3307850.2,19136.254,80086.984,8820.495,7091.916,4136.0205,83178.03,7814.5605,430999.94,236525.95,6665.623,4247.8857,2165.1218,143081.64,14339.894
copd_298,copd,395259.2,115178.414,82668.664,7596.2173,250425.47,15398.508,83567.8,59917.523,11390.394,31275.168,28169.586,796261.9,59034.273,19170.613,995486.1,111424.23,146545.45,17837.682,7427.429,4960.58,44711.22,797226.06,382034.44,26164.084,6067.1426,121620.69,41377.316,41505.29,1506591.2,4311.4224,25711.48,245396.6,45313.965,14475.0625,7911.8857,171861.34,51069.02,38123.76,7825.8384,1462.4658,6469.028,39552.336,221076.31,112283.05,11833.268,93629.555,14571.773,18680.002,6365.768,29225.865,740555.9,10074.05,72707.8,3488.8057,18882.297,10729.41,94014.76,6621.311,4791.771,14845.951,10377.739,10993.328,16037.248,8277924.0,451924.53,30906.28,9557.471,9548.1045,12139.308,46606.44,9891.966,843846.56,67590.45,11650.271,43389.37,16102.814,115961.28,17980.592
copd_299,copd,624939.8,83874.96,87027.26,7925.6997,307886.66,9815.269,1007785.56,19984.236,17579.016,18357.383,14831.756,642341.6,154375.44,30600.434,1449663.8,189141.36,109326.914,18426.088,12021.957,3675.063,45039.773,665128.94,675292.75,43137.684,6572.3203,190223.3,60580.652,18366.7,1163195.6,20802.229,67539.94,359240.78,51413.195,11374.229,12107.268,131982.72,37462.777,130028.86,15703.389,57773.02,4696.122,1156.0334,86292.21,172122.14,24641.348,112200.516,26809.055,5511.57,3621.282,24023.654,844426.2,10825.375,27887.363,8557.726,8847.82,23957.166,95042.09,8402.244,5448.7856,25376.125,2081.2183,33497.797,19206.336,8313208.5,276552.06,32426.61,3561.2625,5757.7456,16683.902,26369.426,6683.3403,2063510.9,203113.52,8961.985,87526.5,12091.965,202529.75,11505.145
copd_300,copd,282654.7,226327.42,160934.06,8444.745,766569.25,12991.505,1209714.4,24362.225,91187.22,23497.896,20148.666,852944.75,3433.617,37149.19,1451635.2,121283.29,147181.33,14287.962,16581.252,11857.67,104256.08,538714.7,73290.08,56064.855,4752.741,72499.31,22306.625,31560.658,2063815.9,20049.965,86747.68,403088.8,49917.297,33366.562,7074.4316,551166.1,72955.28,34588.168,13288.506,3901.248,10531.333,2087.5935,135531.92,195988.2,45444.797,95009.29,12969.839,12020.008,5644.089,25009.27,755265.0,6458.3745,58876.504,5814.109,17040.426,20999.129,4960.897,3709.644,4108.6753,7360.1377,2968.8574,29875.191,19123.191,8275201.0,1207731.6,196433.0,8983.749,7289.13,10216.783,134225.05,8111.6953,1969673.1,77534.234,16046.167,64078.555,17122.125,264971.4,20076.639
copd_301,copd,208576.3,141067.03,218657.44,5965.856,462601.03,8768.313,120957.086,40707.57,17183.766,38978.207,22478.307,655557.5,4925.1904,24341.555,1149805.1,122650.12,111799.97,16845.469,12414.779,5405.849,91367.67,557546.1,54606.242,32403.547,4461.6313,40401.484,17383.002,53376.887,2894509.0,10883.598,34438.438,310984.03,43643.86,30988.45,6681.677,429786.62,80668.336,11233.771,11750.045,1862.0668,10447.605,16387.22,150516.27,166679.2,23235.379,74863.234,6221.6753,8331.81,4983.0166,18179.234,553172.94,4251.194,149519.36,4670.8716,33048.94,12200.069,4212.9595,3460.0369,4621.9062,5727.8154,5455.2812,28210.209,15579.215,7501610.5,191642.3,231974.56,7102.6724,18134.521,5148.0273,112404.86,11929.577,1142544.9,137605.48,26265.814,38827.35,14942.005,129073.32,19865.355
copd_302,copd,241747.86,265585.66,395926.56,6334.6714,1016559.0,16908.357,33146.7,23375.697,50992.562,77167.97,42775.41,995512.7,10224.533,37535.594,1419648.0,127845.17,119823.99,12755.283,25162.291,13087.888,73498.59,251809.2,461242.9,52230.67,4103.6187,42108.688,14471.515,37097.64,5640737.5,18235.06,140538.36,466051.0,29709.43,44546.12,8872.877,404234.1,88293.62,15207.33,6186.849,35542.406,16806.62,10071.091,97786.21,145363.7,111195.25,79970.06,9511.484,6467.196,5729.127,26434.768,1127649.8,24330.877,155280.42,26567.254,21014.176,8901.824,57611.81,11876.322,3296.097,4445.115,5120.0894,7612.254,10065.675,3698453.0,110808.12,361525.62,16147.753,7031.861,12149.407,91560.71,12732.627,660644.3,348106.72,7189.7197,6868.8203,8796.812,131889.36,22306.625
copd_303,copd,433567.47,206978.6,321357.66,12436.36,537478.5,9749.277,8802.778,56400.355,7777.671,32799.25,44887.375,1091386.9,186912.11,16497.035,1299775.0,216222.55,222516.78,19935.883,27591.2,6808.985,91596.516,892671.3,946234.06,44484.945,6262.011,125970.82,36425.95,38118.89,5662334.0,3222.4946,99577.57,445265.72,43061.723,15083.31,12049.323,128043.58,57189.31,22884.887,8098.553,4114.692,7271.187,27323.473,308158.7,164666.17,31934.158,120372.85,15383.124,25011.227,4450.359,26368.746,1036631.56,22168.01,63045.457,22577.31,28293.385,9639.672,102646.67,12806.016,2332.7927,16043.474,37309.676,23018.588,15340.504,8175127.0,22354.076,82379.516,14061.791,15139.416,15485.503,91572.06,16379.767,1684588.2,242196.23,12823.689,9020.454,16802.324,101442.95,24515.635
copd_304,copd,463523.56,329270.7,520363.53,10383.354,920779.44,26577.62,56823.152,36381.65,33584.066,72604.83,47316.977,1134687.6,35876.562,38618.438,1879857.0,218998.86,279168.56,15836.615,23760.453,15825.065,97114.09,962862.6,605711.25,53035.746,4722.6123,90491.305,23887.01,49707.086,6593225.0,19678.973,100746.19,520716.0,40136.914,30276.006,7924.974,498537.1,83054.54,30106.098,7679.9526,24532.943,12985.138,7559.7095,140340.27,193273.98,89177.44,113006.02,14825.378,20251.775,5429.942,34746.27,1220618.1,29669.506,168265.16,14344.681,19763.988,10125.798,91186.52,16113.445,3779.9875,8176.353,10574.673,5326.569,8066.745,7678678.5,45788.914,441432.1,18231.947,11541.017,13390.783,168539.8,17338.81,1579755.6,425481.66,8280.679,9159.77,11481.62,179337.38,35445.996
copd_305,copd,132014.31,222247.86,279903.8,3838.5115,627217.7,7421.8066,8876.982,26808.467,2814.7183,34500.996,29669.393,695593.56,68319.08,16782.992,753498.8,146107.55,74854.6,12132.131,8966.329,7564.1597,78796.18,766452.3,711274.7,48400.117,4206.017,62616.484,21986.576,24449.812,3362181.8,4598.055,82781.875,365834.62,25418.246,18503.84,3285.6836,175517.3,56010.72,10795.021,4505.301,10658.493,3955.6785,9008.143,121254.72,110042.41,17113.39,70261.68,9892.116,17466.693,5912.8193,11588.113,714563.3,11070.431,44087.72,7342.762,17064.219,9547.358,97587.77,8803.534,2723.82,8859.169,8299.925,2352.6328,2013.152,6363766.0,9917.009,113096.914,11149.352,9161.7,8701.29,188726.58,8567.853,765650.2,132980.34,6533.6743,4433.525,4389.303,133987.16,18081.072
copd_306,copd,312365.88,293035.3,116180.68,16426.652,424282.25,10162.835,43946.543,27933.893,28276.957,64946.41,41060.555,692315.7,74905.586,54937.203,1584493.4,309137.7,52906.523,22744.564,12227.864,11635.869,74816.484,951970.75,701006.44,77570.17,10265.396,72848.555,22191.32,50525.664,3208335.5,2872.0583,157295.67,538150.9,47185.258,58395.258,9394.225,301667.94,113039.23,13310.831,19103.375,13657.543,9921.843,9461.954,213150.25,228620.22,19914.314,108600.85,5926.698,17612.596,10844.514,12982.042,1082717.1,10360.265,137668.88,3891.6733,56052.99,27763.566,91731.32,2658.7673,5295.6816,13089.748,22103.178,18902.947,17856.336,8174846.0,81882.45,687541.44,9807.2295,44188.242,4375.9175,567821.5,17169.482,1788255.0,55413.098,36987.418,45468.42,21090.975,258758.05,35275.895
copd_307,copd,139272.3,99955.11,200567.28,5693.6562,274174.2,5907.785,25155.5,16812.342,5025.854,20850.793,21763.162,432883.28,16647.473,4684.619,744862.3,30259.668,66702.78,7861.119,5818.8525,7669.2217,42804.63,269509.62,312894.2,15007.874,3865.2388,24254.33,11340.821,23999.541,2517840.5,4843.076,14458.133,190154.19,20000.596,8826.007,2415.76,159106.14,33017.188,5866.5903,5141.824,4001.998,2643.0293,3475.3794,103589.27,87094.34,8068.184,20731.64,4315.1416,5371.253,5531.5254,12899.657,279201.03,7956.1167,35991.676,7097.14,12467.998,7901.23,65427.027,4007.9272,2005.4115,4612.0723,4006.4707,2945.9172,5111.1206,1697383.0,16916.148,20462.621,6954.461,11320.03,1471.5308,26418.46,8086.9824,185216.62,169104.42,10456.768,5818.1475,5603.4497,85969.23,12819.274
copd_308,copd,317199.03,37106.38,217834.67,5013.3525,329052.5,21673.764,891542.4,20062.016,5776.107,52072.855,17925.049,326957.3,11552.812,8121.2637,1059198.5,72950.41,356945.88,14901.843,10010.118,4125.9917,86342.914,312565.84,20343.96,14978.188,3031.2617,17694.928,8449.152,75963.02,3578764.5,8205.392,11010.926,193703.56,33557.3,11350.409,3624.3093,512517.38,47127.96,11413.557,13025.151,1340.7273,7948.191,9095.7295,92991.77,96389.87,19311.492,29662.66,3445.6099,5126.5986,4305.5044,8200.33,251068.73,1868.2566,196994.67,4934.426,18133.467,11775.792,901.2633,1941.2379,2881.4402,5530.0376,3615.2625,8718.96,1389.7373,5233218.5,267262.88,94873.836,6641.298,45669.113,759.96387,43171.062,9406.724,555120.4,252383.33,54051.9,9690.113,2571.6987,94047.664,11532.115
copd_309,copd,311900.62,169625.66,226636.72,10713.315,453293.7,7984.465,127983.266,42780.348,9493.421,27084.68,20330.945,584237.06,9154.171,14759.015,855192.75,130084.17,176005.08,18783.814,11060.331,5732.401,65669.016,818766.75,150299.95,30285.219,5328.5054,85707.1,30299.172,38248.164,2174432.0,7903.8525,55633.695,316476.56,46153.156,24527.844,7259.6904,188768.88,68185.055,10184.862,10605.236,2448.818,7454.0713,11558.234,139824.6,159814.19,13476.818,93094.35,8735.883,11463.402,11107.67,21304.947,640983.75,6209.297,113484.03,2110.0327,22254.12,9763.831,67960.305,3217.233,6150.5166,14892.522,8911.398,16121.377,25196.943,8168011.5,272690.16,132565.66,9705.958,21238.832,6182.8438,98065.26,13936.886,1416695.6,151868.17,20040.846,53322.45,21249.408,118447.42,17190.668
copd_310,copd,43344.453,90387.63,71435.37,2440.3533,457690.56,6561.4155,2787.0278,13480.816,7600.399,25518.441,9927.2295,331123.88,26550.967,30281.465,499249.34,88072.44,66740.33,10623.145,5662.488,6354.321,46588.355,418142.38,569379.44,35759.836,3961.033,24836.041,9493.711,12624.596,2166870.0,13189.488,40519.984,295207.75,13763.618,18630.023,1726.6277,219014.52,50750.37,26503.986,4101.873,5360.356,948.1148,5161.47,86701.52,49937.06,7453.439,29614.24,5862.9097,6045.895,4253.392,11366.594,835671.5,14053.599,18198.158,17702.64,8513.7705,12464.193,84435.4,7520.235,2422.837,3449.109,2174.5747,2750.9656,760.10504,2649403.5,480.83252,242470.55,3683.0964,3323.351,6516.031,158377.81,6532.858,797917.5,65189.6,4804.948,2536.1135,1029.5344,193898.19,12491.661
copd_311,copd,51268.312,97169.68,72875.73,7650.9126,152001.77,9069.109,501313.78,21689.893,2877.4736,65008.07,23857.025,327124.8,116469.45,69430.05,508700.66,228670.58,29129.25,22981.582,11035.717,7891.4917,33595.152,544806.1,358090.47,82786.53,9772.179,64885.863,16697.098,20068.31,1597484.2,11668.319,253008.45,539173.7,31126.773,92072.34,14843.006,58978.844,122138.63,46144.44,16361.421,8814.104,1488.799,2483.5427,90037.82,133595.95,10405.997,79643.47,4450.1934,5737.3896,19855.639,10403.02,870046.4,2837.491,18519.518,14394.745,26672.055,26772.414,59899.64,4373.3467,7332.761,17752.771,6959.6636,25868.773,1982.282,3118856.0,1437206.0,898679.6,3846.4397,47667.227,1231.8308,499939.25,19065.062,1318878.1,49467.652,41829.87,12553.217,2374.8394,183288.48,17581.496
copd_312,copd,213306.42,81494.17,29390.133,1982.6802,424534.03,17091.566,969378.5,28136.533,45119.008,29762.86,6427.445,262524.53,51695.66,62654.953,1412702.1,164188.05,320807.72,9632.6045,5357.5654,6177.0317,105537.25,955980.2,152422.44,54415.4,4092.8523,49114.9,17350.621,54668.04,926480.25,4401.9116,151509.11,332613.0,50252.18,40161.113,1855.3893,584393.6,83393.2,18690.96,17223.096,1141.4075,9541.832,616.20276,220978.08,173644.92,39458.562,102528.195,6596.556,5418.8228,2743.2197,10203.617,882499.44,1853.6339,136270.16,1454.8965,22126.63,27273.355,61779.055,1215.6472,4157.309,8698.112,3941.817,35173.2,2249.1763,8309895.0,574082.7,829075.7,2821.1367,17880.502,3730.425,255999.64,6348.7954,1962040.9,379.9016,40681.84,132987.83,15451.748,222006.14,19732.195
copd_313,copd,262661.28,167159.64,250291.77,3858.2727,904143.56,22668.576,16697.768,16914.809,18448.104,71269.19,38230.258,858021.8,60244.47,36753.582,1237004.4,135304.89,163652.0,9768.749,14181.078,7360.7275,80346.41,310527.94,744414.94,52631.996,3968.105,31442.168,10795.135,35500.566,6156261.0,31051.344,153277.97,428290.72,21937.459,36637.43,3253.9077,353678.66,68922.85,14288.017,4451.497,33376.047,11703.283,2172.9165,76540.72,107693.86,88584.516,64762.527,9003.934,3658.3784,4759.796,12556.977,1071924.2,16346.978,133816.67,15969.48,16700.363,7692.056,87659.99,10172.717,2670.5515,4404.52,3436.6711,4009.6938,2464.9297,3847811.5,11439.014,306954.94,16045.448,5217.8623,9465.457,109498.875,7416.188,648243.9,399710.6,5268.7812,3169.7175,3975.5422,91506.24,15157.881
copd_314,copd,395041.38,80585.37,298799.25,4670.796,549954.25,9153.586,316437.62,37359.594,4999.4272,30734.152,39820.117,883563.06,43160.44,11683.565,904569.6,40931.023,156066.97,8912.605,14317.973,7626.4395,63460.848,158706.66,517470.47,25787.363,5114.4565,63242.016,20662.178,29951.592,4082769.0,4188.852,90707.75,356419.62,35082.11,18588.725,9995.149,85720.43,52279.16,15314.249,5535.9326,6164.3833,22094.178,2855.739,120343.46,129255.875,33291.734,76767.555,8579.293,5014.366,5198.235,33065.87,576508.8,21867.148,53594.797,11814.705,21345.074,8775.308,88011.65,11877.319,2755.11,9863.156,16277.653,26653.668,11450.289,5144764.0,3877672.2,57444.965,14650.913,4766.3564,10694.296,35525.902,10933.934,199417.56,303857.12,7532.4243,5740.083,13870.993,81785.37,12076.648
copd_315,copd,291174.72,92771.305,206319.77,3449.6255,348751.38,5294.762,229927.31,16218.504,6652.0757,40804.938,26296.469,660108.4,24061.855,10092.909,1360175.6,99529.055,132726.94,8519.66,5355.8384,3417.761,57818.82,313046.4,143711.53,18783.188,3090.7817,17129.572,7632.822,25889.926,3525912.8,16671.654,30088.072,347464.28,34041.426,15155.308,2299.2207,224279.75,37285.984,10950.747,4349.844,4942.26,5491.288,3144.2659,78595.87,78068.234,9643.323,20069.02,2896.0754,3888.048,3310.719,7344.5415,289720.5,2420.0068,30868.398,8913.2,13686.608,7963.147,20707.256,1813.321,2865.2563,4634.2676,3742.7722,7801.282,825.267,4483322.0,18348.543,220772.7,5841.012,15527.741,900.4862,77677.37,10513.589,600406.4,350031.88,13209.757,10918.292,1130.9297,149449.94,9674.544
copd_316,copd,390208.56,243420.95,235644.94,14770.364,409846.0,11013.152,37832.484,44980.965,15063.283,45868.2,39165.973,798160.25,31449.635,15107.15,1680563.9,200668.48,165053.4,15947.092,20727.549,14332.537,78835.266,1056991.6,532335.44,45189.59,7306.1133,71931.82,31203.664,49607.54,4748627.5,8386.8,41816.31,477600.22,41861.477,21550.566,7061.279,252941.62,82456.695,43774.793,9138.503,4456.914,3255.9727,24816.342,234238.98,191551.12,19503.822,90560.98,9773.679,32422.436,8486.943,31183.762,829170.6,22910.635,139249.6,7427.961,31875.736,9431.258,87659.32,8772.547,4058.8557,8752.956,10641.002,10359.85,19193.098,7702875.0,58456.438,115176.766,14081.828,18237.025,11357.4375,87379.875,18519.129,1296144.5,218856.89,12017.44,16227.818,18572.297,163868.94,33145.246
copd_317,copd,94893.74,53529.21,232591.72,2852.9453,494911.78,7714.2373,4239.2114,10990.959,174510.52,37581.047,16833.842,465807.94,91015.37,15252.476,717982.2,117801.69,75442.13,4485.6396,4746.8604,5015.9976,43848.37,131443.47,545814.5,18455.213,3176.5254,36146.61,12339.901,30929.633,3713735.8,29009.898,73831.25,266637.6,11220.986,24302.793,1573.6327,378975.75,48044.254,9812.497,3682.9207,3159.1096,2606.3406,2490.7908,64070.062,46850.703,19524.742,49187.93,7408.0015,2179.8948,3260.3894,10709.556,631485.7,10908.154,56999.004,5722.431,8563.956,8736.333,88597.695,5991.3696,2132.8809,4815.235,3027.2073,2154.028,1165.7761,3938383.8,481.38724,282697.0,8158.825,3309.0046,8042.768,200888.11,5486.7275,697137.0,154392.08,4857.9277,2226.4993,1855.1954,154536.73,13490.295
copd_318,copd,95178.61,165270.94,166365.72,5633.117,279109.2,7061.926,14290.783,20182.496,2604.3086,25443.615,26160.242,365691.6,13950.61,6491.081,710685.44,45081.934,77826.71,6986.587,6536.467,7710.052,65983.72,305200.34,469746.16,28375.398,4515.67,28949.316,13366.284,23530.37,1790847.4,4733.906,32889.496,228501.64,23107.053,14945.269,3003.5298,168141.17,49106.938,8060.331,4922.0063,5456.181,2989.163,6530.042,178878.75,110174.195,7481.908,34431.54,5207.9775,6810.914,8010.728,14164.168,401414.34,8298.16,56826.62,3814.0203,27060.201,7743.1416,80055.375,4760.9766,2626.8916,5572.679,5802.2974,4769.9453,6576.9106,2641187.0,204083.38,38447.45,9079.054,14196.816,2539.7104,45578.133,9031.715,68406.05,92970.41,11172.088,14951.413,7109.213,65440.508,15585.367
copd_319,copd,356253.12,120486.9,231249.61,5766.682,366932.8,13365.979,510490.53,13213.701,22143.457,48129.74,26768.023,835639.6,18723.201,7804.6387,1398099.8,54958.793,155431.25,8657.82,6242.07,5678.487,67962.12,226271.31,144021.61,23524.355,3398.7407,19025.193,7922.042,30269.338,3982976.8,21516.537,30988.479,307855.84,30551.006,15150.38,2870.8762,313056.56,42379.06,16868.314,5849.5596,11955.0,4776.474,1973.191,79070.94,109753.24,12692.107,21483.236,3458.1492,4061.0361,4851.269,9761.614,301379.53,4656.254,44412.33,7257.184,13808.19,7800.0767,23070.873,3580.1362,3218.252,4906.093,2868.0554,4765.6973,1420.9714,3589815.8,33736.42,129410.67,9996.331,15888.234,969.2335,43732.355,10902.476,263011.44,393358.66,12239.824,10817.737,1917.1809,86093.695,10954.769
copd_320,copd,441756.38,295650.66,148845.56,10522.276,592617.4,18852.553,178118.84,44978.133,49704.336,36968.76,29192.742,888490.94,10306.492,13822.948,1916356.2,227964.02,44052.332,17812.742,14093.235,10131.034,95244.984,892731.8,31080.379,30246.857,6021.5796,113780.2,37680.89,56424.62,4304884.0,34671.727,26775.684,326904.94,46282.613,12769.524,4816.2407,425386.72,51976.06,25571.6,6931.746,3412.1934,4767.489,26632.248,163548.4,197149.72,30721.61,82063.9,19246.457,14869.36,4686.9614,40197.25,863179.25,18276.516,218862.52,11903.63,32479.69,9317.715,37408.832,5971.287,2544.2102,9153.271,6980.339,18173.668,14298.499,8274412.0,1717.2816,50192.598,8732.301,10445.941,13750.288,59716.89,12849.362,1903963.4,111811.164,9713.08,95730.45,19731.988,155908.1,27625.93
copd_321,copd,448668.53,242408.6,276174.66,24073.127,506806.34,11444.885,23597.744,43406.71,22824.64,51057.137,31722.555,743958.6,17983.508,40321.805,1436101.6,192163.7,60423.305,27666.771,25992.398,10594.328,51044.77,925011.2,660425.06,55092.56,8199.681,149447.36,40490.125,52439.8,4639063.5,12635.329,74265.266,502603.9,47280.44,29557.469,13357.504,144622.67,87562.82,116879.15,15018.341,2435.6836,12364.275,41498.125,198010.66,228133.88,25812.682,117893.96,14492.288,29390.807,14902.796,38730.234,1072985.9,21051.084,48830.605,5763.7954,36284.523,17844.896,72435.04,13045.652,6058.514,17890.992,11601.55,11186.738,28562.252,8191351.5,84949.086,190611.55,16143.9795,22408.7,13098.952,266786.4,20013.342,1986778.6,518890.72,15248.577,19628.514,13490.23,265352.5,34719.67
copd_322,copd,139427.66,127034.28,162649.2,10134.483,210352.77,14066.029,8122.302,34555.133,11191.082,34339.848,30885.36,591808.06,113456.766,23567.537,671679.25,276467.7,97990.56,21634.01,12747.305,7506.5474,55803.633,995094.1,881207.7,55064.09,5203.022,108077.12,34752.7,33224.59,3793912.5,2581.8826,121060.49,433450.88,36896.98,22898.27,7143.096,207646.47,67704.64,8197.765,12889.622,2646.6614,5363.21,4779.505,158671.1,161726.27,18798.08,114048.65,9441.193,12330.254,8394.034,12833.832,783829.5,9653.1875,46793.277,3525.3794,48129.74,13616.521,98881.55,5081.3174,3126.2214,17895.992,26402.994,10760.842,29876.846,8065848.5,10398.229,231272.55,8746.388,22138.178,6557.386,250869.11,11951.864,1680177.6,74499.86,17248.674,10431.784,22566.912,192129.62,33507.637
copd_323,copd,98554.016,135383.62,133797.8,5095.9614,222925.66,6060.5024,50697.785,22221.352,1098.4364,25759.242,16621.723,191689.28,21692.934,16652.188,618469.5,74456.67,68732.56,12159.608,6397.2793,6650.9844,45028.992,483829.5,622691.06,39240.49,5233.8086,28309.635,12838.9375,19413.092,1161813.1,6390.498,62842.2,306178.12,26327.033,28166.63,4078.44,89874.56,58648.25,10907.479,6696.2036,2789.3765,1661.6797,1518.8934,111330.12,107848.336,4572.4683,45262.48,3585.4578,9012.5,9665.284,9616.476,355128.28,2716.6912,23291.512,8159.1675,17502.547,10116.2705,78676.78,3292.9792,3394.046,8366.435,3827.984,10465.598,2089.088,2136926.5,442425.9,164039.67,4001.8416,28478.34,1311.7516,272741.4,9909.832,883892.56,124490.38,21769.12,8477.631,3389.4612,132311.02,14824.487
copd_324,copd,308423.88,331095.78,341893.06,19312.596,547822.75,10478.401,31574.928,51506.984,51043.164,42777.33,41831.426,828039.8,31988.508,23696.23,1775921.5,247264.67,12893.876,25576.111,23849.904,5583.608,64004.773,700129.2,377417.25,39608.09,5348.6396,160712.89,46514.527,93700.125,4148218.2,24096.969,101981.12,478655.38,45524.7,23672.715,15662.525,300880.4,63847.363,191724.56,10983.948,4887.0317,13505.615,32516.076,163660.6,216332.69,60502.3,114531.94,20841.707,13398.448,6739.77,45052.58,1145951.8,21693.326,76005.71,13668.02,27474.271,9756.523,31439.26,16533.973,3878.2134,20189.832,12516.621,15132.762,35614.37,8184222.5,72474.7,173140.23,14476.981,35017.797,15655.178,296592.75,18767.447,1940349.6,598315.5,14115.458,40293.742,14895.165,139066.7,31687.691
copd_325,copd,271438.53,194746.77,168365.97,19796.303,273986.78,14500.598,892759.0,34707.688,11212.631,63400.777,30928.602,637233.5,2852.763,59235.043,1155335.0,236526.62,115440.14,23439.701,12097.075,10101.316,70553.02,885006.8,182782.45,77318.914,10775.456,77231.21,23387.56,56582.67,2477647.0,3959.2837,207332.62,549152.44,49977.223,89852.54,9832.377,177607.25,129363.78,29669.959,21605.37,5082.374,9613.844,1743.5784,293203.3,250234.48,18707.475,105905.055,6447.1177,11395.207,16520.008,17617.332,996200.3,3880.234,112997.945,1038.2898,45357.59,28709.7,46683.402,2652.1008,11689.149,19199.871,10803.9,35141.78,13251.1455,7271004.0,1948473.5,687993.4,10706.706,58686.406,3234.281,501381.22,20723.416,1706919.8,134747.44,53575.79,41937.0,16320.76,202884.88,32840.13
copd_326,copd,201420.08,234800.12,179570.3,14045.813,335500.9,10453.018,41165.125,26725.984,11055.354,40533.59,36695.305,515244.16,46845.79,21421.082,1136400.8,162488.75,95657.445,17265.758,10307.387,13114.064,78265.555,912192.2,548114.9,57461.84,6163.813,75933.984,20864.836,32554.273,3128854.0,3260.5513,100069.664,471037.7,43846.49,46101.246,9827.961,121052.3,103608.14,13469.173,14976.774,7116.472,4212.6904,7038.645,187181.28,203318.94,14665.256,96872.39,5376.6245,24539.59,20344.543,18912.955,555714.1,8430.686,85028.195,5174.277,41268.78,13278.953,89363.72,3720.9712,6569.8447,14283.629,14030.563,13820.971,21317.447,7008840.0,1482361.2,348050.62,11521.825,39778.703,3817.205,323195.9,19458.637,1171864.8,187402.06,37076.56,27154.254,20857.018,124239.3,25318.543
copd_327,copd,290198.34,99425.555,124716.164,6055.8564,326608.6,6964.2124,217525.16,20025.713,13281.639,23431.32,9835.707,655190.0,14691.112,22488.963,971286.6,116347.664,8212.682,25405.135,13312.85,4712.3027,64770.496,767710.56,37852.047,30190.516,3771.6636,123983.75,39770.586,28239.416,1498691.0,23231.834,37481.113,383978.34,46574.363,18439.643,9595.65,112725.95,52150.984,223808.19,12303.036,10045.4,3489.6746,5526.842,85002.9,209113.86,11859.672,84962.375,19285.54,20044.229,5246.6797,35105.805,725545.5,12645.383,76102.32,9429.656,7109.254,16798.35,4009.2197,9054.942,4459.487,10182.375,2256.0786,25129.363,19991.46,8274901.0,192377.33,112617.85,5384.8677,8589.003,12134.805,197662.73,11687.009,1853632.2,549684.25,7463.1846,19360.508,12879.226,171311.19,11492.895
copd_328,copd,72973.164,85141.63,117438.81,3873.5364,184216.22,3044.483,13434.302,25285.508,1760.8097,15462.097,21203.373,312985.8,2787.9504,5134.5464,294931.4,44619.168,30579.193,6700.644,3570.9814,5099.385,43318.793,215546.84,117700.85,13800.91,3740.5808,30024.207,15674.734,14159.009,1347917.1,2052.4575,22757.975,160995.92,16661.941,9173.435,2582.9998,70313.43,30790.275,4107.993,4002.8838,2446.5881,5457.5244,2762.0183,153424.06,81333.836,5798.994,46756.965,5311.5156,3222.8635,3141.8552,16011.022,366271.0,8659.72,30456.807,4030.7554,15321.539,7403.756,58782.473,3586.207,1614.1632,7606.5054,10605.51,5414.0796,4805.012,1128755.8,242588.28,24032.982,5387.4775,6781.1543,3354.3037,38584.203,7771.1973,61410.504,117027.266,9114.748,5679.895,6856.848,77387.96,11650.316
copd_329,copd,239129.03,178482.22,189103.66,5348.599,343445.3,9377.314,58993.582,16102.399,6882.0474,44996.926,25932.33,614272.5,42182.766,9275.836,1377402.4,72743.516,143554.83,11158.639,5213.4546,7466.88,67834.29,603281.4,496143.3,30527.94,3779.472,22213.873,9343.452,44138.12,2961040.2,11288.117,24138.533,331741.8,27713.62,15519.583,3439.1636,281813.84,54174.05,20954.256,6111.68,11723.246,1595.0255,3674.2566,106486.69,113369.91,9903.747,27630.225,3718.044,9527.909,8458.183,11499.122,348478.75,5075.94,77509.24,6627.3765,12686.02,9556.66,71189.234,3982.849,3402.4226,4831.444,3571.8298,4277.153,1343.019,5623281.5,24759.77,128507.836,7890.829,19837.94,1222.255,78227.35,10351.889,390202.25,212530.55,14943.814,10595.42,2415.3267,109081.96,16013.374
copd_330,copd,383496.38,139803.0,62577.5,7096.6865,340798.6,7884.5547,430353.84,27149.592,21357.557,28049.752,14924.8,559878.3,6362.344,57091.438,1610736.9,207938.36,165620.89,25440.219,12068.174,5697.2856,50757.15,953628.2,228265.53,54083.71,7093.1943,75228.46,20708.994,39662.105,1159715.4,4011.9321,73145.195,314328.6,49368.066,42836.77,6374.84,304520.3,79827.266,19819.406,14208.913,4910.264,7266.1396,37472.46,169706.39,128368.195,25056.732,112892.49,6053.8237,24107.383,4503.9644,8673.466,874372.56,2756.719,64607.504,1090.087,15942.469,21120.684,56987.48,2222.889,4644.078,12307.837,8150.433,7293.1704,6751.274,8300264.0,100039.51,510529.5,5233.8984,13374.254,9023.233,321324.56,12042.166,1744008.6,5404.612,22642.0,37253.887,14529.322,245416.48,20275.604
copd_331,copd,347025.47,201310.61,159331.62,10703.153,442286.25,10647.835,306822.66,51207.133,18077.951,30719.236,27302.738,611030.4,12444.95,18569.197,1038413.6,153905.17,163210.92,19488.54,11280.132,10617.979,64777.23,923164.0,125446.2,28965.775,8687.931,105604.7,34822.473,40267.695,1719262.6,7495.987,33441.68,320442.3,46515.855,20147.129,6915.1313,268078.97,74202.97,15337.549,8418.914,2881.2822,5012.138,30842.531,246700.31,168417.52,8080.113,92803.87,12723.28,28231.957,10777.275,38561.246,749647.7,15218.227,87295.336,1559.7131,21356.723,10122.477,72132.69,5794.416,5255.1895,13418.794,12150.636,14139.738,19675.857,8183629.5,317626.16,73768.68,11254.19,15483.273,11438.043,79559.81,14790.918,1325734.5,68759.64,12495.093,60188.02,16953.36,124063.945,26812.992
copd_332,copd,156397.75,152515.06,359034.25,10744.874,696475.75,3573.9124,306928.3,59771.36,16663.324,38504.617,22256.73,929952.06,42.773083,41247.613,880341.6,123897.94,3017.3123,24255.486,34079.496,2611.3445,69960.86,140789.48,1260.1239,34326.26,8291.8545,106166.36,36772.973,87934.71,2283260.0,18725.629,67333.805,381068.7,24905.064,13074.713,14836.241,189878.02,52704.33,135342.44,8472.175,8654.493,20154.164,41985.543,157237.19,207600.53,27554.78,59843.57,22801.643,11271.861,3998.5408,43352.434,929229.56,13640.2295,60069.66,13020.842,12378.636,13496.743,33.03868,15301.708,5056.8223,11874.884,3621.3718,23238.305,14546.558,1733558.5,256461.72,116259.484,13815.476,14545.684,13952.34,225852.2,12941.766,1554783.2,462328.03,10862.276,11101.94,6181.175,60648.98,18297.951
copd_333,copd,275688.88,195245.16,278511.2,15052.613,328977.22,6362.314,23426.65,41378.695,33266.027,50761.6,37352.65,553083.25,10428.65,30362.87,1228114.4,190846.73,48922.387,19556.236,22548.797,10652.832,51973.48,537859.5,287459.28,55021.516,6165.5063,85091.23,26043.938,29583.217,4345330.5,8194.591,97949.36,430860.6,44985.04,39949.52,13467.914,155652.86,100510.68,24881.752,12192.427,4351.214,10096.693,37194.21,178534.66,197117.39,18911.459,96183.44,6704.9595,34112.793,9048.641,24845.258,944137.4,8976.314,113776.734,6305.1157,33334.977,12682.391,48341.023,7901.5537,6786.6416,15609.585,11753.845,7374.965,31292.89,6406348.0,918694.5,355821.56,12610.071,31437.371,9447.273,367717.16,19720.475,1109158.6,204214.6,21192.576,17851.229,17666.666,138555.45,25243.246
copd_334,copd,210670.78,113080.086,277997.44,5523.7534,371354.78,8420.721,103988.07,16181.253,5616.9404,28785.809,25603.787,612432.9,28293.898,6199.5205,887134.56,57693.24,138427.34,7990.217,7536.973,7992.0,65251.68,363066.6,367649.84,23212.346,3906.4058,25858.88,11299.126,30773.836,3349105.8,5899.0234,25513.111,273039.38,21454.04,11668.564,3556.1362,198709.27,38897.254,13080.986,5433.33,4429.3823,3117.3052,2453.0366,107096.336,103967.64,12845.466,37689.01,4735.17,6423.651,6906.5425,13642.546,331242.3,8392.897,50746.836,8270.765,16176.47,8609.7705,66116.06,5858.2197,2682.1245,5592.3438,3455.422,4998.8267,2488.6138,3494529.2,44877.188,47456.215,8871.853,13226.1455,1813.5746,44414.87,8588.11,248616.48,239033.73,10264.32,6027.7686,3053.7795,99051.53,14934.482
copd_335,copd,614746.6,360641.3,290411.25,26732.74,589862.44,24046.6,298941.2,25303.166,375720.38,48032.664,54051.9,1197183.9,70718.07,25325.957,2251749.0,299657.94,160585.88,28026.408,50746.645,11049.2705,75135.61,983469.0,863499.56,60788.77,7603.0527,165148.36,50378.812,61435.99,7181190.5,37322.273,82809.91,589064.7,50483.613,24857.416,21265.748,655089.44,81173.125,56583.48,16890.209,43522.984,3812.2705,32802.004,165952.28,252466.38,101463.27,130361.37,22165.367,22014.168,4088.1895,41497.254,1184863.4,34513.105,134315.31,22040.89,51465.098,10960.872,90898.695,17645.027,3845.559,21940.324,6539.722,25230.393,56641.52,8308960.0,34856.03,175633.34,16536.434,24008.033,17303.408,81875.734,20757.816,2051879.9,566797.3,18124.268,21354.93,23763.037,284671.7,43287.28
copd_336,copd,156115.2,196054.94,206647.64,8540.464,233090.45,8096.939,52829.582,17404.982,4495.9976,41275.234,30050.475,578563.75,34953.266,21514.629,1019643.7,109619.664,90544.66,14467.65,9729.937,7091.5034,84422.516,631065.44,467196.9,44514.438,4949.3076,40253.45,13747.416,40665.586,2721658.8,8398.791,93047.13,400263.7,35569.703,35622.152,5645.548,274801.9,84677.8,18076.227,11733.291,6278.41,2336.2327,3329.212,168045.94,156712.78,9397.576,52214.04,4598.1123,10642.769,13314.64,13524.369,470121.28,3628.997,85544.93,6549.504,27303.936,11738.037,77867.914,2677.8813,4767.1567,10470.609,7751.9204,8451.965,5109.673,6839439.0,244552.27,340124.88,8027.708,43336.973,1386.3865,180510.53,15342.903,582211.3,152698.6,38646.7,22259.914,9008.203,119535.34,17345.277
copd_337,copd,180332.28,95206.12,195215.0,5606.8447,270012.06,4753.4893,75329.76,18280.543,2545.5955,27894.412,13609.887,295288.28,16003.404,9280.128,743554.3,66311.25,79975.02,12186.404,5846.3965,4931.5273,48264.832,348832.53,434160.38,20392.37,4120.623,23255.287,10077.913,18923.076,1909012.5,9233.573,30429.428,230516.83,26709.855,14635.76,3043.8613,74504.62,41826.637,13128.857,7335.482,2305.2148,2574.8572,5530.934,116567.68,93449.18,4490.1943,36153.367,3606.3171,7858.8774,7054.9507,8894.704,289481.88,2621.9941,21854.764,11903.255,11354.079,9954.298,50074.598,2977.2542,3399.8562,6326.1396,3200.6592,4588.079,1136.3612,2963786.2,70408.31,96324.62,4841.0854,29337.01,1041.6443,144832.33,9999.393,907532.56,178165.56,22059.69,6400.972,1741.0754,106882.266,12460.913
copd_338,copd,89870.53,171233.6,211696.11,12473.684,425956.28,11274.259,38168.29,29400.982,13477.152,56946.79,34705.074,655000.7,43987.68,37026.383,1023047.9,212122.73,46567.7,17528.139,15455.669,11946.736,73350.01,737589.2,462078.97,75285.59,6115.4297,93256.97,27160.469,41527.816,4177289.8,3115.0696,137534.38,479358.4,34989.453,41802.75,10113.077,194447.06,92809.445,22549.012,12566.153,17210.402,4368.148,6963.462,161519.42,164467.64,24426.297,91263.0,8766.524,16910.646,13104.375,18052.037,886175.7,12270.225,72722.78,7457.3354,36180.133,16694.36,70034.82,6349.056,4606.774,13120.783,18795.213,15028.313,12313.531,6039232.5,227551.31,303402.8,9206.602,21742.457,5653.7393,276181.25,15104.27,1013263.3,88530.375,17714.412,17844.965,15927.727,129815.74,28906.525
copd_339,copd,116296.86,99631.15,170917.25,1867.8154,515203.38,8755.678,15476.939,14413.8,6886.0264,43233.36,18389.203,585469.1,57876.03,9779.685,780025.6,58519.637,60774.566,6527.744,4540.7695,6419.7617,53191.66,264512.66,472162.06,24962.922,3856.2305,26358.713,9973.143,26244.105,3191651.8,6229.0146,36474.13,312775.47,8419.403,16178.136,2215.918,221961.69,46449.45,11241.531,3811.0889,8928.541,3269.9958,821.5286,78382.38,78090.57,13556.875,23342.504,4459.721,3902.465,5455.2915,12885.836,399854.72,11775.23,49855.688,11169.67,13036.312,10000.069,74888.875,4989.3657,2814.5505,4184.5947,2785.5432,3845.6912,903.62836,3250491.5,1937.6838,53224.695,7147.996,5039.973,2667.6042,61878.47,6358.001,200741.98,105981.24,5818.2197,4114.6562,1301.5499,86186.195,13454.279
copd_340,copd,87946.54,128860.55,153587.89,3843.1206,655175.0,18842.469,14721.83,9271.635,698909.7,51510.914,18913.93,751154.8,38289.953,64061.63,1126494.2,188117.77,116215.695,11635.902,20603.283,9547.203,56848.953,183184.69,264005.6,38397.21,3780.543,24038.758,8841.737,29843.64,6410552.5,62676.05,105157.38,432407.12,13327.104,33127.043,3219.8857,810578.75,53937.89,50087.11,6514.6694,31955.059,2092.8066,2510.6455,50037.65,68989.07,118016.016,76887.5,8999.872,2176.2153,3796.5781,12418.071,1148623.6,25090.88,56042.03,24125.184,11147.033,15203.574,41398.395,6474.8247,2049.136,3540.3057,1921.1638,3605.6326,924.7706,2334770.2,250.39676,628277.3,5931.1436,3442.8564,7955.0923,157619.44,6037.3203,1538549.4,219890.6,4873.7783,2141.9333,1257.9543,278842.1,23443.994
copd_341,copd,127338.62,126565.45,351968.0,6244.6304,818308.56,11044.604,16076.482,17280.7,32662.963,49756.223,27321.205,688366.8,56798.824,45261.145,717919.2,162939.69,168287.62,8575.897,18274.023,6797.6743,54255.484,189338.8,708796.3,49538.37,3519.9287,45101.37,14385.6455,23536.137,5979214.0,21029.172,157005.98,388328.62,17035.908,33131.973,3965.8835,231906.2,61667.33,16700.857,6508.9614,10120.256,12105.686,6071.363,74012.99,74468.82,89346.84,71402.6,11817.567,3664.0293,4768.8945,16249.547,1048488.06,13190.822,67165.65,32997.008,19224.094,12489.111,83645.86,9875.978,2725.2444,6088.964,5374.6045,3149.826,1727.8795,3894100.2,36557.816,303624.53,10570.761,5898.995,9568.334,172764.5,7417.129,1221780.4,409197.66,5517.9346,2628.3945,1419.0193,138279.83,15383.285
copd_342,copd,213837.61,242859.11,462499.56,14166.046,590518.1,6506.8447,56030.33,50641.344,9255.846,47214.562,39859.78,978498.5,1626.0823,17054.54,1334546.9,126536.484,23094.451,18931.344,31224.562,11195.395,69141.42,503464.53,176722.92,48807.28,5164.44,63936.26,29457.37,52454.156,5071561.0,9495.758,73967.055,458277.6,37762.156,23564.953,14427.388,223128.56,68335.5,50093.703,10154.822,8678.7295,8201.753,36193.418,141858.4,212997.64,22965.215,94356.984,13636.471,36487.7,7323.36,44809.188,907726.44,24779.922,96246.94,14837.741,25264.367,11039.475,8688.287,13183.553,3689.7778,9101.292,8002.7783,9980.403,24057.771,4099788.2,430837.6,177584.39,15579.363,14238.758,13430.074,171166.33,19768.775,1432799.2,478467.78,14360.902,8678.779,12999.313,180703.61,23341.39
copd_343,copd,166290.53,196689.81,292417.78,8240.929,726731.75,5698.492,12422.751,30380.162,10653.686,40169.16,29628.309,731971.4,14579.795,29927.72,778194.1,112497.945,82780.695,13932.54,10126.155,9017.822,79695.21,437203.5,429174.7,57042.996,4245.666,52943.117,18693.6,22423.535,3973495.8,3105.468,79946.65,346479.84,27964.705,24696.637,5243.7275,148237.69,64582.0,32355.467,6225.8784,5680.383,5551.4365,17764.238,155110.06,101077.914,17948.828,62864.797,9450.122,14246.664,5117.5894,18672.324,867344.75,11497.499,48062.402,18489.762,13145.221,11565.887,81676.48,8821.269,2843.0986,6177.0435,10667.564,2591.6616,1830.5573,4717086.5,66868.96,215811.77,9750.328,8354.139,7465.05,196065.6,11067.18,719348.8,287792.56,6916.2197,6481.634,2911.2444,187670.69,16471.63
copd_344,copd,122180.57,116954.86,219559.72,7722.9907,470387.22,7624.8247,12146.766,51014.305,11409.1045,42919.086,27520.926,398464.12,1386.1417,14338.471,944353.5,102551.47,34450.625,18288.826,10558.518,4771.925,76186.05,507942.47,42947.46,28952.658,4893.931,42125.08,14878.396,71575.23,2051461.1,4663.028,27779.299,189990.14,32448.729,17249.709,6952.4253,194648.36,66054.484,9910.881,11093.578,1162.6858,13476.908,35925.008,189524.69,187568.7,12202.292,66003.29,7886.059,20398.594,5911.866,19757.033,495372.2,5323.405,130370.57,3956.743,32270.904,12654.914,1144.6139,5600.2173,6002.18,7235.1367,3786.3645,12751.877,10935.436,1516187.9,153663.78,138868.44,8956.781,30133.242,5573.5986,190395.17,13182.949,359010.62,129778.234,26414.328,9879.0205,9909.7,92508.99,20756.885
copd_345,copd,72027.1,128001.82,164081.61,9346.723,243896.86,9005.677,82720.71,33200.926,9497.687,48162.938,29945.309,453748.25,26514.201,52176.207,502228.75,220193.2,42694.59,23159.01,11146.002,7061.097,70929.01,688509.94,589336.1,69674.61,6722.826,66662.02,24445.523,30163.318,2839704.8,2590.863,187315.94,520271.22,36765.574,61252.695,9840.314,149050.81,98049.46,13418.372,19218.814,2734.7327,4255.0396,2280.1418,169639.4,175088.81,21736.092,93074.47,4358.5913,9533.673,13046.437,12765.64,723226.4,3595.363,37474.64,7672.4775,47047.4,25751.162,78859.1,2567.4124,4543.9976,15917.825,15573.228,14438.965,11099.061,6467014.0,734818.75,493762.44,6091.119,45239.48,1915.5938,374071.8,15502.497,1664558.9,69678.33,47368.676,20569.945,15209.1875,234474.33,32517.75
copd_346,copd,154110.22,116065.29,193758.44,3250.0269,370215.47,7289.7275,46186.445,15964.531,5778.184,41354.316,20868.697,593513.3,44373.887,7532.446,826869.5,59830.56,74935.88,6760.3594,3849.141,5549.0327,60350.797,249421.78,432615.84,26249.613,3506.1785,25114.102,10351.978,27153.373,3514887.5,7261.1724,49486.008,282151.3,16641.566,15018.184,2030.6031,223118.34,44091.125,8385.063,3829.233,5946.7954,3399.1267,1496.0034,84183.41,76099.56,10474.654,34520.02,4317.295,4299.6597,4463.7725,11844.084,368666.62,6141.934,51441.645,7458.0825,12229.73,7548.6855,76148.06,4190.2827,2906.6418,5004.6997,3249.5557,3341.5479,1368.2726,4564707.5,8194.739,67556.81,8685.495,9261.515,2089.9192,74126.72,7483.5923,112581.555,250412.1,7330.5234,6138.0864,1785.0887,73412.15,12034.175
copd_347,copd,67407.5,167080.9,57079.297,5434.89,175958.08,11938.398,24768.367,27114.71,8904.55,72591.81,30276.006,735066.1,125321.24,70032.086,1130726.4,280301.28,36378.875,22654.83,5837.225,5423.2437,66454.33,758103.2,513200.66,83136.72,8015.2373,45498.395,16061.295,47221.723,1920707.1,7689.2466,252370.56,581152.3,40686.805,83007.266,8170.008,433676.62,113719.13,58411.35,16440.068,4928.245,4635.815,11448.87,159940.6,151977.56,36398.97,94961.555,4093.4692,9633.063,8354.959,9106.337,1165921.0,2541.8884,90785.2,10138.07,47747.94,32536.518,90475.945,1885.062,6694.8945,8368.677,12798.263,12679.682,3022.2788,7579483.5,53322.246,1077061.1,5603.9097,56173.984,2359.8489,585365.8,15800.589,1463636.0,2294.3582,42838.73,22192.23,8447.242,299657.66,30079.98
copd_348,copd,160029.69,137687.27,262146.5,9310.537,261292.39,4620.681,59222.332,21704.543,4571.9536,25768.457,24467.611,346940.44,13048.341,14581.032,791236.3,104074.28,84312.52,8978.036,10315.864,6635.7954,65088.84,347295.3,293643.78,35181.957,4189.064,36965.098,14650.94,31651.508,1994130.5,3274.1191,73802.31,303166.22,30929.426,27875.371,5712.767,137579.11,62405.145,9213.955,9119.209,2546.2766,5391.3228,4850.8477,158427.95,123399.25,7387.6655,67042.195,4583.219,6332.382,9074.552,13260.603,405921.12,3237.5469,53414.88,5847.4844,27136.416,10055.341,53393.742,2741.1882,4065.8853,13004.844,8138.781,10224.836,5430.154,3892700.5,915204.5,265342.88,6407.6855,36740.3,1912.9407,171705.88,12298.73,290766.25,163097.33,28291.848,17328.89,7366.058,93972.53,15874.405
copd_349,copd,94683.66,152712.28,204012.34,5511.7485,268926.28,6624.6084,21906.16,21655.809,1832.6019,25003.379,28975.115,218914.92,27984.902,7178.845,511230.1,94904.6,113887.03,10280.545,7121.042,5355.1177,69490.99,487336.0,533694.2,29526.42,4003.7468,32960.207,13629.358,30463.111,1823071.4,4286.0645,53480.582,253227.16,27465.705,23887.443,4079.6306,108347.4,49705.38,5063.2803,6970.306,2313.7522,3860.6216,1386.9708,142509.0,108245.46,7546.7993,58147.457,4114.095,4535.9473,8967.724,9654.293,348876.44,2922.1868,50228.08,3885.0117,27515.94,7733.244,74603.664,2452.8306,2832.6375,9253.383,6613.1753,9091.991,11247.505,4167099.8,209589.64,109356.63,6929.6377,31701.566,1381.8959,125540.75,9049.642,342132.78,62078.61,29435.69,21431.748,12156.919,98081.26,14671.552
copd_350,copd,521560.38,298377.8,354290.03,13105.95,611660.06,16833.826,19990.28,44685.043,20391.727,59335.29,51434.58,1199649.1,84982.31,33767.195,1792894.6,274220.47,160502.44,23189.93,29316.145,8879.116,78088.78,833236.3,896475.44,57249.332,6183.4985,100671.66,25527.861,56627.91,6179554.5,13303.406,124360.33,512419.16,45750.285,26039.467,15505.336,271633.78,78903.94,37689.586,9082.734,8200.291,17709.396,28993.828,229004.7,184135.6,99105.67,121228.7,14157.375,17777.254,5475.404,25141.902,1250983.1,24125.943,74375.836,14237.672,32547.07,9674.996,96230.69,21964.172,2961.7979,10161.439,19706.45,18342.77,26064.09,8196321.5,86944.72,243237.39,19913.232,17337.8,15894.509,147885.39,16609.9,1686850.1,427342.94,10911.994,12825.977,15749.074,199434.69,28976.607
copd_351,copd,324019.9,260180.89,397184.44,18520.258,609756.1,12185.324,195799.33,29093.324,157062.14,62964.16,37919.504,934830.2,346.43558,16054.051,1702790.1,146674.78,48054.336,19227.89,25886.764,8952.204,99347.36,315474.6,22925.28,36485.855,7622.207,60613.246,18306.295,59137.676,5942950.0,19369.39,34300.473,380438.7,43182.84,17631.418,12450.661,504671.62,69490.92,35539.387,15752.6045,4043.3674,6899.162,38870.035,117124.18,215346.92,25695.154,60465.96,10390.407,20835.982,6322.538,34418.08,558111.6,13606.759,177295.7,16136.252,28311.496,13735.687,399.00327,8857.04,4696.5967,8754.074,5029.2686,7664.4463,25085.186,4268793.0,47790.17,183558.05,13958.29,20205.82,6129.205,142716.83,18576.514,1568507.1,517052.16,23720.74,9182.267,12251.538,235457.14,25487.623
copd_352,copd,535926.06,107166.32,82413.62,9371.012,380528.7,12613.162,877188.06,35090.008,17587.852,19070.463,10991.431,623649.06,54549.508,29109.283,1118797.5,186576.94,115374.21,23517.29,7904.7725,7283.9033,56550.625,885231.3,289671.06,30123.244,5948.395,156396.55,47817.344,15480.099,1874404.1,7035.544,45657.703,347058.9,50446.12,12937.754,7064.5327,171219.56,43710.715,200264.52,17282.166,5681.1465,2933.096,13555.246,156405.64,174362.12,24699.182,107022.11,21470.926,25634.525,4616.6367,33146.668,816898.8,17705.156,44779.324,11449.558,14536.239,21815.758,95888.89,4934.892,6507.571,15239.781,2733.3735,20947.543,12581.071,8312812.0,305985.47,54064.684,5675.027,7452.0386,14365.587,23706.832,11106.399,2041048.1,161730.28,9351.253,59967.49,14184.717,194456.33,16032.69
copd_353,copd,223230.94,117653.266,277897.25,5271.4253,294953.9,9335.444,55828.492,20732.154,2932.142,28400.172,26642.867,347372.16,8581.92,5043.0845,797549.25,44655.863,185951.12,8525.554,6796.112,4979.163,60405.04,209229.16,261497.06,17945.232,3711.4988,20949.24,9530.836,41506.87,2036741.2,7158.2373,18718.111,181786.34,30944.533,12820.448,2720.984,208955.97,42357.04,6460.987,6386.586,2720.8464,7738.283,3464.5352,150518.12,109052.945,7701.71,39316.457,3775.5046,4369.4814,8197.515,10917.803,288152.34,2980.666,79365.2,5034.7163,20110.559,7541.9785,24735.342,2605.7761,2646.4065,6368.762,5000.4053,5788.837,4573.498,4261833.0,247579.44,28644.908,8512.464,38314.465,1010.5736,40342.496,9365.454,73252.28,133203.22,28370.854,21605.348,7921.2256,91918.11,11777.803
copd_354,copd,202000.83,129580.234,251125.0,8096.445,270059.7,8553.784,135591.14,29623.957,6552.203,22650.596,29733.723,546756.94,25940.047,7033.1353,485232.88,56675.723,213903.3,7304.873,6666.863,5903.752,76381.09,221034.36,156807.25,20474.666,4773.195,37313.555,14770.449,41279.723,2704429.5,2526.3054,36939.02,257489.31,35540.98,19488.947,4827.5835,184732.92,53763.74,6983.629,7323.898,1702.2229,8545.996,3363.6892,197319.95,142363.8,10762.72,74943.67,6092.38,4652.2495,5738.3696,19593.557,409905.78,6988.1934,123043.65,4668.974,24353.164,9400.49,60532.95,3284.6023,3339.5369,9338.837,8857.395,15936.403,10943.47,5770078.0,1432685.9,63288.35,10722.096,29386.463,1671.3883,37911.438,10570.267,115590.08,154631.38,26932.344,27701.146,13373.667,88473.58,13430.663
copd_355,copd,102703.86,119039.12,83103.74,2537.63,297517.12,7412.956,11372.753,21987.016,4520.4795,56094.38,17551.557,563508.0,80440.25,38519.75,1140820.2,179146.1,57370.89,16059.043,4339.3677,4083.3372,61191.797,865051.56,515211.72,43651.184,3325.7393,24892.93,10234.495,34269.64,3358788.0,22108.533,121427.03,470796.06,21933.422,34314.05,2097.0762,281203.34,58443.113,43696.293,4430.1304,3043.542,1746.7324,10770.36,101937.74,80178.234,15581.904,62429.91,3714.6797,11405.8955,6350.976,8682.405,627913.1,2609.8564,37677.043,17055.514,12371.684,12570.984,88255.4,2666.2021,3286.2854,5855.717,4341.889,3193.9246,821.6859,6017076.0,2364.98,575414.06,6081.598,10533.412,3677.195,370363.06,8284.866,1156638.1,64941.457,8723.478,4132.2783,1867.2257,221344.66,17986.098
copd_356,copd,229315.69,115054.91,92865.22,20035.725,125257.44,19181.367,1016473.7,33472.28,99398.82,107862.22,37821.3,753008.9,36438.008,74393.93,1623912.0,294659.56,82809.44,24741.973,20249.225,10762.484,50552.75,420042.44,161447.19,97754.13,13520.681,85611.28,18275.68,49100.24,2313327.0,4396.6157,278871.06,616773.2,50578.984,120675.03,17609.84,391894.62,142615.19,143676.17,25898.766,8291.633,9722.997,4194.526,223806.48,244220.84,31909.742,107586.99,5381.1396,4034.4944,9833.446,14331.115,1385757.1,2298.3948,119850.164,2509.266,59138.914,43137.973,19264.215,1891.0441,13753.593,18149.072,11667.552,46533.117,8463.662,6926418.5,1342088.6,1304552.4,4573.812,100300.21,1405.5634,705138.06,21959.396,1781894.9,9638.422,62553.992,49509.61,14994.439,269036.34,38919.332
copd_357,copd,295309.7,310946.38,292423.1,21188.21,529779.8,14587.709,283946.4,36034.574,37688.363,62167.125,39405.875,762112.6,4355.873,38261.082,1467385.8,157089.1,78803.32,19156.176,21825.373,14892.338,72258.414,687839.9,192956.84,61483.992,10324.576,88951.92,21901.605,68828.59,4248907.5,14067.036,138344.33,499137.47,48684.504,71303.73,12281.418,328487.2,120350.695,24391.262,19727.605,10086.125,11577.232,11177.257,245149.81,235267.47,40633.176,105034.805,7734.1807,21123.727,17275.393,33717.734,968431.4,11266.111,137825.73,3355.9712,49990.902,18928.816,38304.055,4152.062,11828.179,11567.851,13709.576,22257.41,41161.984,7732971.5,987198.6,431139.28,17159.037,37222.707,6287.867,327607.47,20019.965,1678829.0,206299.7,32723.482,50245.47,22047.555,176184.94,37307.113
copd_358,copd,622603.2,17756.277,70760.7,2926.4329,171140.38,12558.078,1912416.4,11501.722,14377.169,12720.076,7943.9995,493760.06,15436.959,32988.418,1433552.4,193395.12,244373.9,17959.342,15414.494,3131.2598,42217.176,676135.0,201042.2,34278.727,6707.2817,189860.27,59155.895,11810.729,253060.58,6065.499,52340.973,291967.47,51091.816,10114.833,6973.3784,292458.78,32135.494,66416.375,13177.041,151991.19,2526.866,470.21454,93859.77,88553.516,12018.128,99515.1,18764.799,5983.8423,2313.1045,9954.583,606497.94,4706.5664,16826.266,1090.343,5061.4453,29695.438,33419.715,4844.855,3796.1401,30238.955,2105.315,27509.957,8614.904,8313137.0,2463681.8,31780.363,2789.6787,3684.6672,15459.413,45367.24,5236.715,2061754.2,6899.715,7631.3877,52364.04,8081.369,180698.11,10847.286
copd_359,copd,138852.02,46662.973,170191.33,2030.9742,567001.2,10008.142,459656.34,44525.266,13149.509,32003.367,12084.76,702081.56,124.22236,31816.39,577801.75,70945.445,29330.826,10679.74,12871.98,3577.9512,92142.09,168748.88,716.0248,37847.965,4408.938,51775.887,25240.355,63234.234,2312978.2,11296.335,37769.395,241115.36,24966.018,16925.492,5264.1797,216444.75,39577.73,18508.004,7734.5864,1674.3687,20078.4,10606.764,75414.87,140491.45,48147.83,72740.53,8290.201,6262.3994,4002.624,19349.95,535600.6,2724.2659,116430.914,8660.025,19592.957,11378.167,60.811253,7604.1333,3393.842,6889.318,5460.4556,19031.236,11350.777,4410288.5,53239.418,217872.48,6807.978,8173.928,6512.2217,110129.55,6385.861,1039808.9,42403.277,19562.336,25433.16,14607.618,135024.12,17807.408
copd_360,copd,516301.72,244257.88,266201.6,17962.715,466353.34,15040.271,13677.631,70629.51,29460.938,41229.246,40133.277,1063680.9,45687.02,15981.105,1525247.8,208777.3,90014.64,22198.18,15719.632,8711.413,64114.375,919907.9,316933.22,30714.637,8422.593,121850.56,42336.805,54208.418,3772031.8,7917.7134,43409.24,419284.84,46772.844,19803.951,10742.517,252117.02,65922.9,68342.27,10809.672,1288.0135,12529.02,39206.375,272945.4,204532.48,25048.99,106853.016,14150.882,21564.074,6722.352,52880.09,977466.0,17759.291,110993.52,7196.1,33734.27,10608.332,88057.66,10515.986,3778.131,12569.306,19638.062,20744.693,30390.508,8198064.5,23828.17,121518.664,15905.579,14232.7295,13958.303,90417.81,19065.209,1645729.5,331442.03,14999.073,29872.855,19754.02,160500.14,30998.795
copd_361,copd,170751.39,73167.375,243688.77,5217.131,226224.28,3912.9585,57252.83,16609.014,1807.9703,26706.748,15750.892,429349.5,17454.188,9506.714,636391.1,57180.418,61907.04,9512.047,5396.7197,5417.9287,47278.457,404306.2,294023.75,24497.38,3699.0466,25993.465,11385.18,22009.928,2529848.8,12395.246,39599.63,250706.23,20574.555,16504.086,2521.8625,82756.14,39920.613,13475.275,5461.508,2942.7124,2735.4514,1242.3049,114039.836,86093.04,4536.696,37412.043,3839.958,4980.726,6736.0293,10248.678,315298.66,2794.745,28563.912,7937.3574,12923.054,8295.73,55878.883,2796.5842,2961.5042,7204.149,4440.034,4141.686,1379.4279,3283795.8,31455.395,126775.65,5139.069,17755.752,1364.1484,132312.28,9292.864,556785.75,182704.55,17428.254,7577.042,2512.6116,71994.07,11310.145
copd_362,copd,348914.38,358263.3,225506.98,10726.136,822082.6,18329.531,8244.923,27588.516,110548.25,74442.76,44621.293,1162938.2,94862.26,42151.08,2021658.4,269393.72,158366.94,16651.822,25389.512,15943.776,101816.88,1058605.8,750203.4,68702.875,5313.239,72520.68,21855.076,66748.03,6596401.5,12061.189,97090.016,553255.25,36093.73,30609.422,7208.342,624149.44,86231.0,33797.965,8054.2905,32792.996,5044.8354,15910.707,146764.33,188920.52,59410.2,109897.89,14259.034,37686.387,6771.279,20733.262,1186647.9,31100.512,183288.31,22221.586,24435.01,14127.121,94084.445,8903.701,3093.5725,7284.5566,9135.653,6361.5312,6303.9854,7779661.0,2531.5808,461663.16,15701.098,13110.313,12648.869,348672.53,14940.267,1670986.1,445749.22,7078.366,9955.979,9475.112,233563.75,37574.773
copd_363,copd,122860.49,133592.89,274825.25,5724.0195,403596.2,4218.103,74580.05,18702.998,3494.9917,31953.686,22738.059,493091.4,2247.4763,13959.874,998842.1,67176.02,55797.727,8801.343,9666.455,5898.731,70377.63,231818.2,307125.94,23964.523,4165.6455,21483.545,8889.887,19704.438,2405828.0,13758.867,54395.008,278510.66,32898.656,27196.031,4022.8962,142706.75,54541.914,9765.544,6611.8315,6181.464,8789.884,8720.715,94193.17,104748.7,9138.922,27924.436,4094.5237,8199.016,5995.068,10339.979,400336.62,4259.568,37629.785,6787.5415,16280.168,8234.439,19421.908,3241.518,3761.4558,5147.669,3630.5796,4370.073,2391.9187,1840180.9,419448.0,211477.17,5691.5117,11173.079,2019.8467,131297.39,11471.8125,288681.56,245970.17,10528.501,8435.23,2277.2612,73982.08,10694.663
copd_364,copd,237588.97,130989.59,233168.5,3094.0151,391112.78,16976.74,152430.88,17282.232,11381.879,49520.043,33500.223,776425.4,10581.19,6681.823,1370554.6,53733.953,107439.445,6938.824,7585.285,9162.705,62680.414,219998.62,149540.17,24567.01,4079.2024,19257.602,8918.719,49274.934,3957714.0,20168.932,22527.367,222338.38,21241.06,13114.353,2370.6152,478215.97,47078.547,9458.77,3944.9617,12874.473,5344.3813,2131.1943,91233.32,125192.234,23110.557,32264.104,5453.1323,3100.8823,5137.456,16522.057,447213.53,18224.525,108372.72,5905.008,17597.416,6822.227,46304.555,7866.1816,2167.2578,3782.6604,2693.0664,6937.964,3617.2944,1266561.2,8466.536,47069.03,12155.063,5397.6875,3554.298,20822.693,8483.204,62313.74,276306.38,6214.2266,5645.6235,6282.544,77671.22,15841.4795
copd_365,copd,589947.94,62004.887,116041.71,11137.957,243841.27,7796.4917,341155.97,36647.562,24391.611,27682.053,11782.858,751167.0,108826.766,30035.92,1219416.2,189568.08,92854.06,22185.459,13309.13,3486.4302,24991.459,659199.3,360396.84,27053.932,5757.7344,176095.4,58602.516,47360.543,2085757.1,12489.778,47618.562,308327.12,48375.613,13328.959,11218.964,123251.99,47521.523,104068.83,15815.484,5893.54,3120.0095,15925.768,116220.69,163866.6,11268.905,102267.65,21490.982,9418.277,4229.303,32103.82,844062.25,9402.821,67764.98,7763.1963,10734.108,18733.756,83581.43,8403.768,9541.678,27109.36,4410.427,28880.486,18400.959,8311630.5,376281.56,40929.11,6288.581,8697.64,15100.222,45508.68,12512.575,2004199.0,352420.78,11266.219,39828.7,11188.51,118392.87,14126.11
copd_366,copd,257634.48,156967.34,328800.94,6148.616,552369.0,7025.023,13276.332,35929.6,5453.3926,35665.086,36565.836,875465.6,29940.71,17453.521,761226.4,131304.78,121601.09,11337.609,11668.832,7935.397,63477.31,564630.7,558881.75,44932.816,4006.9333,78981.93,29589.254,27789.447,3877642.8,4062.7915,106924.984,349149.38,34352.688,19348.104,3772.4265,111625.13,61148.453,11078.279,4979.994,4676.663,10611.834,13726.218,164576.53,124214.77,30841.943,89214.695,12308.282,13436.096,4532.18,14434.793,891983.75,14533.9375,56313.824,7267.443,18751.74,8175.6904,92503.61,9831.505,3241.3386,9487.863,18173.617,3196.4453,2693.3003,6227160.0,49219.23,150175.73,13988.568,10526.473,10770.986,195257.44,11872.653,559224.06,317899.78,6459.6006,7839.5396,6885.6787,114450.7,16908.18
copd_367,copd,129112.84,123295.73,266513.28,3464.4624,371376.75,10893.692,15074.422,17393.02,40777.473,37543.11,20427.484,692036.44,153648.23,16375.174,596735.3,135136.08,128526.34,7167.1597,10124.117,8150.0986,56656.16,298165.62,715968.5,29844.295,4023.3105,70606.13,27697.422,38567.65,4612449.0,14697.854,84950.55,402212.16,15614.737,17604.65,3110.8052,256714.5,53527.27,7270.9927,4840.8496,4811.9565,3796.2197,1086.541,65586.96,72859.74,39035.867,79885.91,10327.363,4139.182,7185.778,15541.431,544691.3,13005.452,49843.086,9626.589,14487.99,11321.931,97112.89,10553.595,2383.1875,9451.393,3827.4326,4631.6333,2233.754,5804473.0,1848.4474,109434.57,8616.137,5469.4736,6690.0435,191094.23,6020.425,1260988.4,204115.11,6510.092,2339.149,3267.2986,130722.53,18362.88
copd_368,copd,332160.3,14135.478,23708.775,1776.027,256349.48,5548.758,978101.06,28521.666,5929.5483,16201.621,2787.6155,402349.88,7761.464,43540.17,401887.78,106103.305,261944.08,13265.384,3495.3318,2946.1912,63298.555,780537.6,99767.11,29897.596,5664.5674,76738.64,29872.344,24650.797,215766.08,1501.4849,30228.633,125837.9,46812.96,9685.503,1446.3522,231702.83,28621.914,30407.352,8933.175,1515.133,3711.283,1465.055,130054.03,54228.637,7079.6157,89553.72,11094.5625,4384.462,2210.5396,8097.588,531529.3,2181.3896,56379.168,1077.5488,6586.4844,24022.098,55178.375,1596.8273,4378.6772,13344.72,2657.6692,11588.191,1082.4514,8311971.5,585223.5,75005.164,2352.214,3880.8557,9552.24,48093.305,5029.4844,1825508.8,975.21765,8838.862,71041.25,6597.022,154652.47,11279.045
copd_369,copd,16932.611,61787.242,281691.84,8050.097,606129.6,7445.147,24523.213,71067.07,10162.37,42903.207,12089.117,469468.03,224.24359,20729.031,528885.3,177673.83,1377.5676,20606.996,18152.19,4479.307,81583.055,474314.4,324.8327,28277.82,5341.92,60227.926,26311.17,112169.7,2755687.5,49130.406,35680.19,291937.4,10656.552,17478.209,11821.693,289989.2,54183.094,19888.16,9082.683,10478.252,6346.398,48204.43,86304.8,256601.9,11949.904,52474.57,26233.295,29154.959,6682.1226,40501.98,716472.6,19898.938,86984.195,7311.614,12729.19,9811.104,23.701532,18337.783,7846.9233,7494.5854,2984.3848,16007.449,20297.545,14604.846,3246.3674,60128.867,8778.497,27529.588,11366.464,170110.67,17215.557,181772.83,390289.34,11969.98,9917.945,10878.087,21092.361,24775.1
copd_370,copd,118178.42,46318.777,243703.17,2069.8186,794872.6,6324.788,45727.777,12447.621,3590.1604,68176.93,28107.89,492476.22,4698.5054,40949.1,899051.7,77519.445,44940.1,6845.0337,6079.4697,5584.4385,59415.016,361326.38,154411.06,57675.355,3325.1174,18090.645,8441.282,20108.18,2905438.8,24820.508,145740.16,311590.53,15068.227,58085.824,2123.754,183124.25,67935.35,24472.979,3364.5623,36333.312,9547.148,972.9273,63755.117,79816.23,23260.877,31418.637,3891.4395,3798.4111,3530.8281,8007.856,888409.6,6133.4395,34654.27,3271.2532,15250.7,8309.279,31060.613,5561.5435,3418.6218,3995.0942,2921.402,2449.5986,735.2029,333481.7,28398.168,648592.6,6008.223,3352.2788,6755.7056,278944.22,7112.8486,104086.0,228503.38,4815.814,4372.129,957.0561,73939.266,9749.63
copd_371,copd,205661.86,225126.86,191363.23,4280.255,553580.9,20583.467,7658.7173,30103.455,5361.8394,35731.336,37705.55,796765.5,77912.336,11965.859,1270748.8,136924.38,182349.1,12395.1045,13722.894,10677.54,87164.48,653135.0,802836.94,42907.297,4032.763,40884.363,16417.004,36409.66,4931805.0,14388.5,77853.29,398958.06,24798.078,21082.547,3638.849,357072.2,68085.44,7072.495,4583.967,10092.418,6930.12,8650.425,137994.48,141008.78,45155.47,82903.15,7965.9575,10294.262,8005.328,19015.996,794724.06,19366.473,115539.6,10148.103,30454.076,6480.917,95406.805,9611.487,2135.9436,5384.811,7364.765,9443.058,10299.23,6143680.5,15604.167,69527.914,13876.498,9756.123,8265.237,46638.324,9613.349,351584.22,148335.83,7464.7437,9200.001,15048.724,76537.87,25226.133
copd_372,copd,183303.34,229590.75,205782.33,3297.4744,638571.25,18557.566,20644.549,16100.327,74379.6,59271.492,29074.602,935576.7,142645.25,18390.256,1487301.8,145643.86,129220.26,10401.581,10816.799,11853.249,82532.46,595617.5,718028.75,41777.562,4359.2524,48025.242,17215.328,65302.727,6028880.0,15244.971,87615.52,481004.22,22883.578,23228.379,3165.0552,611340.5,60634.695,13764.971,4843.4272,9836.654,2015.5142,2887.3428,67381.73,127891.27,43825.797,77938.72,9908.178,8622.985,6415.232,12722.952,666751.0,20347.86,140899.89,9241.626,11724.175,9806.585,92095.7,8509.541,2830.9302,5937.296,3199.6519,4178.524,2490.2751,6631547.0,664.9795,199635.06,12721.739,7170.407,6682.9004,179790.33,7298.772,1266908.0,236009.52,6273.382,2686.546,4843.649,179719.7,21671.22
copd_373,copd,154903.7,315504.1,133828.03,10517.682,334310.53,12786.708,11146.183,43159.492,11267.39,32776.395,41140.242,688073.44,35675.324,20822.793,1181819.8,148866.14,93832.3,16446.027,18645.684,11951.146,71847.15,855549.25,612374.5,57776.71,5283.935,77419.85,23459.047,38250.574,3151581.2,3797.8967,93064.62,409354.56,43466.363,27770.795,8636.566,142753.17,86946.79,21639.89,9872.276,4331.2827,8868.418,21572.262,321603.56,181431.12,25936.213,108131.14,6592.757,24594.11,12084.909,21890.268,839544.9,12935.36,72019.2,5516.724,52366.887,10204.873,89183.055,5056.065,3719.4275,11153.5205,24113.936,14885.99,28059.412,7484024.5,479426.53,197671.22,11760.517,31233.379,9243.971,165222.88,15309.095,828384.2,127315.79,19518.373,46321.293,23882.637,107882.08,31163.842
copd_374,copd,142835.14,152340.33,325784.53,5164.095,808788.06,7757.1494,46070.656,19426.28,11355.921,62129.25,28761.963,759434.7,10111.254,39691.207,953794.6,135113.02,73348.47,10393.549,9337.697,8612.899,74540.87,399746.03,353526.25,60097.91,4146.062,39342.152,14399.634,23162.676,4118500.5,8930.168,140273.77,403931.97,26845.258,48535.137,5256.132,328583.72,85052.04,15330.192,5244.443,30465.783,10332.506,7802.5845,96348.78,130444.945,27088.76,55626.64,8432.801,8010.843,4974.6816,13225.628,971668.3,11876.152,67572.86,8631.082,15775.773,10301.854,58203.105,8594.461,4532.046,5557.063,6393.8574,2164.8862,1747.5018,2435239.0,212651.98,342940.97,11362.692,6575.2295,7950.238,243398.44,10088.886,290800.1,145407.8,5614.38,6122.8535,2232.3264,106415.73,15182.926
copd_375,copd,271105.06,106913.56,281942.6,7361.4365,521384.84,8000.031,7564.6357,49239.56,5880.344,27833.158,35263.383,1016383.56,140168.12,16437.027,716269.0,197689.7,213530.31,17056.604,23377.682,4764.893,76681.51,571540.3,949312.6,36432.9,4921.3867,88044.47,27024.045,37102.664,5496309.0,5237.329,76200.66,337760.38,28430.09,13084.381,8715.976,107385.56,41384.3,9002.955,7696.364,2368.8098,9469.5205,23751.098,242090.0,121219.69,30189.42,109536.9,13120.983,11841.396,5712.3477,17727.664,927115.75,14591.41,77224.95,21957.512,22982.984,8657.044,97661.14,11003.566,1871.7924,12873.994,20015.25,12712.327,11420.961,7718692.5,7659.1265,54726.203,13857.836,12953.36,13277.726,62271.38,10231.235,1278710.1,151889.17,11091.59,5473.007,9596.392,129867.625,24989.242
copd_376,copd,328338.75,240559.31,131901.31,3709.255,489021.34,22231.463,123942.49,25462.404,54675.81,80708.734,32976.746,1007677.94,10773.854,36133.96,1740361.8,176387.02,196687.56,9767.967,6345.0967,6375.4053,68844.61,439020.16,82211.71,51964.113,4086.9922,20132.36,8706.454,33828.73,3842358.8,9739.472,97369.87,454555.16,34074.688,49087.74,3978.771,538249.44,77582.75,17798.104,4056.3438,14798.961,7315.269,9206.716,107889.79,132110.55,43156.117,39060.67,4910.6997,6194.467,4210.196,14243.742,856233.25,13174.867,141659.67,7840.213,24088.904,9535.127,20586.215,4743.6694,5186.7095,3968.9832,4236.143,7448.1304,1526.9281,3466620.5,27016.803,506950.38,9939.887,5262.5327,5001.9795,86662.34,9898.176,228781.17,71845.71,6630.5127,18507.104,3621.296,166378.73,17532.602
copd_377,copd,212792.17,163188.81,167307.64,6881.772,250983.27,10316.563,24569.33,19647.936,7085.04,32667.885,26939.615,391300.8,46261.34,5160.225,972769.8,73131.03,163213.56,10243.411,7351.7744,6513.2964,63392.07,478858.1,400291.2,17395.623,4463.5,24889.299,10043.475,43091.754,2628297.0,4535.2764,19730.973,257548.5,30002.137,11426.038,3288.92,227111.64,52221.258,8689.928,8197.405,2985.558,3282.9485,3901.568,133862.5,120683.89,10695.03,32088.238,3801.9058,7349.363,12357.072,11108.603,261556.92,4090.5103,99911.17,6766.6235,19766.684,8184.499,62385.27,2744.386,3262.4087,6596.751,3495.2017,7538.0444,2934.056,5720410.0,72441.47,37388.824,8892.634,53489.66,832.46216,39307.086,11514.618,311446.12,139401.86,38995.793,20070.475,5555.388,81024.94,15655.655
copd_378,copd,213743.02,34302.336,19051.412,1149.3676,202861.66,8110.4033,1678649.6,13226.864,15820.191,14125.06,2438.2866,461320.75,1571.7207,55355.367,675314.6,167990.5,116500.664,12592.584,3699.156,3053.9426,76468.484,437108.03,6152.541,35182.594,5362.1,98130.56,28352.975,15800.604,85941.27,2229.891,22955.844,121063.15,50063.33,11840.007,1507.1792,274253.16,33285.703,39491.992,9309.836,6946.6714,2175.6963,629.37585,121218.766,61811.055,4174.9463,66804.07,15035.511,3322.866,1622.5118,8864.545,626073.25,2404.2163,40718.793,1259.2384,5120.7437,31991.65,1979.0786,1527.9623,2623.8247,7428.995,2053.1685,32540.707,995.79944,8312201.5,1352378.6,116783.44,1900.2036,3077.8118,11478.532,118075.8,4943.7354,2024577.5,857.9794,7599.4497,115697.38,4569.8086,280894.84,9814.107
copd_379,copd,79534.7,111804.125,96289.26,1999.0269,550697.44,5538.1562,4815.194,20927.613,5598.0757,76928.65,24378.494,612869.3,49004.805,72460.6,1066157.9,208619.47,33817.73,16993.717,4519.3413,3511.5876,50778.355,649444.94,290753.22,68715.914,4355.815,27472.385,10210.559,18861.348,2528691.0,18645.436,250353.6,539681.94,31582.488,102090.195,4329.4653,194398.48,104272.19,65019.973,4494.4497,8939.499,4451.8364,11643.962,103638.78,79016.74,27011.984,42076.895,3657.4814,10085.249,4486.979,7680.114,1248473.1,2331.1174,34873.152,16546.83,18627.129,18316.773,71094.86,2114.076,4957.4297,5004.399,9134.687,3861.8408,665.812,3730565.0,56792.758,1197808.5,4829.642,7205.8604,4677.926,612052.75,12401.998,1021810.56,27028.477,7817.356,10208.767,917.83563,262154.25,12244.027
copd_380,copd,135094.6,30538.975,61477.6,970.95514,250000.23,2236.3406,19853.195,17629.334,2872.49,33254.703,15695.737,294383.16,11350.82,55145.23,528743.6,142566.1,44867.043,7420.1147,2710.421,2345.6511,23870.295,277335.2,208447.05,24291.693,3228.3809,17888.979,8362.022,12079.805,1129874.8,7338.5195,164512.19,327127.0,29881.148,63289.56,1657.2782,25507.03,47917.777,48782.71,3183.7883,1200.5203,11460.341,7172.316,95964.27,37758.88,5568.63,30175.373,2770.6323,3046.5574,1880.2289,6661.2754,640523.6,1572.3208,14416.893,14391.053,14650.898,11050.567,36409.348,1515.3297,4388.8804,4846.121,5495.9253,9539.694,543.36975,1763725.2,465246.78,821213.6,3343.5918,5771.42,2784.928,512813.66,7786.0435,509822.53,40502.754,6565.9854,8320.374,602.65985,190408.23,8333.9
copd_381,copd,309591.75,90498.3,39601.406,3238.73,283644.62,7093.9727,82462.836,47590.414,9600.64,28783.146,10398.486,601271.6,3026.933,50423.996,605044.44,212524.27,11067.76,20500.398,3141.8792,2801.3171,67567.19,565138.1,4985.0273,44360.22,4416.9233,96332.336,33906.992,53954.402,1220986.0,5003.5303,27010.697,235097.69,44179.52,12021.464,3527.0142,113477.43,33354.914,49464.395,7968.8984,1863.5714,7647.2427,3487.212,98673.92,166175.11,13965.054,59547.812,19376.727,5864.095,2349.3591,24069.406,851922.06,4141.4097,97378.78,6214.724,10482.689,25589.434,198.13481,4434.295,2327.5037,5179.852,2203.1006,33478.22,1279.5159,8243788.0,13807.295,203649.81,3841.4858,5847.618,11600.322,210021.22,6224.477,1924186.9,278560.88,9091.618,73319.164,4095.4805,210706.14,10498.299
copd_382,copd,114623.836,84279.4,134859.02,5639.633,139398.53,6874.306,58289.094,17796.594,1974.3107,25539.086,13579.431,248640.42,44903.645,16933.758,493456.9,99674.195,87247.23,13659.602,5620.901,7494.1353,40928.293,549960.56,494556.97,35403.496,5271.2344,35290.6,14168.951,17446.332,1327641.1,7809.01,79595.484,329001.06,24639.633,25205.668,5208.658,62585.2,57255.996,20092.422,9739.899,2204.6504,1365.9814,1682.0828,140395.16,130333.02,4006.5205,56724.66,4826.7036,6876.096,11127.436,10269.892,363475.06,3185.5232,20164.66,10861.655,15802.955,11555.379,77892.35,3205.5422,3170.5312,9402.588,4354.71,7847.679,2424.3767,3420516.5,181595.22,126931.47,3656.3093,39054.86,984.0845,210124.61,11523.704,1197681.8,81893.15,33148.22,9041.79,4330.2666,108835.17,16966.559
copd_383,copd,468157.16,99779.96,223308.88,10962.691,693313.4,8174.037,812643.8,48862.004,32872.246,28961.025,17782.035,931119.94,2174.4014,27508.33,932620.94,81448.875,137878.72,18980.791,11899.5205,5676.932,44635.426,290354.2,21184.615,25705.031,8790.411,87638.086,36497.27,31438.18,2578769.0,3623.6628,41178.277,315641.3,46050.535,18907.418,11415.974,317751.28,61369.7,65684.11,13176.915,2463.1384,6842.07,28830.318,185116.5,167259.45,12374.362,81130.016,14806.853,10625.679,4770.6006,33834.344,700908.8,9990.079,103993.23,5882.145,15305.503,16930.334,24545.441,4522.0146,6809.0303,10047.0,8831.708,29491.748,20492.053,8026690.5,1654985.6,35774.504,14358.136,7455.2944,8574.164,28562.852,13649.795,1390007.2,142398.28,12537.733,23472.139,14060.53,182310.31,15387.981
copd_384,copd,209773.61,145095.14,108526.2,3330.9688,196759.03,8569.128,11876.221,20303.934,7430.4336,35134.176,21156.389,421300.56,50745.58,4962.5913,1126579.1,65911.95,94278.19,8259.492,3592.0789,5081.763,50618.555,499457.94,433950.53,21081.805,4440.699,21426.455,10376.552,42374.656,2832226.5,4811.805,21365.422,207665.88,22193.29,12308.857,1626.873,166231.86,40274.453,8520.83,4083.5903,3233.7534,1800.636,4839.7925,121518.43,91106.12,9099.66,42633.598,3755.6226,6771.9956,5296.409,10709.484,307532.47,4178.217,72740.53,3377.0613,16319.374,7291.842,75031.63,3622.7297,2696.5269,4936.3,4200.3916,3439.613,1877.9858,4640231.5,5745.402,24851.371,8515.59,18328.674,1366.8734,49919.01,7657.8994,67330.086,111418.27,12493.758,8051.902,4977.373,86291.63,14391.259
copd_385,copd,183738.1,136738.42,125429.45,5631.5107,822161.8,9530.463,246535.44,47338.957,25777.92,34781.945,16136.591,673344.9,213.44574,55801.29,1187666.8,169161.36,30544.305,18868.67,13310.057,5048.417,96857.24,545538.7,5685.798,50647.527,4443.53,59409.633,21347.477,63215.18,2170773.0,9671.665,62631.652,355557.66,44883.434,40110.97,7616.001,371636.8,68325.14,28648.186,11622.238,2015.219,15440.125,21740.984,110682.33,199457.5,38406.695,74214.86,8689.555,19349.266,4516.7124,16635.33,685965.0,4655.9565,97053.73,12613.596,19682.52,17341.043,79.82789,5257.8315,3265.0986,6325.138,3962.609,27416.713,7945.0376,7500659.0,142640.48,466481.0,5874.301,17043.969,7406.037,359570.5,10317.439,1680030.2,35222.98,22539.854,53094.402,11335.264,241930.52,22716.297
copd_386,copd,151496.83,63783.094,61860.117,2138.5366,162466.89,10362.222,26711.307,23507.578,4900.2275,68414.664,19484.32,981880.56,168818.25,62593.258,1136788.9,180011.64,68697.04,19050.123,7700.0645,3295.1287,31760.305,537754.8,411929.88,45212.91,3671.6357,24536.031,12397.895,30390.19,2984047.8,41566.37,201572.45,547403.4,32554.863,64911.67,5089.4766,214233.81,74842.39,53623.582,5918.699,1659.5737,3053.3193,11742.875,100087.32,76705.42,14745.4795,78730.23,3194.9883,5286.567,3997.942,8587.218,829694.25,1610.443,26600.771,25084.156,19119.871,18092.871,77829.01,1677.4457,3470.0522,7026.2627,5808.001,9963.978,966.0138,6940436.0,48861.164,1069661.2,3709.6548,22243.318,2783.8164,515203.88,11701.653,1604333.2,32027.459,22215.97,8472.604,1691.5312,260825.08,14151.017
copd_387,copd,248065.83,126011.555,345517.97,17040.719,302370.44,7399.7954,309671.78,26487.56,17252.87,37222.42,29732.816,474533.38,2479.9604,16154.407,1045827.6,144882.06,88356.875,16351.687,15467.628,9035.911,80024.61,386566.5,180473.7,45399.832,6530.2725,61227.113,21136.08,32529.568,3016471.2,5561.1616,55815.5,382142.28,43605.457,35030.855,13148.317,205361.22,87161.57,10231.235,16753.998,3463.491,6336.5083,10596.1875,146909.12,195758.06,9711.348,66106.164,6161.808,9159.796,18328.918,24611.615,429515.78,6218.3413,87089.695,3839.0754,32052.607,13828.434,19604.023,4519.0435,7114.253,13638.239,5076.468,13046.001,20955.275,4967808.0,1713020.5,289792.9,12687.169,29102.621,2397.879,170454.62,18486.676,1165242.9,318766.22,40686.805,17535.629,13880.773,146421.27,20789.97
copd_388,copd,466776.94,39992.56,67841.93,5067.827,289784.34,3559.9004,773781.25,19952.127,3874.353,19004.193,7769.404,759084.94,59753.69,28838.76,278387.44,88676.65,108496.4,16726.33,4798.9707,3387.2244,35030.086,442693.06,333568.2,34510.836,6464.2725,174456.11,56715.195,22149.096,623266.1,2511.7043,82420.85,249390.16,49718.984,11738.832,6197.859,61327.98,46782.03,56952.6,11712.953,12143.406,5482.2393,499.34253,100080.35,116168.05,4754.0425,85024.63,24657.498,3963.3347,4083.1384,23603.1,755416.3,7042.399,34883.035,2545.2856,5808.843,27959.611,93182.65,4210.8545,7707.868,23704.842,2975.1348,27185.633,3640.0989,8312431.5,4238571.0,24546.752,6286.836,3494.9917,12635.811,43338.38,7351.8726,2015144.5,209217.6,8306.3955,36098.035,8013.0283,149665.73,8531.516
copd_389,copd,259848.86,190075.5,210166.69,8062.83,361541.47,12240.15,71401.375,49868.336,6808.79,30424.146,34187.8,732240.2,24427.02,10462.822,677844.0,69708.57,170752.05,10788.475,9544.117,7344.8706,85451.97,439040.25,297400.25,23096.3,6401.9673,59592.297,31788.607,39379.312,2589526.2,6013.2856,57066.938,298660.22,44524.418,21371.434,5862.8984,186427.53,65280.934,12306.851,6877.9004,1463.6631,13941.805,17906.168,228881.34,156010.28,19912.53,96707.99,10054.688,10600.555,5949.212,37621.75,678343.9,11642.618,111339.67,3370.666,35123.555,8825.225,81375.5,5414.364,4264.5034,10291.14,17725.5,20192.912,24089.41,7764333.0,2012484.6,87592.05,13785.82,14179.226,8925.578,67691.086,12427.242,380842.0,170157.56,15465.755,36111.293,17931.666,122638.19,19022.09
copd_390,copd,99706.336,131525.86,171537.61,3462.0903,402774.88,7032.6924,35193.4,15893.812,6615.0044,51344.89,19043.564,481174.9,56143.992,29773.96,647813.1,105465.21,80287.805,10608.292,8596.379,8428.346,58698.555,518897.16,473503.12,59386.69,4418.992,48509.223,16079.012,26256.197,3365344.8,12482.05,103143.305,422239.38,16633.568,26839.805,3148.0867,143719.89,66079.19,51057.72,4990.213,6814.397,1690.5775,1602.645,88577.84,70983.89,16211.591,55794.746,7843.07,6900.61,6757.5747,11791.279,792143.8,10492.663,21680.46,16582.676,12801.326,12510.63,90984.21,11933.06,3060.4202,5583.81,3177.8228,3817.9297,1239.4435,3379534.8,5457.29,219786.81,6040.246,5603.017,6258.9897,205626.38,7787.8926,988506.25,232871.6,5613.047,3435.7532,1446.8043,172906.25,14053.894
copd_391,copd,185886.94,116864.66,222629.48,8181.057,253215.08,5288.2563,26285.787,17638.533,3345.053,23625.441,23267.6,317587.7,15784.804,5442.833,574064.06,37830.21,77368.7,7875.851,5470.5693,5213.4844,54256.21,195747.8,325837.66,14067.103,3870.9248,22565.857,9367.714,23643.09,2228737.2,5142.305,24901.621,182088.77,31278.3,12670.893,3065.5164,120901.04,44747.82,7627.5815,7307.633,2394.9707,4332.1504,4892.6196,96586.05,97691.98,6549.0664,22429.416,3435.1536,6497.009,5932.518,9702.154,254368.62,3374.6555,44987.145,5032.373,15429.1,8082.672,47330.79,2574.7588,3006.537,7036.054,4521.6914,4779.0947,1962.541,3480862.2,832664.4,33761.723,6938.5,43927.312,789.45886,49551.273,10786.212,316152.25,171182.0,32110.77,11085.889,2969.4026,88205.24,11173.143
copd_392,copd,124351.91,180560.47,430579.62,1804.7988,948422.2,40603.656,3229.6345,6304.0454,3018157.5,132040.0,32428.836,864652.4,169963.92,71319.44,1856698.4,318224.34,176336.39,5206.1846,3667.0713,5862.3843,59861.324,138305.02,842083.56,68063.234,2786.7485,26851.045,8672.085,32206.244,6261676.0,73601.15,252046.1,577419.44,12789.709,99520.42,1681.5966,982312.3,96000.62,10509.519,3366.9446,38984.043,7973.308,1363.8972,48017.73,42888.07,202311.61,74992.86,5528.4185,1635.228,1965.6791,7638.524,1401197.8,18989.39,186391.08,18314.607,8535.667,17525.246,90167.484,5540.37,3745.2903,3560.3623,2294.7817,918.4926,624.7289,3802729.2,472.03107,1312482.8,13130.961,2562.7063,10472.027,620088.3,5235.092,1599014.6,84272.33,4453.5737,2116.62,810.9746,276842.34,16745.691
copd_393,copd,498655.5,10770.545,87116.195,6394.1865,162538.03,5076.008,1040393.1,30182.08,6017.1353,22936.914,11360.871,698837.7,63617.367,34648.816,1235886.5,119154.28,173840.61,24624.34,27346.598,2442.3506,24413.162,609154.0,455412.97,22911.094,7866.692,186715.23,55624.305,49360.203,713338.44,9247.075,41244.152,282370.97,45533.164,11511.236,10538.919,83165.34,42788.547,46358.594,11989.77,4899.5596,2059.0432,8627.214,116788.78,68905.695,7058.2827,82045.195,15235.378,6487.8623,4217.805,13845.154,731729.2,3770.3723,38345.137,5961.914,6980.6787,18586.03,83160.984,4283.4365,8101.682,28240.223,5290.567,22819.22,16603.17,8306725.5,1436211.2,51474.082,4405.3013,5899.502,12937.199,30429.342,7950.4653,1702533.5,77813.42,8732.867,28825.56,14171.168,42901.98,9500.722
copd_394,copd,388813.34,184276.12,226099.39,16258.941,522643.84,11664.57,106910.51,48582.418,17895.549,39094.21,39233.418,910775.3,22637.12,15868.502,1385409.6,182485.83,150921.17,22410.836,17682.781,10141.804,72806.47,862613.1,356981.62,43523.195,6321.9233,83053.03,28150.598,29898.85,4359335.0,6000.486,41968.81,424774.56,45725.203,23822.422,11712.049,252431.7,77136.41,22493.297,12511.955,4772.207,4900.957,19455.166,197776.06,190343.97,11004.847,89045.03,9007.387,22512.29,7665.3457,27787.035,792421.1,15068.787,95010.11,3322.9897,22727.89,9655.582,72798.13,7681.8647,4303.9644,11892.3955,13872.422,11528.486,26212.562,7778682.0,253432.03,171231.16,14415.958,21192.355,7282.6597,123716.11,18499.127,1227015.1,203576.02,17801.363,34296.906,18599.062,145919.0,22384.797
copd_395,copd,399966.84,61050.734,81030.58,8027.586,419832.2,7812.988,1068764.0,34564.59,23315.248,21537.006,12874.056,863646.1,2330.7415,48404.18,1253348.8,178806.61,122417.805,22269.28,7486.391,3521.0234,61195.824,798496.0,26996.893,35866.06,8914.739,117453.82,35429.844,56931.312,728004.6,4716.1475,32679.26,179647.55,47790.63,12999.982,3681.382,299150.53,41391.918,74436.016,9207.059,2344.4666,3740.8376,2885.5625,160673.5,108788.99,16256.832,82624.84,16590.016,6314.9683,3678.3037,14835.718,775870.94,3880.1265,48712.926,1293.5764,7682.649,22775.605,12863.292,3860.8572,3363.5383,14392.741,6570.96,19589.371,3650.0576,8296861.0,103111.05,67976.766,4704.183,5566.2773,9680.441,78053.49,6366.0957,1897884.9,87273.77,8786.363,63224.527,7409.683,185443.56,14526.385
copd_396,copd,107112.78,157631.61,241394.45,5513.2837,698348.06,14708.343,10426.96,55565.082,8281.776,40671.637,23976.48,354258.97,1393.432,24542.982,728640.9,110859.7,23960.455,15337.446,7040.2227,5876.9517,88720.72,349518.2,54206.145,50175.46,4222.3257,42554.59,15792.317,74733.91,1819968.9,8171.6753,38292.0,190619.9,40794.47,28899.525,7521.533,343504.94,78934.42,11442.135,11003.304,1358.6785,20137.697,28192.54,177382.8,201334.23,18630.184,78357.49,8933.2,23648.232,5507.8223,24819.656,557514.2,6075.7246,129305.44,9443.382,45601.96,12261.919,1066.0641,4409.2114,5237.734,5602.611,3746.112,19931.188,13969.996,4951164.0,261548.69,142002.3,10871.656,31510.191,6355.06,255902.0,12372.84,930850.0,150768.83,31380.367,50197.812,13429.689,113053.56,24853.314
copd_397,copd,125615.96,118823.16,262987.38,7711.854,266430.7,4364.737,69941.375,30912.676,5141.471,20024.262,25791.076,564875.75,818.5321,5473.743,513919.16,37997.95,38612.88,8475.99,7431.837,5319.07,55749.11,126522.61,85754.61,15121.984,4190.531,30163.951,14180.6455,20272.645,1652868.9,3777.3022,22591.332,162228.31,26039.492,10223.587,5567.4775,122872.21,32763.83,9368.599,5944.3735,1831.8746,10440.972,20481.482,168080.23,116571.8,9224.876,58131.99,6502.1606,6788.8813,3878.2207,22516.95,408048.06,8902.732,53659.188,6471.4165,21021.371,8175.1133,9014.58,5263.351,2545.4436,7862.214,8603.417,8128.6255,11445.19,1125977.6,1029871.9,31042.58,10541.915,11363.928,3880.1118,35880.12,10830.735,78444.0,159187.03,12731.109,8900.576,8679.151,93914.66,15189.574
copd_398,copd,169485.78,77019.67,32685.307,2154.983,399134.62,21850.324,269777.56,47010.754,8770.305,23605.6,11713.668,500084.22,3320.8538,23544.78,633990.5,127241.86,19559.967,9542.16,3113.2366,3318.941,104977.42,443007.28,1076.0415,26273.732,3349.747,98175.87,31668.326,44339.832,1438139.6,6602.1836,25502.748,168064.38,36786.477,8886.283,2678.2493,390275.2,33262.223,18475.465,5701.95,1542.8821,5235.0317,6870.3994,114450.92,124190.016,15158.141,63204.51,17389.867,9633.303,3092.5515,24696.99,572238.44,6898.4053,147393.14,13631.556,15331.962,14498.827,682.5602,3298.3303,2664.1567,6657.998,2959.0244,27366.895,2067.9128,8191429.5,63653.54,35728.99,4415.112,6356.873,9232.921,38100.137,5622.8047,1630246.1,120117.695,7962.2354,54736.016,10015.37,137775.67,12515.774
copd_399,copd,177392.44,99518.99,204887.61,4079.0273,418568.88,8240.481,31552.773,14982.832,9741.172,47634.098,20562.275,648196.3,31212.475,12755.332,974867.75,73981.73,81668.61,8787.528,5088.2725,5277.05,67778.36,423198.44,215754.34,38647.066,3913.2832,24165.574,9792.509,37803.02,2980333.2,15462.259,65074.938,326004.88,18694.723,25386.412,2068.115,283421.28,53788.715,23280.318,4006.4822,11322.492,3027.548,2219.0469,106024.2,80975.57,12844.216,33028.367,4564.925,5320.638,5778.802,10652.66,436940.06,4780.4126,49502.715,6765.236,12828.35,8882.97,55877.71,4066.7502,3411.6238,4700.886,3160.6592,2402.429,1298.898,3246835.5,5213.748,166786.22,8493.113,7543.0,2840.408,96497.016,8563.768,158416.62,86021.23,7244.4795,6345.2964,2137.2146,92372.79,12033.692
copd_400,copd,220920.14,208662.84,183295.48,14608.663,350747.97,12819.801,174752.17,30161.045,44828.38,52105.098,32263.703,667625.9,17693.24,26033.383,1046789.56,118000.26,117784.28,16736.303,10132.841,8932.715,81522.625,783563.44,142818.39,59414.055,7542.1943,63863.742,19358.236,58248.75,2984557.0,4758.026,66623.25,476485.62,44779.367,51836.805,9316.782,234944.83,105401.664,17866.678,18036.377,11016.976,3965.581,2585.2988,219700.06,202374.12,14662.109,84273.13,6762.6104,14497.846,21051.746,20783.646,645779.44,7012.912,153590.67,2202.671,26149.14,18399.115,71889.37,2828.634,6520.1587,13800.634,10977.015,14432.205,18535.207,7339424.5,497740.9,335059.66,12473.351,50587.234,1773.7795,186358.38,18765.873,1139807.8,248092.8,44680.355,44183.984,20735.693,131945.34,21991.715
copd_401,copd,480295.56,91689.69,108602.3,16256.026,289457.3,5063.8745,517020.1,34997.9,19524.555,25570.186,11140.6455,715815.56,4284.875,48189.355,1347773.1,204017.61,61159.36,28008.213,20765.3,4897.7275,45619.273,968536.6,114528.23,41308.434,6537.527,108644.875,33986.02,38570.258,1246335.4,9146.124,42613.598,338277.12,47460.742,21725.564,9051.67,117512.65,50634.973,125115.73,15686.055,4540.185,3237.7322,14091.7705,116856.86,183261.58,14887.197,86107.32,12985.199,13546.212,4977.0405,22303.69,863193.25,7003.2197,30904.01,5765.302,9820.315,27674.188,13083.357,6312.2646,3951.5603,9934.702,3278.523,24692.045,12533.083,8290841.5,100845.29,182869.62,6457.1367,6924.8076,10613.119,102476.67,13593.84,2002704.9,436025.53,7694.4263,32505.938,11171.48,228019.45,14395.061
copd_402,copd,211161.78,156753.73,162648.28,8254.515,243426.3,13222.286,260958.19,27287.797,8105.779,51644.51,34803.016,599893.56,9990.803,27552.52,1107665.0,95736.02,150762.36,16536.592,17157.516,5367.6113,85333.16,314653.4,171916.75,48986.3,4856.385,30308.248,10817.923,62135.176,3036232.8,5909.414,76539.26,418038.3,44361.574,56101.977,9518.653,486350.3,97045.95,11283.865,16979.379,3445.623,7800.3594,3891.9592,199047.06,144497.5,13619.781,46234.832,3956.403,4139.9165,9891.683,14578.683,493980.97,2495.3289,131596.36,4605.939,41788.36,17583.207,7818.7876,1647.6947,5540.412,9160.888,11229.434,23340.945,10713.714,6319730.5,672286.1,607242.8,9063.471,64495.766,1197.0167,207561.53,15913.271,762644.8,87648.875,54744.89,69239.48,12965.522,129603.34,14708.722
copd_403,copd,386735.75,152832.19,227149.77,6278.8115,731116.75,15920.862,553227.3,40582.48,33050.516,39968.69,13947.83,637379.94,3156.549,27340.338,1267615.0,88096.71,155261.77,13762.831,6333.8193,5822.989,92583.92,572028.94,10329.658,26725.398,5326.9604,46131.727,16041.348,63208.85,3112269.0,11390.665,27669.014,289860.06,44798.08,23009.436,4233.259,461095.12,66222.266,19938.906,11073.388,1653.3884,5216.8374,9602.215,164457.28,177411.22,15773.862,62070.26,8609.442,14248.24,3995.723,25114.365,467719.38,3781.0984,147850.84,5818.475,28873.959,13792.396,7388.1235,2733.6123,6901.0376,6035.086,4349.1973,19595.725,5454.6772,8080785.0,228261.61,108714.836,7427.5215,18242.732,5314.389,61628.348,10883.411,1485843.0,103463.29,25848.477,47087.617,10872.601,148680.28,24033.395
copd_404,copd,390396.2,219114.6,90837.6,10844.886,372109.2,9744.062,1070857.5,14909.463,18210.33,14485.157,19495.21,725134.56,8122.232,30581.41,1348455.9,198230.39,127538.54,17508.256,8906.903,14550.942,54680.973,830573.8,422620.88,62522.32,7588.925,148881.05,44990.188,18294.723,541580.4,4762.4893,104350.18,437185.97,51468.684,30351.375,6899.287,254375.66,78009.66,36948.6,13701.681,34038.535,12121.514,702.11505,151519.52,199542.36,24223.584,114186.76,21395.559,14717.772,9986.516,17507.305,977705.6,11500.383,28787.594,574.41034,13414.456,21113.395,61853.098,2980.9104,4453.901,19097.328,4341.3506,24643.064,18304.357,8312495.0,562145.75,98681.55,5525.35,10190.08,12527.9795,182911.48,7508.8887,2052443.5,11269.668,13058.2,90877.29,20589.848,282181.75,22235.428
copd_405,copd,479895.84,326392.5,434618.16,8814.616,882146.9,33700.535,5350.1553,28006.77,24176.662,66334.52,44098.652,993701.0,213082.16,45935.57,1765930.1,308497.72,313539.4,12985.955,12136.552,10383.621,109287.51,806495.06,1005316.7,60967.125,6267.0903,95835.87,25328.033,71115.2,6434618.0,27084.473,153068.64,517129.1,35556.984,30600.666,4884.543,561730.94,72047.84,9712.033,6689.558,38054.31,11027.847,4714.695,114626.24,153889.92,108452.23,120594.5,20761.775,8591.06,4554.734,21154.572,1298402.4,31183.227,156203.67,17705.596,24275.83,12387.328,103493.09,17061.371,2515.7898,8852.632,10396.672,6473.7007,6253.8457,8053351.0,1243.4371,284222.22,15331.641,10025.214,11766.183,255507.44,10667.728,1841072.6,311747.16,8121.1704,6107.723,10767.176,176137.39,39223.426
copd_406,copd,223653.08,98594.72,216117.83,12300.373,301390.16,8361.848,102244.54,56182.99,3972.703,29576.135,34518.832,860122.44,62435.863,23087.8,806036.06,187042.1,89296.33,19964.424,17162.703,5434.5117,71151.56,745056.3,459955.84,45857.92,7499.7197,114007.87,38955.54,37862.77,2746764.0,2377.4375,113818.734,451072.4,39117.707,24959.707,12571.0205,118505.836,63143.24,11894.517,10495.516,5973.11,11883.552,9361.122,231771.33,169715.14,20049.562,108333.76,11692.227,11919.864,8361.664,20919.951,881689.3,9992.461,46782.656,2197.2554,28916.617,14735.779,81870.34,8566.455,3027.3345,20574.379,29846.23,25811.723,23769.361,7605818.5,591869.56,204479.83,11736.728,14296.317,10426.005,152190.9,12601.15,1159273.0,124005.04,12707.732,17944.086,16154.669,138271.12,19415.166
copd_407,copd,409200.0,202809.81,351676.44,7784.365,703908.5,19208.846,31995.646,25255.646,12999.834,50733.773,38638.773,1089237.6,103140.65,20831.691,1530493.2,80226.73,220535.33,16328.934,26921.918,9708.931,83701.875,396581.84,830156.5,40548.668,7596.8335,57640.055,19131.855,57754.344,5457652.0,13920.719,63453.1,460658.66,32010.236,22355.59,11417.28,256782.08,64149.117,29385.873,8154.15,18372.164,7624.236,8502.037,116082.445,147712.86,54049.887,94670.02,12879.188,12992.137,6964.976,33376.906,926989.3,20685.229,152959.33,26520.902,15276.234,10951.134,93591.52,11819.743,2611.2734,6731.3086,5021.3833,14517.549,18263.674,7307256.0,40148.63,70612.4,17503.08,6624.7725,12522.258,47491.89,9886.005,1262881.4,240671.97,8864.739,3318.0354,11686.941,118477.695,23394.387
copd_408,copd,132679.36,193788.94,187864.62,8798.884,276848.7,6443.091,20433.291,37793.934,5390.176,20498.424,33099.535,558942.56,7581.8276,6374.9795,678417.6,48776.06,75326.88,9819.267,6942.8823,8113.1807,72903.67,380570.4,347686.34,25465.684,4317.4683,47292.344,18865.197,19523.195,2238922.5,2500.3633,33158.336,235679.55,33353.9,14454.741,5307.702,127198.55,49212.75,15706.669,5148.111,1769.6865,5030.271,21884.443,224048.44,114785.734,6138.619,66894.54,7121.524,13623.38,6236.9756,27215.05,466031.0,12352.336,64975.59,4868.3467,25625.236,8239.742,74422.74,6958.4224,2987.8289,7766.1367,12469.045,7808.1606,10013.995,3837502.8,1144115.0,45644.12,10211.562,11033.285,7251.711,60364.555,12405.109,283558.62,148646.39,10289.844,13574.458,10287.303,92015.11,15652.4
copd_409,copd,331506.84,203104.8,414190.6,4051.0422,865252.06,24410.646,10442.455,18256.168,29808.367,61623.47,42244.203,1018426.94,116884.38,30256.55,1753673.8,212465.3,268466.56,9339.451,12623.801,7603.147,86939.82,525876.2,795307.9,47127.062,4306.5396,60463.598,17982.941,76246.67,6205622.5,29435.8,113345.26,472509.8,26429.348,27534.893,3096.3538,600361.1,58587.426,6797.3564,4463.2744,31508.658,8480.632,2430.7366,72631.08,122128.5,99331.73,93567.07,15061.6455,6780.7666,3810.449,13279.2705,1014586.1,21161.615,222628.42,11642.485,14920.843,9985.116,96152.44,11614.359,2503.501,6533.8613,4755.281,3793.7036,2894.5576,7059124.0,1215.9025,201020.73,16561.055,6830.066,10268.795,205940.38,7570.331,1315526.6,364762.66,5865.969,3051.1296,5315.9556,138936.4,23203.137
copd_410,copd,175851.39,182066.2,306828.22,8842.193,411947.94,6282.0645,11566.924,60039.594,12516.801,32356.516,38415.633,1060044.2,5140.6914,10073.944,1040963.8,130895.56,49661.074,20166.912,31100.096,7671.3433,70713.89,361185.47,406181.72,39464.883,4662.592,58282.203,26007.973,53626.09,4889287.5,8861.873,69886.5,395171.38,34912.055,13850.001,13024.928,223092.61,47328.08,19862.76,7979.547,2132.4575,13850.424,41047.594,233968.83,172651.19,43726.06,109581.93,12669.878,19660.139,7404.547,46935.227,945378.94,20038.037,150373.36,16791.254,26389.777,8025.534,39699.19,10119.947,2440.6885,7882.0737,10744.197,15508.383,34099.555,5745576.5,41587.348,111977.74,14621.654,18022.828,14705.243,53176.293,16334.447,1062935.5,307190.97,11707.19,10123.982,20652.623,131966.36,30172.324
copd_411,copd,59311.355,178265.16,94052.42,6999.807,227190.94,12696.394,21256.197,24042.266,16511.092,45900.316,18545.217,353814.62,90526.01,33830.44,852984.6,156330.05,64569.867,16764.482,13798.054,8769.435,76212.14,852200.8,631633.25,58900.035,5222.135,53137.867,15236.642,36223.773,3784744.2,8039.194,137511.16,469902.1,23146.953,31111.666,4652.143,294487.9,77921.4,45130.715,9577.528,3623.5662,895.3866,7640.9287,117913.19,125104.03,13635.17,69532.36,4951.7583,16335.195,16925.686,11619.755,604073.56,4443.3984,50041.51,10404.042,22468.082,14184.7705,83379.13,3926.243,3044.515,9469.646,5854.237,7190.241,2350.5708,5851867.5,3655.9607,324512.84,5812.95,27349.96,2316.9155,259486.81,9831.73,1164674.1,50239.336,16837.84,5213.728,4088.2283,198052.02,30655.553
copd_412,copd,307287.97,138767.17,346650.72,6904.152,409156.7,17504.582,179948.31,34170.95,20072.6,43810.043,41313.004,946837.94,2116.4595,9271.829,1104155.0,92320.38,99581.18,10343.115,16984.336,11280.046,71871.2,291942.16,111312.28,31713.451,5014.7637,28691.607,14399.276,51498.977,4779782.0,14024.958,41945.918,315743.38,30307.64,16557.865,6488.3823,419955.12,55715.836,34430.062,5725.472,6856.658,10547.587,16738.234,130321.59,176463.06,39585.434,52147.9,9499.0,9485.602,7516.592,27729.166,626301.4,20414.688,169993.9,8167.366,25409.787,6876.8047,26202.04,11628.769,3239.144,5457.623,5869.434,5992.9355,14877.588,1989250.9,128405.664,58238.863,15323.234,9715.684,8082.2173,26560.592,14104.518,239180.81,315960.25,10261.433,9213.19,15337.725,81268.01,22866.277
copd_413,copd,309787.84,215136.11,351345.22,13338.751,396034.22,8435.383,168376.89,34366.65,15534.614,65616.305,37518.38,807707.4,724.62494,30775.098,1406366.8,213843.73,79346.28,19402.838,19097.947,8540.667,78910.71,590619.5,85633.0,62789.12,5674.9077,67370.36,19857.93,51167.445,3845159.2,7079.899,70934.89,355588.2,43936.234,39752.46,11092.869,317864.3,80531.9,22401.197,10782.529,10253.244,8058.071,8286.723,138122.19,183163.73,15642.327,70382.33,7833.321,11710.775,10496.166,21334.879,748170.0,8360.795,106869.016,5099.526,24503.738,11867.412,10205.72,7449.1035,4490.7427,10589.924,8149.3604,10257.909,13496.189,4216594.0,175958.25,565868.4,11107.395,10869.3545,5620.44,326656.25,16962.547,1066418.1,282536.9,17323.9,16522.812,12000.627,159522.73,18221.396
copd_414,copd,576710.06,12271.805,28530.018,2150.328,150104.84,5270.9126,947641.0,12382.839,8525.31,13375.861,3060.432,160485.3,229454.17,31205.629,638066.0,148319.14,196101.31,13781.851,2419.0027,3975.1973,39137.41,1080709.6,699887.5,29805.582,5484.0747,168690.62,43469.266,10200.328,85109.0,1357.0151,21980.139,169309.84,51392.363,10464.34,1830.297,81552.8,30003.998,300203.97,13894.138,56459.88,1027.5869,278.88596,78587.02,103471.48,3085.7734,109771.14,23637.477,4053.8835,2085.7656,13275.028,719037.44,6375.9526,21300.336,494.6125,4679.974,33253.53,102159.64,3384.7664,3835.6345,17371.88,1696.3927,18953.385,1322.1687,8313232.0,2942040.2,44978.992,1948.1405,3064.8992,13841.471,114541.99,5191.838,2056820.9,173024.86,5882.4873,75757.414,4505.361,179840.75,8669.868
copd_415,copd,163546.84,179920.69,85566.8,2134.7273,720472.06,6686.7,7729.653,23401.93,9842.904,90807.375,29205.107,615168.3,23268.932,66819.74,1450976.4,180606.97,95676.875,12062.213,3198.7576,4133.5986,64504.75,820256.4,295132.3,68968.484,3583.666,20610.062,8403.494,21778.61,3056112.0,9646.073,172522.31,507568.62,30708.867,87091.94,2622.6008,283140.3,92459.516,100571.56,3614.69,13111.126,4233.3477,11620.099,100320.586,76292.79,42263.14,26797.014,3774.6116,13278.662,4362.2476,7556.437,1099729.6,4176.01,63311.11,8388.64,11630.466,13584.936,74859.45,3053.5815,4467.5894,3968.8923,4855.5234,2585.8254,554.1814,3033329.8,40096.055,1088933.4,7178.496,4260.405,5003.664,550544.6,10080.912,505341.56,97082.7,5449.6484,6598.2554,872.545,210331.52,13388.752
copd_416,copd,111798.16,277340.2,518867.47,7563.734,600770.6,7716.43,47291.49,36273.207,9829.968,51190.242,39841.844,863981.44,1454.2074,20271.64,992011.8,88183.125,33325.887,14215.799,35578.965,10152.053,77680.92,161253.61,208057.19,41246.273,4467.223,39511.016,20712.49,52627.027,5116595.0,21618.416,77015.484,395643.12,27496.736,20735.812,11490.242,277016.38,59986.82,25141.086,7853.46,15527.297,15393.295,34784.336,153457.44,176062.83,59093.645,74823.766,13827.854,14285.7,5903.0874,43253.32,1061035.5,25408.357,140649.92,22931.926,23629.205,10100.97,20426.822,11029.435,2552.1294,5953.248,7759.2583,6930.827,16816.56,1648105.9,495344.78,130172.164,17004.027,10409.72,12608.327,54065.61,15958.244,501415.16,393482.12,9877.259,5067.2617,12607.858,107295.27,19811.055
copd_417,copd,204632.0,203341.62,109563.43,6810.037,224968.89,24103.475,192429.08,34235.37,5594.5845,39468.836,28293.385,703589.0,7908.249,9494.97,1275350.0,82158.1,251356.22,11606.63,8915.836,5527.891,67729.445,414518.6,102570.15,28705.703,3984.0425,36754.25,14907.998,55643.938,1839245.8,6592.776,22219.021,245420.47,41719.35,18914.146,5227.492,340012.34,62037.12,5610.7236,8785.734,1921.668,7900.122,25978.645,162245.64,147206.6,21406.418,81165.07,5981.862,13412.55,8098.8696,17504.115,461745.5,4335.1514,135428.17,4648.164,43243.875,8939.524,28538.182,3081.4607,4238.9805,7152.5728,6708.574,13394.947,21822.043,7717588.5,134693.6,104260.85,9485.963,29566.406,2679.659,36546.555,10715.522,351858.6,55806.188,28657.258,56277.906,19435.1,117564.66,20349.84
copd_418,copd,313379.78,196888.38,328508.8,13375.186,547948.1,9997.123,51656.92,35203.402,14301.1045,28740.602,39613.227,884858.25,23506.861,8922.241,1104887.1,93162.03,130593.44,16758.697,25010.797,14619.158,71491.25,788074.9,507138.97,34402.164,4839.8203,70377.49,27247.773,24026.38,4486962.0,3291.1704,51858.91,452827.06,39649.21,18979.686,12244.027,158667.61,63521.58,35517.566,8668.818,6951.311,5004.924,25443.738,179648.58,165998.83,35887.24,89672.42,8497.084,27793.688,8796.794,35482.05,661524.44,25149.191,70474.95,12303.729,25844.977,8382.961,79391.7,9764.082,3448.747,9421.817,12847.524,14206.528,26759.676,7019114.5,899165.75,87699.46,15594.318,14775.197,9923.622,54779.465,17779.307,873513.25,298829.75,10246.948,13034.646,16728.004,136110.8,22979.236
copd_419,copd,150655.42,192486.16,338598.6,9615.237,381962.66,7445.9355,19145.18,42348.07,5920.5454,38170.074,35406.062,790690.94,4371.87,8185.03,925745.44,74300.91,39960.688,14457.788,19009.178,13135.082,65328.453,389171.7,307853.5,30780.441,4726.871,59793.883,26147.096,33904.535,3925881.2,7984.3203,59174.23,354504.3,30278.98,19004.682,11432.306,143963.66,57402.36,12580.22,7167.153,3687.1426,11317.224,20404.39,172308.22,164132.31,27808.828,82051.766,10238.146,16296.542,11088.85,38389.484,689748.75,16724.256,90823.305,6564.295,28768.738,7505.3945,44814.016,10178.695,3151.6023,8190.582,8710.59,12194.962,36806.55,3604563.8,384428.3,115175.45,13600.155,12458.049,10866.308,60404.98,14252.508,415207.4,163716.02,11478.128,15666.364,19211.154,82550.09,21625.736
copd_420,copd,403333.38,278308.1,167231.55,9736.769,465751.1,19001.348,7590.597,49217.164,29023.736,56715.79,35465.88,803486.5,40127.69,17113.488,1051792.0,159246.1,67488.81,17298.938,8728.296,10453.925,92259.92,800101.4,148969.25,25605.57,5485.7754,114330.16,36213.03,52557.66,4472398.0,6017.83,33451.38,338807.9,45658.97,19702.39,6586.7354,195699.64,70434.97,28416.51,10200.173,1069.6603,10150.658,39350.78,262064.77,196528.56,35369.65,93648.76,14127.499,23437.6,5145.396,45167.184,853618.56,16852.508,205565.39,13414.047,39067.266,11656.296,79888.95,7670.6406,4615.0205,9445.77,7905.979,16067.301,12196.067,8103937.5,51901.906,107999.63,11920.501,16931.74,9908.878,128233.36,17018.191,1380874.8,348478.75,16777.023,28976.635,15309.226,130247.414,24763.738
copd_421,copd,346971.53,94163.44,195529.12,3694.42,336882.78,9918.446,24367.965,37760.246,3078.7134,30247.55,34898.105,884241.6,168100.12,8827.876,921421.56,62951.85,184355.4,12331.501,12742.528,8167.2104,73083.06,426422.47,805065.75,29514.033,4736.5254,72652.21,23168.354,33492.75,4243906.0,2694.6768,74362.22,379889.44,30861.656,17587.852,7669.719,102233.42,46037.582,10001.376,5415.5,3665.5571,9337.929,3608.6538,149932.88,128965.414,26644.85,95538.74,9494.128,8952.759,6795.0815,29760.73,684832.9,19141.602,63138.78,12975.754,19573.74,7514.893,101032.43,9879.821,2300.578,9501.111,12482.252,22706.96,17154.816,7165012.0,107572.42,44983.152,9239.687,6432.3022,9856.677,34838.45,9086.287,579569.94,163840.34,9348.925,4916.174,17344.566,75325.09,16164.486
copd_422,copd,153007.62,106687.555,139184.14,4089.0747,530800.9,4520.143,35973.08,17937.908,3564.0051,57650.004,21631.14,502112.38,14744.945,46139.734,871757.3,81297.7,64989.598,8916.457,5965.708,5748.921,48942.78,290115.34,336476.94,49841.66,4270.944,22456.686,9414.532,16623.102,2714160.0,15248.533,126174.375,377053.53,21120.846,51177.45,3928.0938,118077.484,73351.48,40853.414,4257.7275,9073.833,5192.883,3435.799,80038.805,76001.07,10463.661,36395.254,4945.287,6420.57,3815.636,10436.501,794661.2,7690.8604,22453.623,7623.5303,12114.613,11373.578,60141.082,6204.3237,4239.939,4341.268,2755.3545,4630.763,737.3942,1286649.1,285365.1,576518.7,5646.6143,4922.7905,4489.381,320305.44,10113.077,273177.16,166034.61,5588.963,6215.501,829.0569,123886.71,10572.857
copd_423,copd,210278.16,334720.8,223231.58,11474.756,686466.3,15942.226,680363.3,27848.16,59211.66,59810.707,37935.598,947089.9,589.58185,25864.777,1570490.4,170805.31,47985.047,11355.563,23004.695,11199.848,91194.0,219294.17,31580.951,60012.86,6582.929,55556.656,19223.783,67444.734,4515181.0,10407.427,84071.65,477371.2,47070.242,57171.91,12390.849,556508.06,102797.93,10462.803,19418.943,7651.2407,15280.11,6940.7637,155979.78,223149.42,41482.734,76200.8,7540.799,10318.984,6533.263,33679.33,636920.56,9498.765,157731.9,10538.567,50969.08,16060.437,1077.2177,4494.9253,8116.842,7592.096,8876.72,34544.652,44950.902,6781750.0,968773.1,367922.03,13571.429,25806.258,4382.2876,175110.52,16133.867,1788579.1,140578.7,39434.41,65642.78,22870.727,239607.73,35522.613
copd_424,copd,385876.62,59601.617,29249.12,1075.7965,206610.4,21352.914,1589929.0,14905.425,66826.12,14884.074,3567.7605,354734.28,3012.7014,35915.21,1280540.6,193171.34,128073.62,10502.134,4801.7363,5176.612,102650.195,806702.0,6472.4287,29467.12,4425.18,100388.25,27583.648,13703.968,250576.92,5102.7373,21366.686,222832.34,49769.414,12587.133,1639.4716,554403.5,28931.238,53450.957,7502.1953,14274.519,1808.6794,454.93585,95659.63,120097.305,7867.9824,72397.54,18033.006,4608.255,1930.4407,11862.919,579735.25,3646.9287,48666.723,3147.5942,6675.593,23201.877,348.06012,2363.1453,2073.1064,6660.005,2071.8696,31808.744,1459.0658,8312201.5,60680.28,113046.875,1987.4115,3546.427,12102.43,90642.55,4998.2925,2034384.5,3669.6084,6925.0386,104275.87,6278.075,302297.2,15300.365
copd_425,copd,273881.75,9265.261,13190.771,472.5294,117470.96,6194.118,1608216.5,9027.314,28735.941,11763.59,2329.7178,185310.97,8152.1436,53036.758,730474.9,283946.94,84066.44,7531.9067,5862.2666,2369.8645,53913.1,640786.94,13148.1045,24823.018,3422.841,125656.695,26611.557,11310.933,28551.412,4577.1377,28164.725,111457.7,48653.824,7420.1855,1619.6569,136694.88,19518.225,47731.867,6933.102,85963.82,2868.3372,276.74442,54754.445,53192.625,10891.802,56667.184,17472.64,2044.0812,1527.2626,6143.9204,649386.75,2247.5984,18800.607,661.593,4489.2393,29416.746,54.7918,1940.5851,1570.3452,10923.896,1706.3676,31037.725,910.17847,8313034.0,50589.5,162974.66,1396.9053,2906.4463,10777.06,166365.23,4872.7646,2058618.5,7977.728,5666.848,143097.89,2508.723,203959.23,9685.014
copd_426,copd,205336.34,94523.42,236676.9,3942.6855,221219.3,5250.229,152733.25,16170.361,2876.4277,25904.695,23398.426,467789.88,10647.805,4978.926,716879.25,37327.188,89513.836,6389.413,3973.4836,6440.9463,48002.715,210893.9,239548.33,22382.79,3572.8489,20886.398,9816.822,23758.574,2410274.2,5440.6475,23131.527,188597.56,20468.73,12349.344,2088.204,98969.09,34655.395,8701.116,3928.1123,3462.9592,4248.121,1255.2126,106183.58,83231.28,8608.81,27248.994,3621.98,3128.1904,5029.7964,12183.593,298702.7,5995.0454,40131.938,5091.977,16742.37,6747.759,56220.023,5023.4194,2233.0305,5281.073,3892.1523,7487.1763,1989.4767,1897705.8,129711.79,24752.994,7264.8784,9809.644,1666.9707,38151.62,7524.0947,55453.7,210596.86,9213.507,6460.95,2904.0767,76629.67,11355.466
copd_427,copd,58102.113,188074.0,437266.03,10903.941,778990.8,11020.476,164451.8,42935.79,72449.27,43227.46,23800.643,1071910.9,2903.312,20147.744,1277038.1,145981.78,1880.175,20078.516,35828.043,4811.869,62525.125,119650.766,1068.9606,24056.326,4156.298,98869.195,43092.58,111712.68,5741293.5,113001.18,56650.812,404506.34,28506.438,14110.37,18731.219,519817.44,59649.78,81224.77,14066.593,2335.2766,17964.498,61698.508,77584.234,258393.33,40707.453,101667.555,18900.639,20877.457,4623.119,61764.266,692145.3,19197.125,243246.44,44431.223,20752.986,8986.577,46.878914,11213.262,8466.5205,11094.943,2605.6455,19926.266,54289.234,4694418.5,189741.17,80672.57,12926.888,24988.838,14505.148,52512.57,18513.143,1210843.1,413499.9,18355.14,8168.1533,23324.166,87714.18,24068.236
copd_428,copd,88833.16,203017.27,99736.67,5011.87,205370.42,7569.7676,8829.257,19313.979,1368.5494,34902.27,25092.412,354776.9,74440.414,14319.024,1050977.8,70156.484,97829.305,10736.647,6398.9453,6621.6074,68405.92,719939.06,687753.94,38020.062,4125.8184,25815.217,10591.833,40266.695,1406668.5,4245.5933,48021.395,346050.88,32646.457,27101.707,3604.5356,181488.22,67694.89,10160.073,8317.161,2990.2356,2277.3252,4285.3286,148543.08,128237.516,9861.332,51066.242,4042.9124,14333.48,14852.862,9950.558,381789.3,2966.1892,82072.74,8141.6377,29660.396,10741.964,91854.31,1803.8416,3481.3289,6148.3286,5369.634,7688.249,2287.82,6211170.0,181343.42,229335.16,4732.646,41947.32,1418.0696,154708.67,11062.051,722748.56,64752.46,32492.268,23826.193,7678.6636,128149.62,17791.688
copd_429,copd,501916.06,194195.39,491089.84,18702.979,637017.75,9558.446,249390.16,75987.375,14069.37,44165.996,42270.84,1285759.8,14325.567,36405.703,1559541.4,171200.3,73939.83,24411.205,36919.156,4230.9214,83782.14,394200.25,254255.11,37432.42,7288.4346,140441.77,45783.72,86888.266,5716909.0,13391.0,88211.13,465210.4,43482.367,14933.699,17038.346,361641.47,44295.75,53489.914,9979.423,3251.5247,15578.828,24780.395,176088.52,173896.98,62050.848,113222.42,18958.121,6333.439,4884.1562,45882.68,1019901.4,19376.338,138003.95,16016.215,33486.938,12184.44,35871.6,17322.018,3445.2942,19665.895,16859.18,29378.084,17491.2,7868018.0,189638.4,149456.48,15929.019,18713.025,15465.43,47879.543,16470.264,1891477.6,461566.75,12704.509,16494.582,12323.8,180238.06,24077.58
copd_430,copd,155336.11,106345.83,243472.27,7686.724,343214.5,4618.923,106555.77,27395.254,3506.3892,29640.234,27023.477,438838.06,695.1344,15413.068,713607.2,44464.457,53651.0,7769.9893,6068.5254,6092.118,73964.8,147440.53,161488.61,29500.047,5418.0317,30136.002,13357.135,29787.906,1901974.4,3357.6396,50680.383,235852.9,38536.87,37761.94,5634.5303,102726.78,61273.086,11421.985,8123.913,1784.1292,10611.257,5920.8784,128499.87,155105.03,8081.747,54715.61,5339.622,7161.515,6376.5913,16123.392,408762.78,4208.3325,77274.53,2747.2622,29469.678,11491.995,22530.01,3549.8557,4430.1895,8357.0,6115.6743,11506.867,4803.894,1675240.0,3794422.8,169588.45,8756.83,20808.162,2593.2495,274541.53,12285.308,293766.72,240841.66,25893.309,11796.025,6590.9775,109002.1,13233.187
copd_431,copd,60159.496,49911.203,108420.06,1475.7363,479076.44,8350.259,3037.5405,10150.707,11053.013,45058.68,20534.701,291918.75,42821.656,33491.473,586096.5,123301.375,50023.285,4502.74,3739.4924,4507.9917,49404.9,195717.94,575721.5,32339.887,2778.8823,28942.967,9779.236,14455.816,2174376.0,14492.012,115082.67,319531.4,6128.0537,36304.22,1226.8862,197618.25,59921.41,6369.0903,3039.1436,7355.4775,3710.2034,547.655,72081.11,41583.062,17863.219,37482.58,4986.944,1937.4362,3061.2847,9789.922,946510.2,11699.544,31340.35,9086.634,11378.298,8357.286,93327.08,4682.381,1999.562,3881.0928,3374.4045,3169.5513,952.88196,1124562.1,1082.471,406726.72,6070.3955,2812.6353,7797.801,245036.69,5512.674,157768.31,155962.52,4546.8594,2565.6958,1720.6729,86624.74,10332.486
copd_432,copd,55463.113,193880.81,165745.56,6708.1646,319228.03,10518.093,13478.425,25344.006,7520.8516,36979.094,29441.36,392403.97,43851.17,37138.918,466450.3,176850.72,67611.664,14469.072,13723.849,7801.297,60629.32,743898.3,652321.44,62978.273,4254.244,82085.11,23978.607,18787.326,3026516.2,5557.9004,166620.25,404345.9,34359.504,43084.195,4723.964,116613.94,85463.71,28687.146,5833.974,7545.439,3743.5579,9322.284,130034.31,121220.15,13185.137,75174.96,8120.4736,17134.441,8904.228,11244.566,730495.06,7758.9106,29823.068,9027.581,27786.268,11817.872,90342.56,7594.5293,2934.991,10919.906,16325.679,5835.093,5308.072,4187464.8,454419.06,247862.22,7427.897,11585.87,8005.282,288837.97,12191.136,832192.9,120051.73,8557.5625,6298.54,6828.2163,157749.97,17948.023
copd_433,copd,234253.28,47980.605,192460.83,5368.149,403363.78,12387.422,212886.77,61975.09,7429.0234,26921.893,17685.057,660462.25,179.97346,13009.198,567908.2,76125.04,51979.477,16646.535,11144.333,3781.9534,46322.93,280351.28,1533.342,14142.489,4749.442,58730.75,22087.69,42748.984,1819181.0,7932.7637,11770.964,114188.39,24426.506,8142.0493,7718.8887,222996.25,33000.848,28233.33,7295.0347,1117.7274,6931.31,55996.727,118650.695,129445.484,18901.973,60265.043,11731.02,20913.547,3963.501,25201.75,438469.1,8116.1914,88416.805,15397.773,15973.228,8968.45,106.98708,11143.643,3018.0579,7147.9893,4461.5166,14540.593,10111.177,3707836.5,76493.21,20837.156,7517.2373,12934.719,6817.4004,25568.016,9053.492,367823.44,238404.02,12806.468,14324.666,8446.662,101769.02,21329.61
copd_434,copd,87821.484,236466.4,253327.88,2722.5667,713237.06,13059.359,5502.5923,16341.958,6057.1274,52310.48,30153.855,663485.56,91675.086,31811.596,763944.9,126039.08,87891.28,9709.755,5324.4355,7268.3994,79473.97,414176.38,712903.9,52892.094,3856.5542,45601.96,15599.45,21394.887,3614518.8,12597.81,167761.88,464651.72,19668.914,38189.008,3020.4773,239420.44,73209.88,9060.411,4044.8372,27487.848,9987.602,1946.2538,92419.75,87823.664,36318.66,63364.93,8976.332,6307.089,5414.994,10837.462,960938.94,14734.163,53675.566,7955.0093,19844.223,11078.543,97197.02,9456.893,2764.4355,5844.094,5491.1675,3929.754,1237.0137,5316608.0,15339.626,301987.44,11375.606,6109.2964,6899.063,280134.0,6494.574,486557.7,87974.22,5368.3433,4383.634,2284.897,105319.67,14473.917
copd_435,copd,184705.97,209508.7,282421.88,14937.203,340114.5,11631.342,117934.22,39060.15,9400.266,41609.883,37224.8,668155.8,8624.803,25847.145,845464.06,131298.64,101302.19,17931.562,13664.423,11337.945,79912.58,771227.8,252409.08,52621.56,6484.0703,75660.086,26456.836,36480.984,3705362.2,4808.7036,109293.14,457121.3,46217.773,48231.15,11254.888,173254.88,92924.4,18710.955,14120.736,3174.2385,9160.766,8271.223,224032.42,214502.25,20884.287,100841.35,8655.277,23797.057,17525.195,33107.24,774106.75,11737.869,96317.55,3979.4731,36588.86,12965.511,69009.21,5452.8203,5794.1396,13758.657,15519.953,17621.365,22650.553,7304726.5,1793648.9,306395.75,12793.223,29537.066,6787.153,227577.36,18555.566,1143679.8,216547.98,30604.84,32934.44,20803.418,140342.81,27331.031
copd_436,copd,228030.77,101045.15,194447.23,7734.8447,317867.06,5243.1226,23606.77,55465.07,3252.083,24481.5,27990.48,960323.3,26426.096,11208.439,613169.25,52236.2,33316.668,17691.822,23619.898,6112.059,68449.38,256091.7,385603.66,28869.91,5129.7295,65416.61,32306.193,35471.293,3435243.5,5640.155,89269.51,338331.0,32584.246,13868.665,11952.195,97206.48,42495.984,35011.184,7629.83,1734.0165,15180.508,35618.312,269662.06,145099.7,19625.031,110524.53,10649.308,20057.252,5755.4614,45179.03,871055.9,17823.602,83292.02,11502.424,19270.021,8385.016,68977.82,7839.0986,3193.1995,11850.536,18793.6,23472.72,28939.297,5682479.5,664701.56,73945.26,11938.694,9728.155,12743.609,49775.062,15110.263,694992.2,221856.72,12494.901,9416.984,18990.822,79526.36,17459.232
copd_437,copd,317743.7,106273.74,228232.67,10294.959,674031.0,5747.512,822816.8,49300.74,12580.735,27569.525,17191.47,812715.1,483.65735,33636.508,738845.9,137648.67,94432.6,18164.225,13664.982,4582.109,56265.027,433919.47,8697.573,31487.871,9065.883,85497.78,31363.312,45753.688,1745522.9,5105.658,31497.451,290567.78,39463.08,18433.734,9744.769,293536.8,53331.652,42359.504,11392.881,3019.086,6606.7256,27171.48,161182.27,132996.58,13467.477,76198.33,12462.577,16329.385,5295.697,24545.7,702468.7,7761.997,66914.25,4398.0923,14408.329,16894.543,6140.3174,4741.154,4651.859,10557.48,8187.6064,18484.277,13073.516,7980512.0,1041083.94,62409.49,8801.897,7398.306,10462.074,58680.477,11094.6045,1647796.2,112778.21,10941.904,33658.297,13122.247,181140.84,18005.818
copd_438,copd,183618.81,106919.586,246325.56,6348.947,220310.4,4521.092,38243.934,14261.101,2604.9856,25205.5,17045.156,344232.3,29546.955,6300.012,645211.25,48188.207,78685.414,9217.33,6078.2812,5013.577,56719.793,245602.16,385253.34,21899.936,3935.9666,23042.441,9646.129,21283.258,2400859.0,10024.573,31365.316,247573.3,25351.67,14753.428,3146.7866,95707.81,41881.92,11499.353,6229.811,2883.3914,2446.2402,1691.574,119490.21,79999.125,3366.7358,29335.275,3342.026,4298.5854,6988.733,8949.993,275757.5,2727.8328,25538.355,8870.8125,13802.477,8074.651,57466.773,2385.1995,2672.4937,7467.172,3539.5356,7725.5327,1730.4998,4040694.5,150455.4,69820.62,5055.9204,33198.332,839.36566,103698.4,9660.9795,523648.66,149461.9,24860.617,10859.739,2752.1375,77648.555,10807.703
copd_439,copd,326964.5,109196.766,253126.72,7030.258,520405.22,5469.7505,143638.64,18181.072,15795.8125,56710.49,28960.031,713813.44,7181.0093,32348.74,1115312.9,106370.78,104339.13,10421.591,12853.395,5563.0396,72765.02,186668.95,210938.97,36875.45,4433.5884,22295.95,9931.149,22188.23,3701286.5,9131.229,81722.76,398353.56,37482.58,55864.92,6379.657,262365.84,75736.61,16050.422,9202.801,6321.7485,10942.719,10584.107,99791.19,120184.95,14384.082,36671.406,3691.2036,7533.028,6530.067,11232.572,519869.97,3286.1099,62798.344,10679.781,18996.201,11116.785,26516.098,2639.7783,4643.1035,5972.4834,5298.218,5063.9614,2117.9807,3952463.5,655735.7,480100.94,8079.6196,16529.527,1699.6422,187478.75,13099.939,553064.8,264917.84,17262.498,14481.456,2139.1538,159337.1,11318.54
copd_440,copd,484453.75,308908.72,415002.34,24347.754,728962.7,10542.81,521881.8,28777.492,162494.33,50454.445,41200.59,1038310.6,2108.349,25567.332,1812024.8,158293.25,35708.07,22903.162,49878.848,11751.031,53809.39,460675.8,135712.88,46633.52,7810.2983,150126.89,44868.07,60949.977,6313959.5,57991.062,111902.37,565049.75,47848.227,34686.773,20099.688,312981.03,98029.445,122653.164,16550.95,50625.023,11079.748,36066.17,140322.47,246015.44,70080.79,116646.195,16644.012,30545.324,7296.2944,54225.535,1017717.2,32929.387,114243.29,12551.936,29980.943,15052.211,11355.347,16326.286,7414.427,17953.057,7489.912,21677.402,58169.586,8054211.0,619308.8,125425.87,20047.842,22008.771,16467.89,140646.16,20977.65,1972744.8,358485.44,18451.307,13749.501,20387.45,233391.19,38460.246
copd_441,copd,408880.53,134051.83,274114.3,2980.7598,548291.56,20574.594,70300.42,20838.328,11542.514,39130.133,37154.574,959220.4,166510.16,25471.684,1338851.8,154023.1,230302.81,10396.395,16326.582,6863.7905,84179.07,227626.84,908327.44,43006.89,4260.685,67941.766,17468.01,48025.977,6179295.0,13505.3955,116868.11,427403.25,17665.148,19042.492,4197.42,261976.06,53096.176,6269.6255,5197.496,11626.218,14570.078,1076.9775,79103.83,107835.79,84242.92,102280.42,13271.319,2673.9016,5521.146,20936.816,819350.25,18230.521,136927.77,29718.102,18358.975,9030.604,99578.52,11746.291,2030.4976,7670.1943,5011.0435,13092.42,5015.022,6397074.0,10011.244,92609.445,14066.915,6047.2847,9120.514,76940.09,6105.824,1280949.9,347812.06,7070.168,2569.4731,8197.202,79064.91,19331.873
copd_442,copd,400414.9,116843.375,175899.36,14752.0625,497728.56,9446.517,121534.77,32476.098,64053.504,24867.754,15785.767,898612.8,7613.009,40641.934,1221513.6,172821.19,37611.273,24335.195,8071.4478,9679.897,54819.97,954914.06,182188.48,46516.12,6049.223,113757.63,39527.49,39907.785,1820008.8,7981.815,40366.78,440663.22,49196.33,22696.223,7546.8213,167848.94,63051.29,366409.34,14752.935,3767.9058,5995.8174,4388.215,118207.84,225738.94,35243.145,103374.52,18596.154,14184.758,4396.7124,42595.395,885427.25,11873.355,55562.168,3798.491,12472.161,24212.684,38777.023,8163.558,3275.5469,7948.6914,4272.3003,23755.832,12685.27,8305965.0,77548.58,125693.97,7264.227,8236.796,14313.5625,179799.08,13792.12,2037710.8,593485.56,9573.254,39296.703,12641.295,305287.97,22275.057
copd_443,copd,61302.08,183839.58,145840.53,6543.5034,233965.48,9945.491,6340.916,18845.723,3406.0273,34985.65,24311.602,409085.28,105736.625,13557.677,751338.25,113337.48,78138.02,14229.174,7999.7563,7651.022,82453.79,686507.56,712448.5,40359.16,5271.5156,35118.797,13406.591,48283.797,2822796.8,9816.298,79579.92,389397.44,23572.057,22565.814,4798.6,232807.88,72160.69,9409.155,9586.539,3319.9478,1424.4174,3153.7349,161727.81,144222.02,10296.863,67206.016,4202.921,12103.78,15028.127,9297.111,438095.44,3193.6565,74228.09,6090.8457,29684.225,11715.121,89675.84,2200.904,3395.3997,9242.182,5877.8823,9248.998,7034.1753,6316013.0,12707.672,194686.61,6538.2,46308.484,1382.5132,129677.41,10172.736,939435.56,41596.75,33258.258,23769.928,10909.257,118345.234,25445.363
copd_444,copd,370546.78,144427.78,121711.66,7004.9434,317949.22,8439.833,23274.613,41619.883,28606.797,30281.176,24722.748,646777.9,12106.229,27250.346,1224477.2,209377.88,58126.332,19433.71,11265.66,6666.373,65765.72,1020524.06,267840.28,40606.06,4560.855,86692.59,28568.545,58354.004,2673062.2,14424.829,46125.918,417514.78,44026.082,28008.639,6761.798,230498.81,58035.656,28995.102,7629.881,3312.817,11462.439,16301.78,141209.83,202819.88,33752.645,107174.195,15498.771,17721.139,5377.389,29333.904,912905.8,8874.976,88817.484,2004.6816,15638.419,10448.911,18315.393,11706.944,3688.1943,8118.321,4331.593,17892.375,20034.77,8240038.5,52412.504,218983.19,9116.078,11553.561,12979.838,261649.72,10377.502,1785906.5,395202.66,8411.474,33116.777,17590.955,189648.55,20796.615
copd_445,copd,542326.7,437197.66,269345.44,24987.455,379432.12,17560.951,18186.951,47487.863,36381.477,33370.41,47950.918,1094631.9,117341.08,15780.574,1854205.1,238692.94,109400.03,23555.404,32952.195,12758.057,59721.73,1039999.3,862269.3,48092.207,5589.997,153078.42,53434.035,42328.246,5588813.5,12764.605,93174.555,547515.1,50065.047,22365.293,16647.123,240791.6,72814.17,69457.59,11387.309,3699.9324,11555.026,39173.855,259528.14,225296.33,64824.383,126597.32,16598.674,28831.197,11945.301,51615.215,998564.94,32320.555,65132.555,6568.009,54810.19,7897.952,98606.28,16866.898,3583.6968,20531.451,13462.918,25225.172,47059.83,8298807.5,73531.76,123461.05,17872.336,26365.703,16177.827,103427.086,20422.594,1939716.9,354584.78,15569.738,49867.242,23825.238,206774.0,37530.473
copd_446,copd,187446.2,222427.45,282824.56,10765.831,347888.7,12458.347,59312.316,35437.11,7384.989,42051.984,32474.797,566520.6,1720.4167,16149.2,706539.5,72169.23,106314.9,13918.409,7795.4805,7493.7207,91049.4,366684.44,66926.89,49882.273,5794.9746,40492.055,15153.92,71136.64,2916065.0,6245.274,67036.31,313323.28,43038.61,39952.453,6600.7983,231443.55,85198.17,9812.872,14078.243,1474.0016,11552.724,3665.7983,186156.06,194145.77,14821.15,70456.336,7499.9634,5828.907,11791.853,30512.832,562956.4,4483.6416,204893.67,3745.0186,40043.547,12730.77,23967.426,3351.3357,8574.598,8648.544,5268.992,15741.446,13287.023,5974232.0,355427.47,270802.2,10893.505,44967.152,2382.509,152990.84,13230.069,1054855.8,135900.02,47565.64,49466.094,16572.146,111346.57,21065.223
copd_447,copd,117314.9,73377.78,228456.53,6147.4023,213257.4,3643.2114,26619.83,25344.15,767.65216,17957.371,16382.719,239612.77,1471.1151,6027.5903,370384.28,30390.334,32758.518,9258.512,5028.165,4191.0103,39250.97,220490.55,121439.08,13709.053,4906.1206,24250.977,10506.462,18358.713,896876.5,2873.9756,19930.617,119295.39,28093.096,9750.234,3964.2346,37841.254,31984.176,9093.075,6590.651,1560.8112,4221.5244,4973.8086,127334.484,136005.56,3707.1643,40743.457,5067.0728,6718.307,4854.648,12736.866,326732.56,4417.0156,23503.387,4731.8335,13766.152,10508.166,15358.555,4090.686,2312.6785,7142.4556,3440.86,7771.9907,1764.8425,1262606.9,188661.44,29863.484,4265.2764,20578.97,1402.0787,90219.44,11177.694,640705.06,178294.9,27617.79,5116.1006,2839.8918,118734.01,12268.622
copd_448,copd,201179.72,139244.55,157816.02,7045.4424,322651.12,9249.5625,37347.98,26519.562,7885.555,36694.254,29387.36,357401.97,5819.108,17414.447,1100268.9,106081.35,89332.27,11981.185,7962.9116,5545.4614,61316.637,414510.7,344644.56,33008.402,4657.987,27003.922,10584.431,35644.51,1897074.2,4578.9805,30536.324,247002.11,38137.363,19365.938,4840.245,204092.9,62595.586,22251.764,10091.312,2734.996,4894.9346,16129.867,134561.88,135708.22,10954.528,47814.29,4495.56,14309.714,9377.833,12123.78,378617.75,3231.9092,85604.09,5157.6367,24012.34,10519.347,50822.586,2994.3862,4370.732,7895.9336,5772.3013,4721.378,2662.7617,3657683.8,445131.53,156171.19,8152.3145,34870.56,1795.1171,162330.45,13325.069,415692.34,192723.66,28636.549,11788.592,6455.566,117903.74,18139.123
copd_449,copd,160291.95,124088.32,267211.9,14519.667,528014.94,11666.506,650787.25,20632.66,14917.03,47398.453,15803.663,715929.56,277.9251,36967.0,1338445.8,98584.56,68320.25,26864.006,38736.992,9578.296,74678.41,543530.0,32940.19,47788.348,5198.686,56147.688,17488.014,90678.43,2950210.8,42105.598,84629.6,433038.12,46508.36,41902.496,14640.5205,382031.5,92072.875,42370.37,17875.898,2781.775,10855.296,15833.505,127130.63,218818.06,33403.016,71111.41,8628.744,21656.18,11787.523,18234.975,633093.9,5291.1123,99105.1,3750.2988,19032.234,21639.602,192.2841,7022.7583,8755.01,9017.624,4558.0327,19950.662,37509.83,4756804.0,232758.81,286110.12,12401.951,20235.346,6995.1753,265037.38,17317.309,1559587.4,135535.16,25062.062,11584.655,17394.629,198247.78,22047.555
copd_450,copd,270617.34,220023.38,332304.8,7306.5454,588883.9,9623.541,102698.664,48913.895,11234.586,36185.965,45699.656,1111775.4,28018.258,14897.48,1189972.9,117926.234,77461.58,18007.982,38505.46,8744.119,91578.35,512124.06,663267.3,41731.05,4620.518,86451.19,33054.71,34668.75,5449413.5,9297.289,123925.71,495934.7,37487.688,22673.527,15836.419,213379.88,65162.066,14554.884,7528.359,7336.294,13577.332,27392.303,184781.2,181065.53,85855.99,115694.516,11481.741,16941.107,7710.714,35992.535,999757.94,22778.473,118792.56,18104.229,35522.004,7279.8613,68693.375,12993.352,2812.6018,11297.358,17292.025,24479.258,38493.676,7216712.0,550659.1,107254.45,15333.994,19402.875,15340.196,69211.69,14522.645,1170591.5,243497.58,12208.171,13312.228,22854.504,99425.46,30094.93
copd_451,copd,110665.234,145180.12,273870.0,5807.8677,410330.16,8049.8896,12077.086,23315.426,4749.7,35517.87,29325.262,509579.5,9795.815,9018.037,909286.9,86374.21,80106.31,9846.031,10626.772,9499.825,64905.484,478975.0,450493.75,42010.613,3875.9092,39418.203,17297.123,37931.69,3268835.5,7083.141,40116.21,289497.06,19361.303,18256.83,3409.87,243622.08,48605.914,11703.026,4489.993,5501.4116,3522.7068,4550.161,123958.21,100388.83,21755.4,43373.9,6991.8135,6880.7676,9686.491,15773.276,529950.6,10299.997,73309.234,5864.9287,22189.014,7491.341,60862.207,6943.22,2510.988,5445.6836,7077.1177,3634.9495,7057.67,2509685.0,17106.227,92293.01,9584.437,7156.162,6125.4297,90863.766,8360.587,302518.97,141490.77,7420.851,7137.7495,8260.871,95252.44,18588.652
copd_452,copd,169499.52,154263.88,322501.3,12582.512,571422.6,5170.5225,32121.582,38585.562,7330.0547,29531.01,30232.006,636573.25,5657.4937,15398.17,607182.0,97750.22,30124.22,14857.269,15977.433,10747.969,54542.066,514253.03,376772.1,41423.312,5553.3433,77493.8,28398.709,24036.26,3592384.2,2029.9261,54091.555,388325.3,36376.965,23647.578,13448.455,79793.7,66532.33,15385.031,11586.224,4566.0176,5608.0537,17182.783,144908.73,162483.94,15275.972,92893.74,7344.8984,20986.596,9066.584,32852.223,524736.94,11493.3,49808.066,7190.5977,26937.225,11509.117,48112.99,7320.685,4615.1265,10789.041,10820.275,14320.376,31774.666,4467781.5,1926300.2,150500.33,10268.628,15554.866,7856.487,118334.51,17267.041,1170788.0,201835.42,16679.701,13309.282,16844.555,142761.61,19322.03
copd_453,copd,63030.91,90159.49,71763.26,2131.6023,311678.2,4050.6482,6911.887,20530.785,1265.7518,41505.92,15242.136,283208.38,19809.22,55847.023,770362.56,151392.4,27567.158,14128.685,4513.5425,4421.307,42045.527,783186.1,488493.7,68332.05,4491.6123,22637.184,10329.393,19808.56,1207254.9,14896.472,143671.52,344009.8,20401.395,61757.848,2412.4387,116459.01,73516.83,40734.832,4277.255,6916.3916,1509.5939,4142.113,110981.88,77781.23,5492.7495,50811.973,3837.4167,9638.716,5481.9673,7563.9,854067.2,2357.8123,24126.887,8483.204,13188.696,11611.568,77531.34,2561.8435,3641.0332,5396.0195,5148.4893,3394.9333,821.2698,2419633.8,18564.982,715735.0,3667.1658,6772.7773,3986.7644,439489.34,8267.941,672929.5,33915.95,6835.86,5427.0317,1753.9812,158844.0,12536.86
copd_454,copd,173085.42,91367.76,400179.72,11620.842,1058514.9,5608.6367,107295.99,30565.2,81673.44,103736.58,30259.494,628846.2,210.57065,73506.03,1341954.2,252065.1,30068.938,19727.586,28473.234,6481.022,68200.14,210530.39,53933.67,86575.195,7895.173,54022.316,12777.163,26716.658,4545879.0,11718.998,252598.36,497483.7,39019.527,104371.08,13530.949,365459.06,123415.84,74966.48,13766.086,44652.926,17496.537,20473.885,65086.11,165357.02,51171.254,69202.97,8071.1167,15132.011,3867.817,14284.474,1379574.2,7413.253,84410.27,14061.389,17841.713,24475.756,177.351,7118.1016,10398.715,7780.379,7715.319,3162.2002,2826.933,327213.72,749341.06,1025897.9,7444.806,8522.643,7777.849,723380.9,18219.953,999612.06,246420.27,8753.465,5695.5737,1462.738,219422.2,17848.912
copd_455,copd,53479.816,81549.06,107360.99,8407.632,110512.2,13624.056,427384.9,18895.395,5244.793,60704.36,20930.268,405928.1,42432.645,50677.582,635639.6,143555.52,63177.39,21216.723,16125.483,8825.653,52557.96,446517.6,388401.6,68819.14,8184.639,48139.746,18791.143,35036.47,1599350.1,8112.933,193812.03,553661.7,39526.13,79908.92,12767.345,196295.16,117873.5,20264.99,21532.322,2261.0164,3702.5452,1349.5565,129997.61,178516.27,6724.269,80443.24,4594.9814,5553.7666,26907.8,14707.781,697820.75,2317.978,41319.426,9422.77,32826.258,27065.13,36272.066,3525.1472,10670.322,13961.365,5983.0146,26411.307,8474.543,3188217.0,1989571.5,689977.06,4324.475,76352.25,987.88574,446136.66,19182.832,1379446.6,73383.59,58233.31,22583.943,10530.579,141326.11,21567.592
copd_456,copd,510920.12,346886.2,263956.0,25375.473,664363.1,10994.293,902670.3,31144.678,25673.744,34449.637,26045.479,1059791.6,4720.4053,46774.492,1593385.4,207407.19,108281.7,24282.613,12229.532,13975.101,65791.625,850587.44,139743.69,63899.566,9771.051,124532.77,36390.566,36865.324,3010134.8,5775.594,125127.3,480729.06,51109.215,38749.41,10478.132,217580.95,93199.445,146704.16,17231.77,31255.727,8448.379,5623.416,206053.14,233276.81,35577.37,103213.46,20633.35,11896.956,7154.8994,31568.785,1066367.2,15471.302,32160.543,1824.823,25976.887,27954.707,55482.742,4548.7983,4628.471,12805.197,8657.779,30813.248,10788.959,8303945.5,294703.66,207436.66,9774.593,14482.395,9980.574,213334.1,17920.69,2045982.6,224097.17,18850.307,52462.66,11323.874,317731.88,33644.113
copd_457,copd,359259.97,432727.66,219002.62,20737.297,594644.7,15050.001,5813.793,50410.918,47419.434,33152.074,35903.258,904379.9,36824.81,12264.328,1399656.6,179536.73,39002.71,19871.172,15590.838,16724.607,62516.0,945297.8,481601.4,34756.312,5431.8066,121361.51,38955.016,44866.23,4540554.5,20397.426,52246.016,457944.25,48402.516,21550.197,10092.977,146607.1,77866.8,86395.555,13175.847,2100.7468,7948.729,31256.383,233370.48,230981.38,35233.633,112778.75,18648.797,29179.549,10923.625,62769.664,973630.2,29267.955,113541.19,13477.281,44163.133,9673.667,91889.445,11493.596,5144.5474,10247.759,7408.15,20878.55,41093.97,8277308.5,17633.639,76283.4,14450.358,18590.408,15577.3125,64632.953,20545.652,1934695.5,529276.9,12506.455,59202.285,21193.992,173397.19,30382.71
copd_458,copd,304376.28,80921.45,246533.1,2649.96,444277.4,11474.778,11928.337,30900.326,2165.757,35911.82,34399.473,740048.25,177387.53,11252.366,765420.94,110167.26,159066.53,8338.52,8913.982,6045.359,68130.06,259085.97,930170.25,32478.08,4284.687,88145.54,28258.867,33580.64,4558386.5,6631.879,96119.25,338312.6,18755.906,17199.426,3655.6711,102209.83,47286.887,3960.7683,4139.474,4269.2124,11006.946,2116.6494,91069.89,107381.06,33412.45,102554.89,12466.001,3676.1287,6027.3486,16348.116,673187.56,19141.875,58412.855,10725.338,21693.367,7772.962,102184.29,13318.374,2317.014,13480.829,11441.327,9846.961,4632.2344,6817057.5,15304.072,43651.934,12114.464,6440.363,10468.742,92641.16,6629.45,964854.5,239416.1,6996.61,3063.87,8895.6455,64449.16,17008.488
copd_459,copd,298272.56,124356.055,356180.44,6279.518,515665.44,9543.279,550554.06,17563.28,21846.135,61832.1,37983.82,819571.44,696.22003,11236.547,1410497.0,36688.9,120355.4,7823.01,7431.9434,5943.784,65856.914,132124.78,29012.473,37350.26,3627.6716,16349.972,7756.306,28980.89,3892099.2,23404.562,26531.375,256580.12,33124.58,15409.364,3683.272,388589.44,51596.117,23261.498,4272.329,11294.935,12298.168,8518.466,69878.5,123630.24,23692.365,20046.467,4645.017,4706.8,3601.906,11982.556,384675.84,9008.821,56045.4,5501.679,15146.045,8072.3174,5172.915,6325.9165,3050.1023,3973.9878,2861.5208,3341.21,1057.7964,965993.44,91825.76,137722.45,11046.5625,6090.1836,2633.7737,41705.83,11330.28,106947.32,555418.5,7551.3936,4654.5044,1308.9296,131979.95,11727.597
copd_460,copd,90792.39,105882.64,196380.17,6565.798,375134.66,3983.3433,3836.476,34172.348,4470.6587,19193.244,18429.076,354052.94,7316.874,7409.231,328725.7,62730.586,41088.29,11006.715,9673.713,6213.3906,50752.695,425371.72,524893.6,23215.645,4886.8267,50958.24,20973.77,18279.951,1932274.4,1826.3926,28869.8,163252.8,23004.914,11891.965,4693.69,71209.2,37935.78,11859.344,5717.7607,1618.5776,3499.068,13452.8545,226426.1,94220.57,6554.566,46099.926,7197.2534,13142.124,6371.867,17405.266,448093.4,6198.2847,30750.748,7151.0513,18027.951,9154.075,69723.8,4653.3813,2320.9788,7092.024,8830.479,3783.0032,6088.0464,2638025.2,55231.34,36871.16,6855.684,9972.515,5178.538,94279.54,9532.581,317091.34,82230.61,9351.886,7089.8125,6464.303,104058.5,16767.762
copd_461,copd,36681.55,13684.193,22887.898,1174.7714,64151.562,3892.2932,29838.12,14098.949,1065.4949,30046.033,8109.042,205674.81,71108.42,67434.64,195147.23,192476.61,8859.406,20730.059,6862.946,3112.8296,9921.086,458853.1,246912.61,59067.16,6581.134,27034.56,14431.255,9798.133,665866.44,33520.36,249751.92,461932.25,26834.354,87443.9,3553.6606,16103.137,81689.875,60578.285,5209.597,1597.8218,916.7536,2615.8838,100795.1,59925.355,1097.0507,87039.05,4352.7827,4130.138,2617.117,6848.73,1165197.4,1556.7666,10288.45,23463.498,10647.621,16159.153,58857.25,2550.0498,2735.911,8388.704,5964.5303,14156.889,839.324,2930984.0,11250.67,816850.5,1667.2546,19560.508,2958.6448,620485.25,10999.39,1368322.8,3378.7239,10396.523,4255.535,831.8535,196429.62,9206.04
copd_462,copd,194392.17,80053.695,52328.695,1178.7875,195476.0,6635.631,305136.6,11898.681,85230.27,15647.251,2924.701,391362.4,44439.402,30078.604,556670.5,235762.95,1658.3713,13817.359,9614.366,2503.2454,104885.95,296549.75,566.7502,23180.355,2549.8064,78516.16,16684.682,12513.983,819821.56,32978.1,26343.258,279266.56,30974.975,13436.813,3235.7932,104812.96,22147.639,58094.19,7359.2183,100425.695,2064.0945,1402.7191,43874.977,224677.94,10214.26,50371.848,23942.342,4822.093,1953.2638,16603.502,591520.9,4416.4385,43903.02,15012.04,5226.0312,22226.186,23.473412,7652.175,2249.8684,4198.0444,1493.9105,34925.71,3632.492,8284755.5,6612.8784,168886.69,1639.8862,4303.521,12069.232,357890.4,5177.17,2032803.9,667051.8,6239.2363,33001.57,5661.1484,141724.53,9265.297
copd_463,copd,142453.97,177970.78,248316.5,13478.219,294694.7,5862.328,92079.37,27174.746,5388.87,30508.934,30072.236,592680.1,15289.192,22767.875,561012.44,160682.39,56297.23,18490.59,13521.622,8429.046,58736.58,621231.9,506017.2,48759.594,5973.4805,91859.305,31876.982,19706.45,2609258.8,2224.0088,119460.92,418349.0,39186.074,32407.07,11085.625,53046.977,74915.445,13579.055,11687.198,3546.427,6234.4414,9371.637,177025.03,162005.36,8809.212,84604.83,6815.9766,14071.585,9870.007,20077.213,556128.2,9431.491,26659.896,6329.906,29454.87,13226.802,67478.7,6610.968,4399.6743,16025.643,9432.472,12995.904,11619.445,5420796.5,2795999.0,192680.66,9224.172,17305.934,5017.8594,244975.47,16781.744,1003964.8,195952.52,18744.408,12780.526,10671.106,150344.53,18786.197
copd_464,copd,82583.164,108570.41,142150.92,2612.9219,520684.7,5826.283,366959.4,36718.863,7496.2656,24886.734,16390.299,911287.9,91.51687,24698.191,831821.5,162323.17,1994.346,18152.467,28926.576,2904.182,87304.66,177844.89,490.9864,31296.65,3937.3223,80816.03,32333.719,46607.777,2661886.8,77754.6,60469.25,312805.6,25134.805,13013.542,12487.289,239282.8,36871.02,32078.508,7194.8647,19018.553,14235.146,22298.67,68489.48,188879.62,31075.31,40647.207,21095.42,10233.138,4085.8152,32333.996,700161.9,11368.914,74323.58,25857.156,9988.812,9459.934,24.561266,14127.822,3728.3757,6540.951,1832.2576,32142.85,28592.422,5509949.0,14662.78,95208.2,5493.8394,7314.955,13806.387,75176.18,6846.0977,1769375.9,209156.55,9374.113,31897.572,14274.777,66798.84,14332.934
copd_465,copd,222961.16,91118.28,51076.324,1272.4021,217464.8,25088.703,797024.6,19784.055,388530.16,19624.807,5496.974,517066.94,20798.994,46848.96,1675478.1,279644.72,1822.6677,15892.296,20752.371,2671.2244,111611.51,385522.38,303.44214,26278.168,2998.4424,141762.11,24233.312,32473.217,1238047.6,76395.3,22781.516,228602.33,35321.68,8013.288,5495.548,513093.5,20542.791,259936.1,8027.731,44625.254,1687.987,27121.28,51061.957,235032.67,37437.133,51957.42,29346.049,5188.7485,1811.2943,19180.764,664426.5,6745.0366,67775.445,38223.258,6982.3633,17314.717,23.107948,13276.446,2014.5826,4716.323,1526.2908,25536.748,4279.0874,8275706.0,759.60364,124665.86,1749.5115,10428.3125,13413.638,132017.1,5385.926,2052355.4,549369.8,6970.1133,67803.57,4030.417,172082.1,16908.71
copd_466,copd,202226.73,98753.945,167984.1,9945.33,248418.11,6452.2666,337219.0,24295.842,5517.3555,60926.496,26835.863,543595.8,12444.44,58474.113,994256.5,178881.14,52532.406,19669.496,13179.064,5726.237,64719.492,363759.06,138151.83,62280.94,7115.1284,34095.395,12604.588,23898.334,2416702.8,7482.436,153860.56,492123.16,39679.36,77197.195,12863.23,175097.16,104106.34,29198.033,17497.256,8282.259,5523.3794,6479.9155,122303.8,151273.92,10509.027,48461.824,4012.112,6158.6,11234.437,12936.113,650184.9,2640.4182,43408.617,9054.097,28082.46,24839.05,12261.568,2098.0698,5652.1914,12070.257,7537.3687,23750.758,3251.1309,4028947.0,1507890.6,782886.7,4535.0776,42363.26,1118.4104,387186.72,18054.828,1203285.9,81693.45,45306.402,18151.652,2979.0156,200425.2,15716.349
copd_467,copd,447601.8,66334.4,476342.03,1810.2853,759576.6,25848.23,378746.66,9305.663,386995.84,98841.664,39505.363,989544.75,91505.625,15696.097,1672405.0,98923.7,190087.1,3762.2705,8121.24,4613.4844,65380.56,59083.332,424025.4,32933.562,3619.6624,35370.69,9946.469,52470.77,6151214.0,26348.51,177452.67,440405.25,16737.436,48326.043,1926.3062,573574.9,67755.93,4821.053,3360.3665,79074.26,23823.988,402.91348,52043.96,74807.78,93672.25,64922.137,8507.106,1376.6917,2495.729,11951.066,715676.3,15939.52,219764.6,9484.878,11337.34,7425.7153,68182.91,8823.608,2915.5247,5935.835,2328.1467,4374.9365,1671.9211,2799603.8,11938.41,107074.99,17412.82,3233.229,7826.8384,114407.7,5932.8013,225946.78,510652.2,4856.26,2153.1836,2590.1958,37838.258,11955.8545
copd_468,copd,62072.51,220789.34,83242.39,5815.7173,202898.42,9301.697,8123.3706,20816.656,1827.5248,42680.625,23844.879,298248.66,64428.633,47886.938,1083066.1,188120.11,42836.605,17105.215,5642.3394,5804.24,65926.54,883165.44,698610.5,66212.984,5417.055,40830.863,14380.076,41053.19,1683004.9,11804.208,179427.7,468061.2,29963.162,69553.65,3980.6653,232890.48,99079.49,16793.096,7713.649,4625.9775,1248.2422,2243.8745,162144.17,133139.97,10073.473,62187.344,4188.6885,9460.113,14851.035,8696.693,697463.5,2546.991,51913.934,6962.585,35552.1,14842.695,88833.41,2134.8079,3933.0166,9006.647,9608.683,10892.528,3318.5642,5281465.5,42543.918,577079.75,5740.4224,27273.98,2119.322,426790.25,11983.653,887781.2,26659.236,28119.365,14764.026,8337.899,153622.02,19877.256
copd_469,copd,544612.9,44974.918,106147.33,7968.815,224998.72,6620.7046,625207.5,35506.39,4902.4204,22110.916,14362.217,621774.8,121270.914,34102.285,912092.1,136778.98,266185.62,23566.617,12462.981,3018.936,24466.164,501403.7,789443.94,26325.125,7990.6587,163876.44,55156.17,32815.176,1374519.5,13094.78,49884.984,194639.83,47530.18,9465.673,9444.454,85285.805,37047.293,24120.514,14968.063,2751.6255,4226.202,22499.541,131171.98,92389.62,9400.562,108813.484,18446.678,10913.878,4203.2417,13197.781,791613.7,5255.64,40500.28,3109.8823,8752.505,17572.31,102549.51,6569.7754,6540.015,30068.479,3852.043,11240.438,12949.383,8312415.5,1989882.8,56022.793,6721.345,7171.194,13712.139,30982.154,8063.4453,1938574.0,66639.836,10742.65,21536.697,12193.625,94852.484,10294.408
copd_470,copd,145453.84,266728.66,142378.31,12103.284,466116.78,6262.155,33108.473,35206.188,9309.428,69778.68,35282.02,716746.6,10696.785,66206.42,1386857.1,280517.9,28831.83,20838.705,12146.117,11272.173,70103.31,796188.2,242085.61,84150.5,8235.908,68109.34,15998.338,33235.3,3451344.0,2805.5122,170129.5,502184.2,41179.14,61201.543,12458.025,190838.55,107232.98,109232.39,11671.369,35565.055,4724.076,17149.059,153530.77,192380.27,27939.674,81537.94,8790.177,21314.56,9989.593,14500.072,1127958.4,13301.731,79841.125,14457.513,23438.963,25856.637,51688.215,6333.596,5939.828,10161.207,14168.235,10040.754,1980.417,3771776.2,281734.28,625187.8,8088.6567,15138.392,6609.303,525076.9,17105.934,1218798.9,107195.66,12012.192,11772.771,3939.4675,194320.08,24390.611
copd_471,copd,227769.73,278746.62,239683.84,10810.362,412959.62,9089.407,20226.354,24262.682,7070.7686,45272.496,35380.375,689945.5,36785.457,16743.184,1196626.9,73944.98,121283.75,11755.963,9910.361,11388.362,88488.51,590151.6,500782.9,44637.17,5209.94,39363.77,14207.287,43537.227,3617191.2,4164.9263,58947.016,413426.2,37183.68,27525.256,6193.9585,223132.19,86520.96,22748.188,7872.2837,5924.613,2953.842,7504.815,153878.33,159211.17,12361.222,60387.875,5817.637,21690.885,12042.12,19922.066,539798.3,9752.346,111306.23,8215.134,21593.916,9883.025,84710.59,5354.6685,4364.245,6772.1055,6752.581,8954.296,5032.0083,5990326.5,526986.7,204514.94,10287.214,26649.729,2722.307,144009.66,14686.153,512135.3,235663.83,21028.951,21189.041,7507.7144,113524.516,18009.426
copd_472,copd,236697.45,68774.984,139287.84,7321.537,195903.73,6715.9175,142716.83,18739.742,1870.879,32504.666,17674.182,345114.22,36686.31,11324.285,679398.5,57273.855,70184.8,11852.933,4720.581,4551.307,41356.76,293752.44,353796.75,21814.344,4166.504,21473.65,9906.1,24246.098,1918380.4,15761.847,45067.1,302931.53,28700.885,22142.484,3229.4744,88977.89,51612.8,13217.356,8050.166,2674.6401,2897.1143,1012.39954,83327.695,108279.016,3328.4592,31958.441,3302.8076,3943.5808,6345.254,8782.978,281503.84,2169.2458,28641.412,7111.017,13494.297,9281.553,52667.043,2128.2207,2839.2512,8551.573,3261.136,9750.067,1197.0184,4708336.0,239365.64,118259.04,4600.345,56415.15,727.40936,193087.17,11998.028,858075.8,208079.61,41451.37,14372.439,1765.5406,118798.12,11100.681
copd_473,copd,229618.78,76987.51,251604.92,6790.1055,425247.2,19705.04,293229.88,45036.38,10663.333,30434.682,21484.773,652664.9,1671.9786,8666.313,802546.06,81832.95,115896.5,13097.415,6412.265,4736.8823,76936.35,269293.28,6408.028,16590.822,4116.1406,51388.734,22846.158,47298.434,2620208.2,13839.147,14606.03,194417.2,36114.734,10145.142,5835.972,359636.7,43203.56,14993.438,8947.526,1146.6895,8702.594,35938.547,116479.67,157209.45,17537.318,58146.848,9259.527,14555.925,5643.583,21911.95,367377.5,7068.6445,124784.81,10446.131,22634.227,8594.403,1073.57,5450.73,4063.2449,6912.3486,4653.7188,13595.356,8898.624,6283384.5,160763.33,22335.47,8692.382,18630.166,3735.7131,26511.621,11804.489,729409.8,235387.1,18925.93,17840.2,14696.662,133658.27,15802.156
copd_474,copd,70533.79,238673.14,318239.53,3299.5608,488822.72,9520.27,36584.914,48079.64,4547.241,35646.28,46091.484,1052206.4,2144.7341,9946.705,1005477.75,102987.7,34730.8,9637.503,23136.006,9497.569,82242.84,251227.05,243502.45,38542.02,4025.6794,50699.383,22073.264,56916.656,4188886.8,14036.399,111260.38,427780.47,25373.512,20875.744,10160.363,336474.7,57563.914,6742.9463,4491.021,6664.6123,20230.367,16165.92,117685.805,183461.62,93431.27,93379.96,10840.098,9398.661,9590.874,38231.9,809135.25,20167.143,176729.0,9497.171,43984.03,6206.3066,26609.45,17059.646,3424.301,7643.5967,10095.3545,15804.326,37397.703,2564705.8,205521.67,111499.164,13710.282,13266.839,13526.382,50814.348,10723.364,248333.78,164945.62,11218.921,21489.938,23111.967,53038.934,29969.021
copd_475,copd,247438.75,119568.52,336059.72,7167.8843,395525.78,8537.157,47616.156,16600.922,20653.865,39697.83,30998.676,684344.56,21581.254,5526.2725,881546.4,95687.83,186966.12,14072.27,8638.585,4551.4766,84171.05,397499.7,116554.234,22053.82,4374.6484,27820.42,12056.956,59466.49,3563884.2,6223.9487,24078.98,256398.39,37405.766,16540.377,3773.744,353772.12,54841.668,7278.7227,9567.933,3316.6304,5363.256,1898.3279,146030.38,128054.81,9552.341,39423.316,5410.234,4387.2397,8609.36,11642.841,311609.84,3091.289,169012.84,7931.364,17768.186,8266.301,24790.582,2221.0815,3378.7659,6418.439,5310.376,8934.777,6921.6577,6477377.5,32275.059,50984.78,10945.756,45193.598,935.648,39795.137,10394.411,550398.7,210159.47,41418.97,37827.832,9321.129,95855.16,12730.502
copd_476,copd,48699.504,28651.11,233526.11,2907.059,204821.19,6943.306,545729.6,22729.451,2116.3647,16841.742,29881.86,470235.62,627.6738,4438.158,330710.78,29006.828,38343.965,6960.201,11774.871,3504.0986,50559.5,115829.42,46991.348,14053.479,3477.923,17986.219,9893.107,16218.256,1872871.0,10017.635,20031.234,117465.36,14326.155,8159.292,3097.7246,220471.83,29728.79,3109.2207,3963.3423,2859.7358,19055.156,10521.645,119493.74,91294.77,24996.06,50663.133,3789.6743,4096.735,4735.4907,11618.292,326514.53,8604.968,40889.55,3495.8787,19619.492,5503.826,422.7246,5389.374,2216.0142,5839.2466,8459.151,7713.619,19178.275,36449.266,381749.62,6696.5806,10261.765,9387.1045,4069.2766,20902.719,6840.5366,3213.0156,96708.086,9600.704,4200.8687,14405.251,24796.967,13883.289
copd_477,copd,203298.78,207795.23,235012.06,8240.301,279145.4,9737.011,33045.914,20816.06,10599.321,46715.914,34258.4,635724.5,9842.942,30415.705,1524269.1,209852.64,83903.28,18263.082,12487.683,9718.52,93745.266,812677.1,423350.22,61714.043,5525.724,59392.184,18222.11,41805.66,3545365.0,8943.771,102966.88,464452.34,41917.207,48359.19,7397.072,301029.66,91368.195,11594.018,13242.163,6663.557,5435.3726,10942.593,152782.34,203057.34,14024.61,85221.164,5647.7725,17762.238,12756.244,17279.035,677179.1,5104.2607,159077.92,6727.7593,47492.344,15119.647,54005.06,4231.3535,4717.137,10809.724,13635.573,10124.127,10670.598,6727190.0,122060.03,490828.12,8174.6377,50120.51,3716.5867,382936.88,15188.733,1154210.6,81144.875,31895.352,23668.584,15521.167,188461.47,30049.73
copd_478,copd,55304.285,55672.973,101615.21,1833.2255,188273.56,6893.2485,4553.9604,10982.094,16527.982,22601.783,11099.8545,484440.34,116990.22,5536.255,730359.25,97891.65,66992.54,7551.0044,4140.7617,6230.7974,45573.785,417750.56,605285.1,11313.856,3120.2,24826.781,11751.938,28444.572,2618145.0,12633.509,19900.037,248750.72,7831.498,9276.7295,1941.7297,381602.2,32832.582,8365.126,4267.9624,1934.1483,785.7958,2234.1567,81677.484,53278.02,8559.954,48269.664,4218.634,4488.6226,4906.28,10620.987,309028.62,7115.21,48382.67,11501.491,8759.838,9080.673,88567.96,3350.5493,2254.0603,4224.4043,2738.734,2299.4072,1372.2756,5217645.5,324.25992,71530.53,4474.7847,5291.9194,2589.5322,52092.58,5570.8403,1038485.9,37235.203,6718.7363,2788.456,2888.4365,145578.31,16402.668
copd_479,copd,295295.6,325981.56,339209.12,15910.191,436450.72,9552.24,22895.541,34526.438,22353.053,41518.156,45729.13,1051926.4,24731.545,23608.615,1409692.9,198607.34,82374.17,19063.408,20733.42,15645.341,84322.17,920890.1,605700.3,58885.152,5518.9766,81866.836,31455.334,36318.727,4493981.0,9095.7295,101379.125,503410.28,46928.38,36298.85,11869.313,245560.7,88430.98,30637.197,11558.068,2708.6233,14022.885,30414.457,272906.62,219381.61,29497.992,110089.016,9434.856,24473.656,10183.386,39834.74,1012198.0,23653.578,85665.18,5620.8853,53477.83,10011.884,80475.39,10426.96,5233.1045,9993.147,17653.596,11746.347,32360.59,7767251.0,695916.06,343580.28,15725.48,24096.67,12296.49,331928.84,19104.123,1547152.5,255054.61,17918.674,46434.348,21483.893,159026.64,34110.84
copd_480,copd,97600.9,87981.85,239567.3,4573.943,365660.9,3942.0989,20911.572,17682.764,4637.5396,29739.678,17219.744,355679.75,18252.008,15514.448,457016.25,63450.92,60977.94,7783.0215,8553.6045,6445.691,50060.56,317412.34,418371.75,39571.805,3765.4084,32908.918,13733.066,18388.326,2441727.2,5798.646,50602.387,246252.75,22209.615,19631.209,2664.66,84477.28,55600.863,17868.312,4897.6064,3728.8206,2664.7896,7734.4683,112882.266,68611.92,11082.168,46240.523,5188.422,9757.929,5213.6587,11478.336,495117.16,5118.1753,27086.564,10669.274,13819.376,9091.73,73828.71,5623.7754,3076.2444,5460.3306,5195.925,1881.0364,1815.8966,2198528.2,84002.805,127771.68,5714.451,7954.0684,3799.763,115196.21,9218.631,342531.1,262223.28,7050.2217,4388.914,1970.2365,131485.1,12675.401
copd_481,copd,114297.125,141548.39,63325.664,12950.47,105006.96,19003.957,244191.5,27870.373,4529.6475,60580.77,23478.184,220989.25,42905.66,58791.555,1225764.8,199014.22,56397.184,23746.771,10399.319,8875.196,48474.953,661320.06,439534.6,76754.82,10990.603,55039.047,16430.977,37703.14,1498886.8,9356.106,220531.12,564172.06,42664.184,91242.89,10648.444,150575.12,126805.16,18679.68,20770.648,3440.3252,2753.6765,2406.2632,192943.78,220923.08,8582.125,86275.75,5389.446,8191.535,30721.053,13144.368,863685.7,2890.5466,47503.082,4484.8994,46210.81,27732.947,62083.996,2948.5068,10983.8955,13410.529,7834.001,29408.752,11138.531,4355412.5,679386.9,580720.75,5418.957,77663.74,1359.9426,522502.8,19558.625,1481390.2,24342.809,55772.188,36741.492,12330.3955,198322.3,29265.777
copd_482,copd,145667.62,133862.89,281155.88,6233.859,395324.78,4895.411,41859.242,29871.29,4735.3057,21592.969,26282.879,530476.5,5674.577,7553.396,627202.1,80156.984,69200.99,11715.959,12625.667,7798.2393,58964.11,470850.84,349576.5,31229.268,3742.7188,44889.344,20309.453,25471.514,3106705.8,2561.1445,33062.277,243689.0,24403.176,11316.382,6547.2305,110933.414,36827.83,12250.043,5723.1025,3214.3706,3206.267,5977.2363,177819.11,101699.164,9776.411,50686.38,7628.098,10100.584,6740.895,19128.023,500719.4,10906.198,37047.047,8401.379,19454.943,7848.1733,60620.066,6512.812,2010.1261,7423.2793,8153.5044,9419.661,7281.7637,2652875.0,60872.656,60740.902,8271.625,9599.449,5312.0425,70182.66,9846.68,545543.4,223254.36,9325.557,7459.2563,7963.5723,120384.79,17173.133
copd_483,copd,65161.32,62694.402,166174.02,3638.8838,309327.3,3236.6821,4002.1926,24427.555,2441.3884,17920.398,13227.495,311730.8,52952.105,6644.1304,171269.53,57150.27,55292.26,8208.107,5124.2812,5268.9116,53889.863,362720.53,530139.2,17975.123,4343.1523,50559.934,23301.066,16473.547,1659053.2,2720.976,32826.82,186221.4,15108.75,11110.849,2649.5225,57218.82,37997.445,7504.6074,4575.767,1638.8053,2579.4673,3463.914,181123.05,65537.81,5613.5605,47881.367,6559.0312,6623.2563,5253.9614,14278.235,410720.5,6380.2964,28942.0,5820.1626,15368.283,9322.089,92476.71,4618.495,2062.61,8284.542,8807.288,3239.9907,3282.5508,3806971.0,21012.05,24711.127,5167.825,6316.2817,4467.8364,89000.55,6681.1284,421768.5,55007.98,7950.2305,4757.313,4453.1704,127083.97,14077.129
copd_484,copd,281667.4,207134.0,240153.58,11610.837,690826.44,12894.146,564635.5,23259.436,44712.33,35686.18,29387.555,624010.75,6369.1567,35689.926,1364853.4,112917.47,116192.31,16097.548,28509.102,14554.606,82418.09,660541.0,198005.75,66174.164,5917.604,85576.016,21931.078,67573.95,2523679.8,20880.543,174632.39,485786.62,48898.363,64834.707,10994.072,298510.44,103334.11,20239.455,17066.367,5684.22,18146.234,2876.495,165674.3,223142.39,52602.39,111870.36,6866.8745,14305.197,17208.27,17173.477,809941.25,4681.8984,119461.16,1203.9679,39233.117,16034.999,23231.68,2749.214,5301.671,15634.959,12018.701,21725.295,41700.02,8072266.5,143721.67,525022.3,9989.755,38669.26,5131.0015,275219.72,14492.066,1862696.5,40584.26,37161.7,46181.156,25813.248,210017.83,30888.188
copd_485,copd,504435.38,333249.9,323284.38,19676.139,679371.3,14549.54,46542.793,42384.84,42439.77,29266.922,42244.203,1158948.0,94034.664,12905.256,1490121.4,120166.85,137385.33,21607.965,15395.57,9987.411,58252.027,606049.3,787923.06,29204.717,5567.8545,113098.53,44843.773,34187.473,5226370.5,16324.838,87376.46,447629.97,49791.395,24793.94,17005.91,317759.44,81440.875,70826.6,15297.637,1768.8914,9091.35,39335.96,219209.06,213343.45,33776.15,122564.18,17494.436,18146.459,7082.2563,62477.2,941263.2,23630.105,106437.34,16782.29,41857.684,10235.178,101273.6,7042.8086,6987.7397,11451.4795,7966.733,29016.346,50740.5,8305197.0,1101602.2,94398.92,18355.963,12038.124,15643.192,22672.9,19231.504,1847152.4,325709.66,14340.522,37159.254,23091.963,187503.42,19666.025
copd_486,copd,243294.23,137815.88,289668.0,9729.139,272884.5,7594.5874,82706.67,32233.225,14424.815,25783.379,31796.248,674595.6,16948.43,6666.1187,491067.38,89363.12,127643.914,11193.109,10236.457,6033.463,56179.664,277493.38,166791.78,24508.225,5303.0415,45843.184,21604.215,36009.598,2585309.2,4456.0684,39640.55,277141.9,37603.094,19643.008,6915.0786,147627.94,47426.76,8138.408,7828.2495,2818.468,10151.598,8400.057,180054.4,143600.42,13289.063,77473.914,7124.133,7407.761,7351.8726,23026.383,492102.97,8427.808,85797.47,4449.9814,22688.041,8528.692,40812.723,5197.3027,3424.399,10144.551,14830.682,13593.127,27073.342,5820670.5,856114.9,41826.56,11977.369,17657.502,3401.7542,50472.207,12071.766,228855.81,143437.0,17265.56,23894.916,19131.418,93833.55,15572.277
copd_487,copd,397207.16,178705.69,296758.56,5756.8174,577340.7,22151.547,48013.703,25650.885,13937.604,51780.234,42534.383,890876.9,79164.58,33362.39,1492468.0,160698.8,216596.52,13703.065,24999.35,8708.638,79845.16,307478.8,862821.25,43229.65,5421.7695,74197.02,17757.547,56078.6,6157834.5,29326.492,113098.85,447921.22,27923.824,27620.291,7201.257,297290.53,68985.78,11199.378,6708.798,13196.648,13327.854,4669.2812,100076.24,108662.59,113373.37,105588.39,12332.548,4133.993,5098.9033,24304.416,976535.25,15145.481,127870.17,22846.725,16336.582,8569.201,90483.8,11175.392,2725.5903,6365.786,5705.7856,12631.798,16293.014,5893367.5,57680.86,171552.83,14669.719,6427.7573,12476.86,62463.438,8095.325,1164788.5,406848.94,8324.844,3368.387,16473.027,77943.625,25883.383
copd_488,copd,331107.12,215106.77,93072.25,6310.1514,488851.16,11320.505,423578.78,32733.533,13170.256,24816.674,24978.354,912027.75,2534.452,31614.854,1036059.3,174755.34,54068.5,15476.556,9898.128,10296.166,79321.77,818175.9,39050.168,44620.785,7186.703,94245.375,36669.03,39573.805,2918082.0,13779.563,61826.44,375294.6,48637.91,22127.18,6700.4463,235172.36,76122.06,28967.82,11255.865,2354.6729,10700.591,5362.2944,180108.5,186030.06,33907.703,90878.07,15596.355,13209.8955,4979.847,39824.598,897219.56,10479.171,106932.53,7362.953,26605.084,16148.554,29443.578,3853.9358,4442.686,9386.559,7159.48,28587.568,16529.574,8260299.0,183655.94,107650.625,8264.512,8269.4795,11209.209,91992.21,10468.033,1886730.4,56891.746,15804.598,69545.02,19464.967,191153.48,22469.861
copd_489,copd,259621.47,138584.53,178826.89,11853.147,293511.34,13392.941,110162.42,45805.688,13899.2,34127.273,31357.42,624702.06,4622.1885,8353.413,1082576.6,97688.62,167633.77,17400.418,12731.219,6273.376,51997.87,557716.25,147338.9,23751.05,5455.0312,45920.285,19743.453,36124.414,1957581.4,3962.125,18454.264,271247.03,41801.234,18975.143,9150.26,326291.34,69258.04,13117.905,9200.01,1768.062,5799.4146,29751.168,210272.34,149381.39,12069.578,68940.2,6993.301,17096.914,7555.9033,25928.844,474200.4,7444.806,99691.22,3755.515,23998.809,9584.638,26492.992,5241.9673,4985.018,8158.3975,9964.281,16575.197,29039.352,6057899.0,433333.1,104027.445,10837.503,15712.107,5444.536,45054.938,14236.028,545245.9,115973.01,17478.992,19997.143,16399.32,118322.55,18453.277
copd_490,copd,47840.016,94988.0,99514.44,2252.4395,494062.0,3814.9517,5797.794,23675.176,1758.5613,23004.365,17183.799,180773.42,6124.3433,28059.09,280593.1,136415.14,32416.375,12750.053,6636.612,7123.603,41519.62,619172.4,579743.0,38213.89,3929.5964,33720.984,16239.632,15385.178,2006220.4,2902.7983,37042.453,240137.78,16449.4,19831.111,2578.0808,68244.58,46318.203,24631.738,5039.9873,2750.783,1637.607,3761.1006,124263.12,64189.875,16548.377,40224.9,5441.0005,9034.403,4739.205,11157.638,675824.25,6047.9077,22023.975,11330.107,14221.982,14391.931,78707.63,7027.804,2040.2037,4688.8394,3712.9756,4134.1704,825.375,1507265.2,5275.243,180932.45,3828.4404,5245.854,6375.6665,318479.38,6306.8423,821574.75,107155.38,5890.1626,3007.9802,1610.682,195882.25,17356.018
copd_491,copd,234704.53,108406.414,299285.78,8523.163,316505.22,5154.425,269481.6,34478.957,11312.993,19817.914,30613.947,668537.0,1191.6743,6530.7583,627406.75,46834.797,100176.414,7744.8403,8779.326,5930.787,62250.54,277860.7,66927.27,17947.305,4436.85,36106.645,18614.98,26303.87,2172485.8,3771.0305,23265.293,220195.3,35223.55,15546.323,7214.2983,122984.875,46323.855,18642.715,6937.0903,1833.3059,10982.617,9403.719,164701.83,128745.81,8216.873,70802.695,6380.6187,10385.295,5441.966,23247.637,419794.16,10055.494,55979.16,3995.3152,17456.584,9194.8955,18462.043,6220.969,3197.1528,10517.029,10308.626,11537.23,11443.826,3295431.8,2362458.5,67621.08,11510.457,12690.05,4633.6484,75417.38,11839.499,282289.94,265252.3,14804.24,11346.924,11060.774,143312.3,15232.603
copd_492,copd,16876.217,69352.484,266319.94,5729.886,499203.2,2574.0762,8810.733,61425.03,5969.055,42473.54,23776.662,287779.7,40.784008,51173.887,258890.11,150527.45,3088.7422,15166.239,17284.227,4007.5525,25972.824,190966.72,17195.586,64414.074,5089.185,48866.71,22736.562,24302.816,1291683.6,3275.0188,125222.92,182318.14,23808.77,35105.707,12227.421,50277.73,71937.17,35002.035,7637.315,3002.891,19812.736,35994.285,96580.62,174478.56,14410.445,68075.766,10548.513,25629.855,4063.9775,23936.496,1094595.2,8092.0054,36344.715,6382.9624,23625.193,14799.2,197.6157,12592.271,4577.6006,9672.551,5201.196,2907.4128,5316.1787,10768.912,545061.8,365262.88,6662.095,9792.798,11829.262,541548.9,14219.297,456116.25,236103.16,9379.086,3914.8289,3664.0713,111968.555,19682.988
copd_493,copd,230528.7,240025.81,336133.75,14344.845,429290.53,11239.677,23008.031,51685.85,19130.195,50512.316,44155.13,1048119.1,4366.806,20719.287,1573104.6,248649.67,55349.03,22235.28,35769.797,6757.156,74673.21,570344.06,241614.17,58337.812,4543.881,93953.36,28327.89,63423.273,5071846.5,10431.456,112282.83,485807.03,41250.445,18860.557,13834.977,276330.1,65994.23,32004.559,8712.294,9085.42,16104.351,25640.834,186364.95,179409.39,81549.45,104205.18,14467.443,14346.117,9469.096,31041.543,1123718.4,20384.59,117625.44,14011.308,37587.246,9429.09,24445.312,20102.773,2738.8057,13112.989,16260.1045,15439.728,29611.049,6908132.0,46221.87,215118.05,14449.489,17758.885,14073.45,188519.7,15656.387,1516069.4,359052.75,11651.527,17667.879,16976.545,148321.12,27752.262
copd_494,copd,128958.77,72126.22,195133.28,5665.216,378147.53,5963.074,9714.803,36284.35,1718.2396,19067.607,28753.98,458723.16,114628.21,6067.7383,276114.34,68478.57,98884.47,11473.312,14036.654,8773.124,50108.37,673289.0,742882.4,27107.057,4490.2715,93188.77,34968.97,17834.943,2294094.5,1152.9446,53214.29,260790.27,26185.602,10975.162,7437.567,46137.137,45953.36,7954.053,5375.4404,2811.829,5129.0835,9379.443,167599.56,112423.945,10218.216,87168.63,8567.346,14706.042,7320.2104,16915.842,456530.53,14108.163,27990.268,4432.4087,21916.525,7642.1387,97512.695,10112.769,2588.948,16817.762,21658.885,11873.469,10262.46,5439024.5,400069.06,28885.361,8552.381,11009.477,8192.52,59043.562,10691.92,385534.88,72463.164,8611.545,6584.637,10774.809,68178.68,17285.545
copd_495,copd,109428.516,166338.42,106975.68,7925.473,246994.58,9169.883,28992.143,41988.586,3848.282,59926.496,27699.193,409980.06,8326.408,50100.676,689856.0,110379.375,107382.8,19876.309,9177.259,6403.5063,83313.875,568971.75,339336.28,71593.73,6372.2437,46673.297,17517.176,90608.92,1984188.2,3331.299,185516.97,484076.9,46857.94,82440.89,6861.755,182973.6,121396.34,11032.622,16597.691,1121.4978,15999.833,2373.666,260020.16,186421.12,17276.25,102837.445,5288.72,4696.207,13436.031,16966.396,828208.8,2233.8296,275686.25,1694.081,37430.492,20721.006,74866.805,1666.0444,15899.679,13720.21,7212.248,19802.742,12365.608,7315986.0,1516112.8,786010.75,10890.835,59301.004,4624.998,457808.0,16882.736,860024.0,16367.68,56684.914,60266.363,20379.479,89484.99,19489.914
copd_496,copd,195869.73,176805.7,185061.42,4460.227,647593.25,9912.47,27764.758,19729.072,13612.418,65453.8,30071.434,655727.56,7588.4907,25305.121,939024.4,35492.41,90167.14,5387.0664,2895.889,5936.0107,67594.19,156836.88,206118.39,38101.918,3505.6067,22305.05,9324.979,19103.158,3154425.8,9548.187,100512.98,326749.4,19721.96,42272.855,2035.8391,225794.7,75823.336,26852.709,3461.0732,11815.505,10238.342,4045.906,113390.02,88102.51,26616.049,22173.846,5689.113,3931.6924,3568.5366,17956.275,746157.75,13944.478,57274.344,6328.813,16782.225,8764.635,69711.37,7086.385,4382.325,3758.6152,4204.272,3177.4136,672.8774,1531221.8,351015.7,207993.11,11867.378,3446.948,6168.2827,104285.414,9546.939,15209.637,271383.66,5088.5347,7355.976,1178.0024,94940.91,10796.545
copd_497,copd,589514.9,30866.277,28686.463,1060.3552,102248.73,22168.623,1593254.6,12646.505,304926.28,14573.678,3385.6252,205334.19,42198.54,36617.832,1612888.9,327931.3,11893.62,12572.1,10188.603,2470.8843,78151.81,486297.9,1135.2007,17578.193,4193.654,192711.89,48008.39,16710.162,246029.52,18761.059,13773.454,91150.79,47565.688,6208.0415,3264.286,310701.22,18711.186,62215.164,7313.797,22452.424,1100.2382,16049.029,51645.152,87033.07,13808.27,76778.39,25306.594,4975.218,1717.0432,8431.434,546068.56,2437.87,41171.957,9091.263,5337.6313,20099.879,88.46043,5898.804,1501.8259,20681.047,1755.123,12100.549,1769.923,8312931.0,2786.7366,45877.387,1561.4242,6128.7314,12992.831,112047.28,4938.1455,2060142.5,58922.17,7511.5107,58912.395,3516.9717,195076.16,15511.873
copd_498,copd,177915.62,32704.639,204436.16,5315.9355,211031.72,3720.737,398307.22,19906.207,2062.1653,19020.947,16572.557,202924.73,2771.8499,11401.143,336435.22,35204.645,61366.83,7806.5225,5149.383,4568.5576,38031.703,159728.4,100674.914,22019.312,3893.0286,21737.854,10174.279,14798.523,1546506.4,5815.2124,37966.797,151116.61,25757.057,19861.547,3821.3,50775.594,39751.855,11646.483,7390.703,1722.3336,5748.735,1292.9519,92324.34,107346.555,2967.514,40047.062,3535.24,3785.7468,5130.8794,10190.887,279584.2,2401.6475,20695.766,4499.065,13239.473,9477.228,15003.223,2559.1943,2852.6567,10301.608,5088.0005,8682.265,1220.6211,1051196.2,1116383.4,76582.12,3590.9824,40831.523,878.4719,194315.06,11358.672,411156.28,213454.97,39509.96,8083.713,2168.14,117248.91,10503.957
copd_499,copd,334783.06,186049.92,254237.9,16842.867,449874.66,14032.731,230870.39,41932.4,18123.871,36478.93,33244.684,827918.2,3590.1946,22726.547,1083764.6,127240.77,89582.67,20615.705,14888.263,11071.054,71313.45,817633.0,105913.945,43685.418,9103.384,88784.625,33375.027,42192.586,3463005.5,8537.76,47001.926,401123.5,48031.703,35562.273,10811.105,245609.42,96399.8,34424.51,15211.088,3053.8027,6246.984,15828.386,240792.28,212019.98,12891.6875,99853.445,8022.8857,17527.385,11653.05,36935.04,731381.06,11588.323,117933.44,2670.4905,30773.043,13026.767,42417.312,5327.8545,8054.782,14614.99,11247.108,18753.01,31572.639,7783839.5,725562.06,178284.38,15573.242,24579.432,7001.7236,145497.95,19094.05,1354336.6,223007.1,29548.252,39286.06,20671.758,127591.22,29449.28
copd_500,copd,417624.7,43161.594,90389.27,1725.5193,319833.84,23582.58,1928447.1,10133.188,12403.099,17321.654,9018.459,446020.06,155056.08,25000.686,1290952.1,85974.64,55559.625,12159.006,25631.225,2481.6538,94017.53,364643.72,37779.953,27362.354,4708.3716,193071.16,52129.004,14670.376,2003534.0,162417.94,49752.047,308129.0,48157.93,8963.046,10319.477,412775.75,27959.078,145961.17,11247.978,136303.05,1443.3167,1280.1664,50110.617,111448.77,20887.295,91516.54,22346.486,7159.7188,3107.9546,16258.926,539993.94,4203.8633,45560.14,15325.559,4906.739,15610.047,3280.178,9258.98,5177.1255,29039.988,1534.3878,26127.08,17764.932,8312820.0,3395153.8,18043.26,2369.9922,5855.4097,15035.897,20322.842,5093.206,2047813.8,53433.883,9901.084,26288.32,6476.622,63237.37,9490.018
